{
  "metadata": {
    "version": "1.0.0",
    "parser": "ExtractorOCR",
    "extraction_date": "2025-11-18T14:17:16.200089",
    "type": "structured",
    "email": "mariadelosangeles.abanto@newmont.com",
    "year": 2025,
    "month": "Octubre",
    "request_id": "5ce58b2f-27ec-40f9-8ef1-c192a2b7d2fc",
    "processed_at": "2025-11-18T14:17:19.262406",
    "api_version": "1.0.0",
    "periodo_id": "string"
  },
  "hoja": {
    "tJson": "YANACOCHA WATER TREATMENT\nStage 4\nOFFSHORE 26442 - EDP\nStage 4 July 2025 - Rev 0\nNewmont\nYANACOCHA\nServices\nI. PROFESSIONAL SERVICES (NON-MANUAL)\nSchedule D - Staff Loading Table (Non-Manual Labor Costs)\nTotal Agreement\nPREVIOUS CUMULATIVE\nCURRENT\nCUMULATIVE\nHours US Dollars Hours US Dollars Hours US Dollars Hours US Dollars\n26442007 LOCALS IN SANTIAGO Hr 264,989 $ 20,750,402.56 Hr 100,661 $ 7,793,595.26 Hr 32,490 $ 2,263,500 Hr 133,151 $ 10,057,095.03\n26442016 LOCALS IN US Hr 29,388 $ 4,477,567.98 Hr 12,487 $ 1,623,067.36 Hr 2,117 $ 294,825 Hr 14,604 $ 1,917,892.47\n26442022- NEW DELHI Hr 24,424 $ 1,801,679.24 Hr 6,253 $ 454,847.06 Hr 1,204 $ 87,474 Hr 7,457 $ 542.320.62\n26442008 EXPATRIATES IN SANTIAGO Hr 4,680 $ 974,332.92 Hr 1,100 $ 353,072.33 Hr 160 $ 42,465 Hr 1,259 $ 395,537.16\nSchedule D - Total 323,481 Hr $ 28,003,982.69 120,500 Hr $ 10,224,582.01 35,970 Hr $ 2,688,263.27 156,470 Hr $ 12,912,845.28\nSchedule G Reimbursable Costs\nBusiness Trips | Others $ 735,550.00 $ 211,240.34 $ 51.521.86 $ 262,762.20\nBSQE $ 3,033,600.00 $ 286,682.50 $ 91,310.41 $ 377,992.91\nTEQ(*) and Assignment Conditions $ 281,041.67 $ - $ - $ -\nClose-Out Stage $ 174,015.19 $ - $ - $ -\n(*) TEQ Concept included in Labor Cost (26442008)\nSchedule G - Total $ 4,224,206.85 $ 497,922.84 $ 142,832.27 $ 640,755.11\nSchedule F - Third Party Costs\nThird Party Services $ 169,701.00 $ 44,682.50 $ - $ 44,682.50\nSchedule F - Total $ 169,701.00 $ 44,682.50 $ - $ 44,682.50\nTOTAL PROFESSIONAL SERVICES (NON-MANUAL) 323,481 Hr $ 32,397,890.54 120,500 Hr $ 10,767,187.35 35,970 Hr $ 2,831,095.54 156,470 Hr $ 13,598,282.89\nII. CONTRACTOR FEE\nSchedule E: Contractor Fee\na) Fixed Fee $ 1,658,809.00 $ 288,488.00 $ 72,122.00 $ 360,610.00\nb) Variable Fee $ - $ - $ - $ -\nSchedule E - Total $ 1,658,809.00 $ 288,488.00 $ 72,122.00 $ 360,610.00\nTotal EDP Hr 323,481 $ 34,056,699.54 Hr 120,500 $ 11,055,675.35 Hr 35,970 $ 2,903,217.54 Hr 156,470 $ 13,958,892.89",
    "tJsonTraducido": null,
    "lFormato": false,
    "iMIdioma": 2,
    "iMDocumentoTipo": 3,
    "tSequentialNumber": "BS2644200"
  },
  "additional_data": {
    "midioma": [
      {
        "iMIdioma": 2,
        "tIdioma": "Inglés"
      }
    ],
    "mdocumento_tipo": [
      {
        "iMDocumentoTipo": 3,
        "tTipo": "Jornada"
      }
    ],
    "mdivisa": [
      {
        "tDivisa": "USD"
      }
    ],
    "mnaturaleza": [
      {
        "tNaturaleza": "Otro"
      }
    ],
    "mproveedor": [
      {
        "tRazonSocial": "YANACOCHA WATER TREATMENT"
      }
    ],
    "mcomprobante_detalle": [
      {
        "nCantidad": 1.0,
        "tDescripcion": "Total EDP Hr 323,481",
        "nPrecioUnitario": 34056699.54,
        "nPrecioTotal": 34056699.54,
        "_currency": "$",
        "_source_line": 36,
        "_auto_extracted": true
      },
      {
        "nCantidad": 1.0,
        "tDescripcion": "Total EDP Hr 323,481 $",
        "nPrecioUnitario": 34056699.54,
        "nPrecioTotal": 34056699.54,
        "_currency": "USD",
        "_source_line": 36,
        "_auto_extracted": true
      },
      {
        "nCantidad": 1.0,
        "tDescripcion": "TOTAL PROFESSIONAL SERVICES (NON-MANUAL) 323,481 Hr",
        "nPrecioUnitario": 32397890.54,
        "nPrecioTotal": 32397890.54,
        "_currency": "$",
        "_source_line": 30,
        "_auto_extracted": true
      },
      {
        "nCantidad": 1.0,
        "tDescripcion": "TOTAL PROFESSIONAL SERVICES (NON-MANUAL) 323,481 Hr $",
        "nPrecioUnitario": 32397890.54,
        "nPrecioTotal": 32397890.54,
        "_currency": "USD",
        "_source_line": 30,
        "_auto_extracted": true
      },
      {
        "nCantidad": 1.0,
        "tDescripcion": "Schedule D - Total 323,481 Hr",
        "nPrecioUnitario": 28003982.69,
        "nPrecioTotal": 28003982.69,
        "_currency": "$",
        "_source_line": 19,
        "_auto_extracted": true
      },
      {
        "nCantidad": 1.0,
        "tDescripcion": "Schedule D - Total 323,481 Hr $",
        "nPrecioUnitario": 28003982.69,
        "nPrecioTotal": 28003982.69,
        "_currency": "USD",
        "_source_line": 19,
        "_auto_extracted": true
      },
      {
        "nCantidad": 1.0,
        "tDescripcion": "26442007 LOCALS IN SANTIAGO Hr 264,989",
        "nPrecioUnitario": 20750402.56,
        "nPrecioTotal": 20750402.56,
        "_currency": "$",
        "_source_line": 15,
        "_auto_extracted": true
      },
      {
        "nCantidad": 1.0,
        "tDescripcion": "26442007 LOCALS IN SANTIAGO Hr 264,989 $",
        "nPrecioUnitario": 20750402.56,
        "nPrecioTotal": 20750402.56,
        "_currency": "USD",
        "_source_line": 15,
        "_auto_extracted": true
      },
      {
        "nCantidad": 1.0,
        "tDescripcion": "Total EDP Hr 323,481  Hr 120,500  Hr 35,970  Hr 156,470",
        "nPrecioUnitario": 13958892.89,
        "nPrecioTotal": 13958892.89,
        "_currency": "$",
        "_source_line": 36,
        "_auto_extracted": true
      },
      {
        "nCantidad": 1.0,
        "tDescripcion": "Total EDP Hr 323,481  Hr 120,500  Hr 35,970  Hr 156,470 $",
        "nPrecioUnitario": 13958892.89,
        "nPrecioTotal": 13958892.89,
        "_currency": "USD",
        "_source_line": 36,
        "_auto_extracted": true
      },
      {
        "nCantidad": 1.0,
        "tDescripcion": "TOTAL PROFESSIONAL SERVICES (NON-MANUAL) 323,481 Hr  120,500 Hr  35,970 Hr  156,470 Hr",
        "nPrecioUnitario": 13598282.89,
        "nPrecioTotal": 13598282.89,
        "_currency": "$",
        "_source_line": 30,
        "_auto_extracted": true
      },
      {
        "nCantidad": 1.0,
        "tDescripcion": "TOTAL PROFESSIONAL SERVICES (NON-MANUAL) 323,481 Hr  120,500 Hr  35,970 Hr  156,470 Hr $",
        "nPrecioUnitario": 13598282.89,
        "nPrecioTotal": 13598282.89,
        "_currency": "USD",
        "_source_line": 30,
        "_auto_extracted": true
      },
      {
        "nCantidad": 1.0,
        "tDescripcion": "Schedule D - Total 323,481 Hr  120,500 Hr  35,970 Hr  156,470 Hr",
        "nPrecioUnitario": 12912845.28,
        "nPrecioTotal": 12912845.28,
        "_currency": "$",
        "_source_line": 19,
        "_auto_extracted": true
      },
      {
        "nCantidad": 1.0,
        "tDescripcion": "Schedule D - Total 323,481 Hr  120,500 Hr  35,970 Hr  156,470 Hr $",
        "nPrecioUnitario": 12912845.28,
        "nPrecioTotal": 12912845.28,
        "_currency": "USD",
        "_source_line": 19,
        "_auto_extracted": true
      },
      {
        "nCantidad": 1.0,
        "tDescripcion": "Total EDP Hr 323,481  Hr 120,500",
        "nPrecioUnitario": 11055675.35,
        "nPrecioTotal": 11055675.35,
        "_currency": "$",
        "_source_line": 36,
        "_auto_extracted": true
      },
      {
        "nCantidad": 1.0,
        "tDescripcion": "Total EDP Hr 323,481  Hr 120,500 $",
        "nPrecioUnitario": 11055675.35,
        "nPrecioTotal": 11055675.35,
        "_currency": "USD",
        "_source_line": 36,
        "_auto_extracted": true
      },
      {
        "nCantidad": 1.0,
        "tDescripcion": "TOTAL PROFESSIONAL SERVICES (NON-MANUAL) 323,481 Hr  120,500 Hr",
        "nPrecioUnitario": 10767187.35,
        "nPrecioTotal": 10767187.35,
        "_currency": "$",
        "_source_line": 30,
        "_auto_extracted": true
      },
      {
        "nCantidad": 1.0,
        "tDescripcion": "TOTAL PROFESSIONAL SERVICES (NON-MANUAL) 323,481 Hr  120,500 Hr $",
        "nPrecioUnitario": 10767187.35,
        "nPrecioTotal": 10767187.35,
        "_currency": "USD",
        "_source_line": 30,
        "_auto_extracted": true
      },
      {
        "nCantidad": 1.0,
        "tDescripcion": "Schedule D - Total 323,481 Hr  120,500 Hr",
        "nPrecioUnitario": 10224582.01,
        "nPrecioTotal": 10224582.01,
        "_currency": "$",
        "_source_line": 19,
        "_auto_extracted": true
      },
      {
        "nCantidad": 1.0,
        "tDescripcion": "Schedule D - Total 323,481 Hr  120,500 Hr $",
        "nPrecioUnitario": 10224582.01,
        "nPrecioTotal": 10224582.01,
        "_currency": "USD",
        "_source_line": 19,
        "_auto_extracted": true
      },
      {
        "nCantidad": 1.0,
        "tDescripcion": "26442007 LOCALS IN SANTIAGO Hr 264,989  Hr 100,661  Hr 32,490 ,263,500 Hr 133,151",
        "nPrecioUnitario": 10057095.03,
        "nPrecioTotal": 10057095.03,
        "_currency": "$",
        "_source_line": 15,
        "_auto_extracted": true
      },
      {
        "nCantidad": 1.0,
        "tDescripcion": "26442007 LOCALS IN SANTIAGO Hr 264,989  Hr 100,661  Hr 32,490 ,263,500 Hr 133,151 $",
        "nPrecioUnitario": 10057095.03,
        "nPrecioTotal": 10057095.03,
        "_currency": "USD",
        "_source_line": 15,
        "_auto_extracted": true
      },
      {
        "nCantidad": 1.0,
        "tDescripcion": "26442007 LOCALS IN SANTIAGO Hr 264,989  Hr 100,661",
        "nPrecioUnitario": 7793595.26,
        "nPrecioTotal": 7793595.26,
        "_currency": "$",
        "_source_line": 15,
        "_auto_extracted": true
      },
      {
        "nCantidad": 1.0,
        "tDescripcion": "26442007 LOCALS IN SANTIAGO Hr 264,989  Hr 100,661 $",
        "nPrecioUnitario": 7793595.26,
        "nPrecioTotal": 7793595.26,
        "_currency": "USD",
        "_source_line": 15,
        "_auto_extracted": true
      },
      {
        "nCantidad": 1.0,
        "tDescripcion": "26442016 LOCALS IN US Hr 29,388",
        "nPrecioUnitario": 4477567.98,
        "nPrecioTotal": 4477567.98,
        "_currency": "$",
        "_source_line": 16,
        "_auto_extracted": true
      },
      {
        "nCantidad": 1.0,
        "tDescripcion": "26442016 LOCALS IN US Hr 29,388 $",
        "nPrecioUnitario": 4477567.98,
        "nPrecioTotal": 4477567.98,
        "_currency": "USD",
        "_source_line": 16,
        "_auto_extracted": true
      },
      {
        "nCantidad": 1.0,
        "tDescripcion": "Schedule G - Total",
        "nPrecioUnitario": 4224206.85,
        "nPrecioTotal": 4224206.85,
        "_currency": "$",
        "_source_line": 26,
        "_auto_extracted": true
      },
      {
        "nCantidad": 1.0,
        "tDescripcion": "Schedule G - Total $",
        "nPrecioUnitario": 4224206.85,
        "nPrecioTotal": 4224206.85,
        "_currency": "USD",
        "_source_line": 26,
        "_auto_extracted": true
      },
      {
        "nCantidad": 1.0,
        "tDescripcion": "BSQE",
        "nPrecioUnitario": 3033600.0,
        "nPrecioTotal": 3033600.0,
        "_currency": "$",
        "_source_line": 22,
        "_auto_extracted": true
      },
      {
        "nCantidad": 1.0,
        "tDescripcion": "BSQE $",
        "nPrecioUnitario": 3033600.0,
        "nPrecioTotal": 3033600.0,
        "_currency": "USD",
        "_source_line": 22,
        "_auto_extracted": true
      },
      {
        "nCantidad": 1.0,
        "tDescripcion": "Total EDP Hr 323,481  Hr 120,500  Hr 35,970",
        "nPrecioUnitario": 2903217.54,
        "nPrecioTotal": 2903217.54,
        "_currency": "$",
        "_source_line": 36,
        "_auto_extracted": true
      },
      {
        "nCantidad": 1.0,
        "tDescripcion": "Total EDP Hr 323,481  Hr 120,500  Hr 35,970 $",
        "nPrecioUnitario": 2903217.54,
        "nPrecioTotal": 2903217.54,
        "_currency": "USD",
        "_source_line": 36,
        "_auto_extracted": true
      },
      {
        "nCantidad": 1.0,
        "tDescripcion": "TOTAL PROFESSIONAL SERVICES (NON-MANUAL) 323,481 Hr  120,500 Hr  35,970 Hr",
        "nPrecioUnitario": 2831095.54,
        "nPrecioTotal": 2831095.54,
        "_currency": "$",
        "_source_line": 30,
        "_auto_extracted": true
      },
      {
        "nCantidad": 1.0,
        "tDescripcion": "TOTAL PROFESSIONAL SERVICES (NON-MANUAL) 323,481 Hr  120,500 Hr  35,970 Hr $",
        "nPrecioUnitario": 2831095.54,
        "nPrecioTotal": 2831095.54,
        "_currency": "USD",
        "_source_line": 30,
        "_auto_extracted": true
      },
      {
        "nCantidad": 1.0,
        "tDescripcion": "Schedule D - Total 323,481 Hr  120,500 Hr  35,970 Hr",
        "nPrecioUnitario": 2688263.27,
        "nPrecioTotal": 2688263.27,
        "_currency": "$",
        "_source_line": 19,
        "_auto_extracted": true
      },
      {
        "nCantidad": 1.0,
        "tDescripcion": "Schedule D - Total 323,481 Hr  120,500 Hr  35,970 Hr $",
        "nPrecioUnitario": 2688263.27,
        "nPrecioTotal": 2688263.27,
        "_currency": "USD",
        "_source_line": 19,
        "_auto_extracted": true
      },
      {
        "nCantidad": 1.0,
        "tDescripcion": "26442016 LOCALS IN US Hr 29,388  Hr 12,487  Hr 2,117 ,825 Hr 14,604",
        "nPrecioUnitario": 1917892.47,
        "nPrecioTotal": 1917892.47,
        "_currency": "$",
        "_source_line": 16,
        "_auto_extracted": true
      },
      {
        "nCantidad": 1.0,
        "tDescripcion": "26442016 LOCALS IN US Hr 29,388  Hr 12,487  Hr 2,117 ,825 Hr 14,604 $",
        "nPrecioUnitario": 1917892.47,
        "nPrecioTotal": 1917892.47,
        "_currency": "USD",
        "_source_line": 16,
        "_auto_extracted": true
      },
      {
        "nCantidad": 1.0,
        "tDescripcion": "26442022- NEW DELHI Hr 24,424",
        "nPrecioUnitario": 1801679.24,
        "nPrecioTotal": 1801679.24,
        "_currency": "$",
        "_source_line": 17,
        "_auto_extracted": true
      },
      {
        "nCantidad": 1.0,
        "tDescripcion": "26442022- NEW DELHI Hr 24,424 $",
        "nPrecioUnitario": 1801679.24,
        "nPrecioTotal": 1801679.24,
        "_currency": "USD",
        "_source_line": 17,
        "_auto_extracted": true
      },
      {
        "nCantidad": 1.0,
        "tDescripcion": "a) Fixed Fee",
        "nPrecioUnitario": 1658809.0,
        "nPrecioTotal": 1658809.0,
        "_currency": "$",
        "_source_line": 33,
        "_auto_extracted": true
      },
      {
        "nCantidad": 1.0,
        "tDescripcion": "a) Fixed Fee $",
        "nPrecioUnitario": 1658809.0,
        "nPrecioTotal": 1658809.0,
        "_currency": "USD",
        "_source_line": 33,
        "_auto_extracted": true
      },
      {
        "nCantidad": 1.0,
        "tDescripcion": "26442016 LOCALS IN US Hr 29,388  Hr 12,487",
        "nPrecioUnitario": 1623067.36,
        "nPrecioTotal": 1623067.36,
        "_currency": "$",
        "_source_line": 16,
        "_auto_extracted": true
      },
      {
        "nCantidad": 1.0,
        "tDescripcion": "26442016 LOCALS IN US Hr 29,388  Hr 12,487 $",
        "nPrecioUnitario": 1623067.36,
        "nPrecioTotal": 1623067.36,
        "_currency": "USD",
        "_source_line": 16,
        "_auto_extracted": true
      },
      {
        "nCantidad": 1.0,
        "tDescripcion": "26442008 EXPATRIATES IN SANTIAGO Hr 4,680",
        "nPrecioUnitario": 974332.92,
        "nPrecioTotal": 974332.92,
        "_currency": "$",
        "_source_line": 18,
        "_auto_extracted": true
      },
      {
        "nCantidad": 1.0,
        "tDescripcion": "26442008 EXPATRIATES IN SANTIAGO Hr 4,680 $",
        "nPrecioUnitario": 974332.92,
        "nPrecioTotal": 974332.92,
        "_currency": "USD",
        "_source_line": 18,
        "_auto_extracted": true
      },
      {
        "nCantidad": 1.0,
        "tDescripcion": "Business Trips | Others",
        "nPrecioUnitario": 735550.0,
        "nPrecioTotal": 735550.0,
        "_currency": "$",
        "_source_line": 21,
        "_auto_extracted": true
      },
      {
        "nCantidad": 1.0,
        "tDescripcion": "Business Trips | Others $",
        "nPrecioUnitario": 735550.0,
        "nPrecioTotal": 735550.0,
        "_currency": "USD",
        "_source_line": 21,
        "_auto_extracted": true
      },
      {
        "nCantidad": 1.0,
        "tDescripcion": "Schedule G - Total",
        "nPrecioUnitario": 640755.11,
        "nPrecioTotal": 640755.11,
        "_currency": "$",
        "_source_line": 26,
        "_auto_extracted": true
      },
      {
        "nCantidad": 1.0,
        "tDescripcion": "Schedule G - Total    $",
        "nPrecioUnitario": 640755.11,
        "nPrecioTotal": 640755.11,
        "_currency": "USD",
        "_source_line": 26,
        "_auto_extracted": true
      },
      {
        "nCantidad": 1.0,
        "tDescripcion": "Schedule G - Total",
        "nPrecioUnitario": 497922.84,
        "nPrecioTotal": 497922.84,
        "_currency": "$",
        "_source_line": 26,
        "_auto_extracted": true
      },
      {
        "nCantidad": 1.0,
        "tDescripcion": "Schedule G - Total  $",
        "nPrecioUnitario": 497922.84,
        "nPrecioTotal": 497922.84,
        "_currency": "USD",
        "_source_line": 26,
        "_auto_extracted": true
      },
      {
        "nCantidad": 1.0,
        "tDescripcion": "26442022- NEW DELHI Hr 24,424  Hr 6,253",
        "nPrecioUnitario": 454847.06,
        "nPrecioTotal": 454847.06,
        "_currency": "$",
        "_source_line": 17,
        "_auto_extracted": true
      },
      {
        "nCantidad": 1.0,
        "tDescripcion": "26442022- NEW DELHI Hr 24,424  Hr 6,253 $",
        "nPrecioUnitario": 454847.06,
        "nPrecioTotal": 454847.06,
        "_currency": "USD",
        "_source_line": 17,
        "_auto_extracted": true
      },
      {
        "nCantidad": 1.0,
        "tDescripcion": "26442008 EXPATRIATES IN SANTIAGO Hr 4,680  Hr 1,100  Hr 160 ,465 Hr 1,259",
        "nPrecioUnitario": 395537.16,
        "nPrecioTotal": 395537.16,
        "_currency": "$",
        "_source_line": 18,
        "_auto_extracted": true
      },
      {
        "nCantidad": 1.0,
        "tDescripcion": "26442008 EXPATRIATES IN SANTIAGO Hr 4,680  Hr 1,100  Hr 160 ,465 Hr 1,259 $",
        "nPrecioUnitario": 395537.16,
        "nPrecioTotal": 395537.16,
        "_currency": "USD",
        "_source_line": 18,
        "_auto_extracted": true
      },
      {
        "nCantidad": 1.0,
        "tDescripcion": "BSQE",
        "nPrecioUnitario": 377992.91,
        "nPrecioTotal": 377992.91,
        "_currency": "$",
        "_source_line": 22,
        "_auto_extracted": true
      },
      {
        "nCantidad": 1.0,
        "tDescripcion": "BSQE    $",
        "nPrecioUnitario": 377992.91,
        "nPrecioTotal": 377992.91,
        "_currency": "USD",
        "_source_line": 22,
        "_auto_extracted": true
      },
      {
        "nCantidad": 1.0,
        "tDescripcion": "a) Fixed Fee",
        "nPrecioUnitario": 360610.0,
        "nPrecioTotal": 360610.0,
        "_currency": "$",
        "_source_line": 33,
        "_auto_extracted": true
      },
      {
        "nCantidad": 1.0,
        "tDescripcion": "a) Fixed Fee    $",
        "nPrecioUnitario": 360610.0,
        "nPrecioTotal": 360610.0,
        "_currency": "USD",
        "_source_line": 33,
        "_auto_extracted": true
      },
      {
        "nCantidad": 1.0,
        "tDescripcion": "26442008 EXPATRIATES IN SANTIAGO Hr 4,680  Hr 1,100",
        "nPrecioUnitario": 353072.33,
        "nPrecioTotal": 353072.33,
        "_currency": "$",
        "_source_line": 18,
        "_auto_extracted": true
      },
      {
        "nCantidad": 1.0,
        "tDescripcion": "26442008 EXPATRIATES IN SANTIAGO Hr 4,680  Hr 1,100 $",
        "nPrecioUnitario": 353072.33,
        "nPrecioTotal": 353072.33,
        "_currency": "USD",
        "_source_line": 18,
        "_auto_extracted": true
      },
      {
        "nCantidad": 1.0,
        "tDescripcion": "a) Fixed Fee",
        "nPrecioUnitario": 288488.0,
        "nPrecioTotal": 288488.0,
        "_currency": "$",
        "_source_line": 33,
        "_auto_extracted": true
      },
      {
        "nCantidad": 1.0,
        "tDescripcion": "a) Fixed Fee  $",
        "nPrecioUnitario": 288488.0,
        "nPrecioTotal": 288488.0,
        "_currency": "USD",
        "_source_line": 33,
        "_auto_extracted": true
      },
      {
        "nCantidad": 1.0,
        "tDescripcion": "BSQE",
        "nPrecioUnitario": 286682.5,
        "nPrecioTotal": 286682.5,
        "_currency": "$",
        "_source_line": 22,
        "_auto_extracted": true
      },
      {
        "nCantidad": 1.0,
        "tDescripcion": "BSQE  $",
        "nPrecioUnitario": 286682.5,
        "nPrecioTotal": 286682.5,
        "_currency": "USD",
        "_source_line": 22,
        "_auto_extracted": true
      },
      {
        "nCantidad": 1.0,
        "tDescripcion": "TEQ(*) and Assignment Conditions",
        "nPrecioUnitario": 281041.67,
        "nPrecioTotal": 281041.67,
        "_currency": "$",
        "_source_line": 23,
        "_auto_extracted": true
      },
      {
        "nCantidad": 1.0,
        "tDescripcion": "TEQ(*) and Assignment Conditions $",
        "nPrecioUnitario": 281041.67,
        "nPrecioTotal": 281041.67,
        "_currency": "USD",
        "_source_line": 23,
        "_auto_extracted": true
      },
      {
        "nCantidad": 1.0,
        "tDescripcion": "Business Trips | Others   1.86",
        "nPrecioUnitario": 262762.2,
        "nPrecioTotal": 262762.2,
        "_currency": "$",
        "_source_line": 21,
        "_auto_extracted": true
      },
      {
        "nCantidad": 1.0,
        "tDescripcion": "Business Trips | Others   1.86 $",
        "nPrecioUnitario": 262762.2,
        "nPrecioTotal": 262762.2,
        "_currency": "USD",
        "_source_line": 21,
        "_auto_extracted": true
      },
      {
        "nCantidad": 1.0,
        "tDescripcion": "Business Trips | Others",
        "nPrecioUnitario": 211240.34,
        "nPrecioTotal": 211240.34,
        "_currency": "$",
        "_source_line": 21,
        "_auto_extracted": true
      },
      {
        "nCantidad": 1.0,
        "tDescripcion": "Business Trips | Others  $",
        "nPrecioUnitario": 211240.34,
        "nPrecioTotal": 211240.34,
        "_currency": "USD",
        "_source_line": 21,
        "_auto_extracted": true
      },
      {
        "nCantidad": 1.0,
        "tDescripcion": "Close-Out Stage",
        "nPrecioUnitario": 174015.19,
        "nPrecioTotal": 174015.19,
        "_currency": "$",
        "_source_line": 24,
        "_auto_extracted": true
      },
      {
        "nCantidad": 1.0,
        "tDescripcion": "Close-Out Stage $",
        "nPrecioUnitario": 174015.19,
        "nPrecioTotal": 174015.19,
        "_currency": "USD",
        "_source_line": 24,
        "_auto_extracted": true
      },
      {
        "nCantidad": 1.0,
        "tDescripcion": "Third Party Services",
        "nPrecioUnitario": 169701.0,
        "nPrecioTotal": 169701.0,
        "_currency": "$",
        "_source_line": 28,
        "_auto_extracted": true
      },
      {
        "nCantidad": 1.0,
        "tDescripcion": "Third Party Services $",
        "nPrecioUnitario": 169701.0,
        "nPrecioTotal": 169701.0,
        "_currency": "USD",
        "_source_line": 28,
        "_auto_extracted": true
      },
      {
        "nCantidad": 1.0,
        "tDescripcion": "Schedule G - Total",
        "nPrecioUnitario": 142832.27,
        "nPrecioTotal": 142832.27,
        "_currency": "$",
        "_source_line": 26,
        "_auto_extracted": true
      },
      {
        "nCantidad": 1.0,
        "tDescripcion": "Schedule G - Total   $",
        "nPrecioUnitario": 142832.27,
        "nPrecioTotal": 142832.27,
        "_currency": "USD",
        "_source_line": 26,
        "_auto_extracted": true
      },
      {
        "nCantidad": 1.0,
        "tDescripcion": "BSQE",
        "nPrecioUnitario": 91310.41,
        "nPrecioTotal": 91310.41,
        "_currency": "$",
        "_source_line": 22,
        "_auto_extracted": true
      },
      {
        "nCantidad": 1.0,
        "tDescripcion": "BSQE   $",
        "nPrecioUnitario": 91310.41,
        "nPrecioTotal": 91310.41,
        "_currency": "USD",
        "_source_line": 22,
        "_auto_extracted": true
      },
      {
        "nCantidad": 1.0,
        "tDescripcion": "a) Fixed Fee",
        "nPrecioUnitario": 72122.0,
        "nPrecioTotal": 72122.0,
        "_currency": "$",
        "_source_line": 33,
        "_auto_extracted": true
      },
      {
        "nCantidad": 1.0,
        "tDescripcion": "a) Fixed Fee   $",
        "nPrecioUnitario": 72122.0,
        "nPrecioTotal": 72122.0,
        "_currency": "USD",
        "_source_line": 33,
        "_auto_extracted": true
      },
      {
        "nCantidad": 1.0,
        "tDescripcion": "Third Party Services",
        "nPrecioUnitario": 44682.5,
        "nPrecioTotal": 44682.5,
        "_currency": "$",
        "_source_line": 28,
        "_auto_extracted": true
      },
      {
        "nCantidad": 1.0,
        "tDescripcion": "Third Party Services  $",
        "nPrecioUnitario": 44682.5,
        "nPrecioTotal": 44682.5,
        "_currency": "USD",
        "_source_line": 28,
        "_auto_extracted": true
      },
      {
        "nCantidad": 1.0,
        "tDescripcion": "26442008 EXPATRIATES IN SANTIAGO Hr 4,680",
        "nPrecioUnitario": 974.0,
        "nPrecioTotal": 974.0,
        "_currency": "$",
        "_source_line": 18,
        "_auto_extracted": true
      },
      {
        "nCantidad": 1.0,
        "tDescripcion": "Business Trips | Others",
        "nPrecioUnitario": 735.0,
        "nPrecioTotal": 735.0,
        "_currency": "$",
        "_source_line": 21,
        "_auto_extracted": true
      },
      {
        "nCantidad": 1.0,
        "tDescripcion": "Schedule G - Total",
        "nPrecioUnitario": 640.0,
        "nPrecioTotal": 640.0,
        "_currency": "$",
        "_source_line": 26,
        "_auto_extracted": true
      },
      {
        "nCantidad": 1.0,
        "tDescripcion": "26442022- NEW DELHI Hr 24,424  Hr 6,253  Hr 1,204 ,474 Hr 7,457",
        "nPrecioUnitario": 542.32,
        "nPrecioTotal": 542.32,
        "_currency": "$",
        "_source_line": 17,
        "_auto_extracted": true
      },
      {
        "nCantidad": 1.0,
        "tDescripcion": "26442022- NEW DELHI Hr 24,424  Hr 6,253  Hr 1,204 ,474 Hr 7,457",
        "nPrecioUnitario": 542.0,
        "nPrecioTotal": 542.0,
        "_currency": "$",
        "_source_line": 17,
        "_auto_extracted": true
      },
      {
        "nCantidad": 1.0,
        "tDescripcion": "Business Trips | Others   .",
        "nPrecioUnitario": 521.86,
        "nPrecioTotal": 521.86,
        "_currency": "USD",
        "_source_line": 21,
        "_auto_extracted": true
      },
      {
        "nCantidad": 1.0,
        "tDescripcion": "Schedule G - Total",
        "nPrecioUnitario": 497.0,
        "nPrecioTotal": 497.0,
        "_currency": "$",
        "_source_line": 26,
        "_auto_extracted": true
      },
      {
        "nCantidad": 1.0,
        "tDescripcion": "26442022- NEW DELHI Hr 24,424  Hr 6,253",
        "nPrecioUnitario": 454.0,
        "nPrecioTotal": 454.0,
        "_currency": "$",
        "_source_line": 17,
        "_auto_extracted": true
      },
      {
        "nCantidad": 1.0,
        "tDescripcion": "26442008 EXPATRIATES IN SANTIAGO Hr 4,680  Hr 1,100  Hr 160 ,465 Hr 1,259",
        "nPrecioUnitario": 395.0,
        "nPrecioTotal": 395.0,
        "_currency": "$",
        "_source_line": 18,
        "_auto_extracted": true
      },
      {
        "nCantidad": 1.0,
        "tDescripcion": "BSQE",
        "nPrecioUnitario": 377.0,
        "nPrecioTotal": 377.0,
        "_currency": "$",
        "_source_line": 22,
        "_auto_extracted": true
      },
      {
        "nCantidad": 1.0,
        "tDescripcion": "a) Fixed Fee",
        "nPrecioUnitario": 360.0,
        "nPrecioTotal": 360.0,
        "_currency": "$",
        "_source_line": 33,
        "_auto_extracted": true
      },
      {
        "nCantidad": 1.0,
        "tDescripcion": "26442008 EXPATRIATES IN SANTIAGO Hr 4,680  Hr 1,100",
        "nPrecioUnitario": 353.0,
        "nPrecioTotal": 353.0,
        "_currency": "$",
        "_source_line": 18,
        "_auto_extracted": true
      },
      {
        "nCantidad": 1.0,
        "tDescripcion": "26442022- NEW DELHI Hr 24,424  Hr 6,253  Hr 1,204 ,474 Hr 7,457 .",
        "nPrecioUnitario": 320.62,
        "nPrecioTotal": 320.62,
        "_currency": "USD",
        "_source_line": 17,
        "_auto_extracted": true
      },
      {
        "nCantidad": 1.0,
        "tDescripcion": "26442016 LOCALS IN US Hr 29,388  Hr 12,487  Hr 2,117",
        "nPrecioUnitario": 294.0,
        "nPrecioTotal": 294.0,
        "_currency": "$",
        "_source_line": 16,
        "_auto_extracted": true
      },
      {
        "nCantidad": 1.0,
        "tDescripcion": "a) Fixed Fee",
        "nPrecioUnitario": 288.0,
        "nPrecioTotal": 288.0,
        "_currency": "$",
        "_source_line": 33,
        "_auto_extracted": true
      },
      {
        "nCantidad": 1.0,
        "tDescripcion": "BSQE",
        "nPrecioUnitario": 286.0,
        "nPrecioTotal": 286.0,
        "_currency": "$",
        "_source_line": 22,
        "_auto_extracted": true
      },
      {
        "nCantidad": 1.0,
        "tDescripcion": "TEQ(*) and Assignment Conditions",
        "nPrecioUnitario": 281.0,
        "nPrecioTotal": 281.0,
        "_currency": "$",
        "_source_line": 23,
        "_auto_extracted": true
      },
      {
        "nCantidad": 1.0,
        "tDescripcion": "Business Trips | Others   1.86",
        "nPrecioUnitario": 262.0,
        "nPrecioTotal": 262.0,
        "_currency": "$",
        "_source_line": 21,
        "_auto_extracted": true
      },
      {
        "nCantidad": 1.0,
        "tDescripcion": "Business Trips | Others",
        "nPrecioUnitario": 211.0,
        "nPrecioTotal": 211.0,
        "_currency": "$",
        "_source_line": 21,
        "_auto_extracted": true
      },
      {
        "nCantidad": 1.0,
        "tDescripcion": "Close-Out Stage",
        "nPrecioUnitario": 174.0,
        "nPrecioTotal": 174.0,
        "_currency": "$",
        "_source_line": 24,
        "_auto_extracted": true
      },
      {
        "nCantidad": 1.0,
        "tDescripcion": "Third Party Services",
        "nPrecioUnitario": 169.0,
        "nPrecioTotal": 169.0,
        "_currency": "$",
        "_source_line": 28,
        "_auto_extracted": true
      },
      {
        "nCantidad": 1.0,
        "tDescripcion": "Schedule G - Total",
        "nPrecioUnitario": 142.0,
        "nPrecioTotal": 142.0,
        "_currency": "$",
        "_source_line": 26,
        "_auto_extracted": true
      },
      {
        "nCantidad": 1.0,
        "tDescripcion": "26442016 LOCALS IN US Hr 29,388 ,477,567.",
        "nPrecioUnitario": 98.0,
        "nPrecioTotal": 98.0,
        "_currency": "USD",
        "_source_line": 16,
        "_auto_extracted": true
      },
      {
        "nCantidad": 1.0,
        "tDescripcion": "26442008 EXPATRIATES IN SANTIAGO Hr 4,680 ,332.",
        "nPrecioUnitario": 92.0,
        "nPrecioTotal": 92.0,
        "_currency": "USD",
        "_source_line": 18,
        "_auto_extracted": true
      },
      {
        "nCantidad": 1.0,
        "tDescripcion": "BSQE",
        "nPrecioUnitario": 91.0,
        "nPrecioTotal": 91.0,
        "_currency": "$",
        "_source_line": 22,
        "_auto_extracted": true
      },
      {
        "nCantidad": 1.0,
        "tDescripcion": "BSQE   $",
        "nPrecioUnitario": 91.0,
        "nPrecioTotal": 91.0,
        "_currency": "USD",
        "_source_line": 22,
        "_auto_extracted": true
      },
      {
        "nCantidad": 1.0,
        "tDescripcion": "TOTAL PROFESSIONAL SERVICES (NON-MANUAL) 323,481 Hr  120,500 Hr  35,970 Hr  156,470 Hr ,598,282.",
        "nPrecioUnitario": 89.0,
        "nPrecioTotal": 89.0,
        "_currency": "USD",
        "_source_line": 30,
        "_auto_extracted": true
      },
      {
        "nCantidad": 1.0,
        "tDescripcion": "26442022- NEW DELHI Hr 24,424  Hr 6,253  Hr 1,204",
        "nPrecioUnitario": 87.0,
        "nPrecioTotal": 87.0,
        "_currency": "$",
        "_source_line": 17,
        "_auto_extracted": true
      },
      {
        "nCantidad": 1.0,
        "tDescripcion": "26442022- NEW DELHI Hr 24,424  Hr 6,253  Hr 1,204 $",
        "nPrecioUnitario": 87.0,
        "nPrecioTotal": 87.0,
        "_currency": "USD",
        "_source_line": 17,
        "_auto_extracted": true
      },
      {
        "nCantidad": 1.0,
        "tDescripcion": "Business Trips | Others   1.",
        "nPrecioUnitario": 86.0,
        "nPrecioTotal": 86.0,
        "_currency": "USD",
        "_source_line": 21,
        "_auto_extracted": true
      },
      {
        "nCantidad": 1.0,
        "tDescripcion": "Schedule G - Total ,224,206.",
        "nPrecioUnitario": 85.0,
        "nPrecioTotal": 85.0,
        "_currency": "USD",
        "_source_line": 26,
        "_auto_extracted": true
      },
      {
        "nCantidad": 1.0,
        "tDescripcion": "Schedule G - Total  ,922.",
        "nPrecioUnitario": 84.0,
        "nPrecioTotal": 84.0,
        "_currency": "USD",
        "_source_line": 26,
        "_auto_extracted": true
      },
      {
        "nCantidad": 1.0,
        "tDescripcion": "a) Fixed Fee",
        "nPrecioUnitario": 72.0,
        "nPrecioTotal": 72.0,
        "_currency": "$",
        "_source_line": 33,
        "_auto_extracted": true
      },
      {
        "nCantidad": 1.0,
        "tDescripcion": "a) Fixed Fee   $",
        "nPrecioUnitario": 72.0,
        "nPrecioTotal": 72.0,
        "_currency": "USD",
        "_source_line": 33,
        "_auto_extracted": true
      },
      {
        "nCantidad": 1.0,
        "tDescripcion": "Schedule D - Total 323,481 Hr ,003,982.",
        "nPrecioUnitario": 69.0,
        "nPrecioTotal": 69.0,
        "_currency": "USD",
        "_source_line": 19,
        "_auto_extracted": true
      },
      {
        "nCantidad": 1.0,
        "tDescripcion": "TEQ(*) and Assignment Conditions ,041.",
        "nPrecioUnitario": 67.0,
        "nPrecioTotal": 67.0,
        "_currency": "USD",
        "_source_line": 23,
        "_auto_extracted": true
      },
      {
        "nCantidad": 1.0,
        "tDescripcion": "26442022- NEW DELHI Hr 24,424  Hr 6,253  Hr 1,204 ,474 Hr 7,457 0.",
        "nPrecioUnitario": 62.0,
        "nPrecioTotal": 62.0,
        "_currency": "USD",
        "_source_line": 17,
        "_auto_extracted": true
      },
      {
        "nCantidad": 1.0,
        "tDescripcion": "26442007 LOCALS IN SANTIAGO Hr 264,989 ,750,402.",
        "nPrecioUnitario": 56.0,
        "nPrecioTotal": 56.0,
        "_currency": "USD",
        "_source_line": 15,
        "_auto_extracted": true
      },
      {
        "nCantidad": 1.0,
        "tDescripcion": "TOTAL PROFESSIONAL SERVICES (NON-MANUAL) 323,481 Hr ,397,890.",
        "nPrecioUnitario": 54.0,
        "nPrecioTotal": 54.0,
        "_currency": "USD",
        "_source_line": 30,
        "_auto_extracted": true
      },
      {
        "nCantidad": 1.0,
        "tDescripcion": "Business Trips | Others",
        "nPrecioUnitario": 51.52,
        "nPrecioTotal": 51.52,
        "_currency": "$",
        "_source_line": 21,
        "_auto_extracted": true
      },
      {
        "nCantidad": 1.0,
        "tDescripcion": "Business Trips | Others",
        "nPrecioUnitario": 51.0,
        "nPrecioTotal": 51.0,
        "_currency": "$",
        "_source_line": 21,
        "_auto_extracted": true
      },
      {
        "nCantidad": 1.0,
        "tDescripcion": "Business Trips | Others   $",
        "nPrecioUnitario": 51.0,
        "nPrecioTotal": 51.0,
        "_currency": "USD",
        "_source_line": 21,
        "_auto_extracted": true
      },
      {
        "nCantidad": 1.0,
        "tDescripcion": "BSQE  ,682.",
        "nPrecioUnitario": 50.0,
        "nPrecioTotal": 50.0,
        "_currency": "USD",
        "_source_line": 22,
        "_auto_extracted": true
      },
      {
        "nCantidad": 1.0,
        "tDescripcion": "26442016 LOCALS IN US Hr 29,388  Hr 12,487  Hr 2,117 ,825 Hr 14,604 ,917,892.",
        "nPrecioUnitario": 47.0,
        "nPrecioTotal": 47.0,
        "_currency": "USD",
        "_source_line": 16,
        "_auto_extracted": true
      },
      {
        "nCantidad": 1.0,
        "tDescripcion": "Third Party Services",
        "nPrecioUnitario": 44.0,
        "nPrecioTotal": 44.0,
        "_currency": "$",
        "_source_line": 28,
        "_auto_extracted": true
      },
      {
        "nCantidad": 1.0,
        "tDescripcion": "Third Party Services  $",
        "nPrecioUnitario": 44.0,
        "nPrecioTotal": 44.0,
        "_currency": "USD",
        "_source_line": 28,
        "_auto_extracted": true
      },
      {
        "nCantidad": 1.0,
        "tDescripcion": "26442008 EXPATRIATES IN SANTIAGO Hr 4,680  Hr 1,100  Hr 160",
        "nPrecioUnitario": 42.0,
        "nPrecioTotal": 42.0,
        "_currency": "$",
        "_source_line": 18,
        "_auto_extracted": true
      },
      {
        "nCantidad": 1.0,
        "tDescripcion": "26442008 EXPATRIATES IN SANTIAGO Hr 4,680  Hr 1,100  Hr 160 $",
        "nPrecioUnitario": 42.0,
        "nPrecioTotal": 42.0,
        "_currency": "USD",
        "_source_line": 18,
        "_auto_extracted": true
      },
      {
        "nCantidad": 1.0,
        "tDescripcion": "BSQE   ,310.",
        "nPrecioUnitario": 41.0,
        "nPrecioTotal": 41.0,
        "_currency": "USD",
        "_source_line": 22,
        "_auto_extracted": true
      },
      {
        "nCantidad": 1.0,
        "tDescripcion": "26442016 LOCALS IN US Hr 29,388  Hr 12,487 ,623,067.",
        "nPrecioUnitario": 36.0,
        "nPrecioTotal": 36.0,
        "_currency": "USD",
        "_source_line": 16,
        "_auto_extracted": true
      },
      {
        "nCantidad": 1.0,
        "tDescripcion": "Schedule D - Total 323,481 Hr  120,500 Hr",
        "nPrecioUnitario": 35.0,
        "nPrecioTotal": 35.0,
        "_currency": "USD",
        "_source_line": 19,
        "_auto_extracted": true
      },
      {
        "nCantidad": 1.0,
        "tDescripcion": "Business Trips | Others  ,240.",
        "nPrecioUnitario": 34.0,
        "nPrecioTotal": 34.0,
        "_currency": "USD",
        "_source_line": 21,
        "_auto_extracted": true
      },
      {
        "nCantidad": 1.0,
        "tDescripcion": "Total EDP Hr 323,481",
        "nPrecioUnitario": 34.0,
        "nPrecioTotal": 34.0,
        "_currency": "$",
        "_source_line": 36,
        "_auto_extracted": true
      },
      {
        "nCantidad": 1.0,
        "tDescripcion": "26442008 EXPATRIATES IN SANTIAGO Hr 4,680  Hr 1,100 ,072.",
        "nPrecioUnitario": 33.0,
        "nPrecioTotal": 33.0,
        "_currency": "USD",
        "_source_line": 18,
        "_auto_extracted": true
      },
      {
        "nCantidad": 1.0,
        "tDescripcion": "26442007 LOCALS IN SANTIAGO Hr 264,989  Hr 100,661  Hr",
        "nPrecioUnitario": 32.0,
        "nPrecioTotal": 32.0,
        "_currency": "USD",
        "_source_line": 15,
        "_auto_extracted": true
      },
      {
        "nCantidad": 1.0,
        "tDescripcion": "TOTAL PROFESSIONAL SERVICES (NON-MANUAL) 323,481 Hr",
        "nPrecioUnitario": 32.0,
        "nPrecioTotal": 32.0,
        "_currency": "$",
        "_source_line": 30,
        "_auto_extracted": true
      },
      {
        "nCantidad": 1.0,
        "tDescripcion": "26442016 LOCALS IN US Hr",
        "nPrecioUnitario": 29.0,
        "nPrecioTotal": 29.0,
        "_currency": "USD",
        "_source_line": 16,
        "_auto_extracted": true
      },
      {
        "nCantidad": 1.0,
        "tDescripcion": "Schedule D - Total 323,481 Hr",
        "nPrecioUnitario": 28.0,
        "nPrecioTotal": 28.0,
        "_currency": "$",
        "_source_line": 19,
        "_auto_extracted": true
      },
      {
        "nCantidad": 1.0,
        "tDescripcion": "Schedule D - Total 323,481 Hr $",
        "nPrecioUnitario": 28.0,
        "nPrecioTotal": 28.0,
        "_currency": "USD",
        "_source_line": 19,
        "_auto_extracted": true
      },
      {
        "nCantidad": 1.0,
        "tDescripcion": "Schedule D - Total 323,481 Hr  120,500 Hr  35,970 Hr ,688,263.",
        "nPrecioUnitario": 27.0,
        "nPrecioTotal": 27.0,
        "_currency": "USD",
        "_source_line": 19,
        "_auto_extracted": true
      },
      {
        "nCantidad": 1.0,
        "tDescripcion": "26442007 LOCALS IN SANTIAGO Hr 264,989  Hr 100,661 ,793,595.",
        "nPrecioUnitario": 26.0,
        "nPrecioTotal": 26.0,
        "_currency": "USD",
        "_source_line": 15,
        "_auto_extracted": true
      },
      {
        "nCantidad": 1.0,
        "tDescripcion": "26442022- NEW DELHI Hr",
        "nPrecioUnitario": 24.0,
        "nPrecioTotal": 24.0,
        "_currency": "USD",
        "_source_line": 17,
        "_auto_extracted": true
      },
      {
        "nCantidad": 1.0,
        "tDescripcion": "26442007 LOCALS IN SANTIAGO Hr 264,989",
        "nPrecioUnitario": 20.0,
        "nPrecioTotal": 20.0,
        "_currency": "$",
        "_source_line": 15,
        "_auto_extracted": true
      },
      {
        "nCantidad": 1.0,
        "tDescripcion": "26442007 LOCALS IN SANTIAGO Hr 264,989 $",
        "nPrecioUnitario": 20.0,
        "nPrecioTotal": 20.0,
        "_currency": "USD",
        "_source_line": 15,
        "_auto_extracted": true
      },
      {
        "nCantidad": 1.0,
        "tDescripcion": "Close-Out Stage ,015.",
        "nPrecioUnitario": 19.0,
        "nPrecioTotal": 19.0,
        "_currency": "USD",
        "_source_line": 24,
        "_auto_extracted": true
      },
      {
        "nCantidad": 1.0,
        "tDescripcion": "26442008 EXPATRIATES IN SANTIAGO Hr 4,680  Hr 1,100  Hr 160 ,465 Hr 1,259 ,537.",
        "nPrecioUnitario": 16.0,
        "nPrecioTotal": 16.0,
        "_currency": "USD",
        "_source_line": 18,
        "_auto_extracted": true
      },
      {
        "nCantidad": 1.0,
        "tDescripcion": "26442016 LOCALS IN US Hr 29,388  Hr 12,487  Hr 2,117 ,825 Hr",
        "nPrecioUnitario": 14.0,
        "nPrecioTotal": 14.0,
        "_currency": "USD",
        "_source_line": 16,
        "_auto_extracted": true
      },
      {
        "nCantidad": 1.0,
        "tDescripcion": "TOTAL PROFESSIONAL SERVICES (NON-MANUAL) 323,481 Hr  120,500 Hr  35,970 Hr  156,470 Hr",
        "nPrecioUnitario": 13.0,
        "nPrecioTotal": 13.0,
        "_currency": "$",
        "_source_line": 30,
        "_auto_extracted": true
      },
      {
        "nCantidad": 1.0,
        "tDescripcion": "TOTAL PROFESSIONAL SERVICES (NON-MANUAL) 323,481 Hr  120,500 Hr  35,970 Hr  156,470 Hr $",
        "nPrecioUnitario": 13.0,
        "nPrecioTotal": 13.0,
        "_currency": "USD",
        "_source_line": 30,
        "_auto_extracted": true
      },
      {
        "nCantidad": 1.0,
        "tDescripcion": "26442016 LOCALS IN US Hr 29,388  Hr",
        "nPrecioUnitario": 12.0,
        "nPrecioTotal": 12.0,
        "_currency": "USD",
        "_source_line": 16,
        "_auto_extracted": true
      },
      {
        "nCantidad": 1.0,
        "tDescripcion": "Schedule D - Total 323,481 Hr  120,500 Hr  35,970 Hr  156,470 Hr",
        "nPrecioUnitario": 12.0,
        "nPrecioTotal": 12.0,
        "_currency": "$",
        "_source_line": 19,
        "_auto_extracted": true
      },
      {
        "nCantidad": 1.0,
        "tDescripcion": "Schedule G - Total    ,755.",
        "nPrecioUnitario": 11.0,
        "nPrecioTotal": 11.0,
        "_currency": "USD",
        "_source_line": 26,
        "_auto_extracted": true
      },
      {
        "nCantidad": 1.0,
        "tDescripcion": "Total EDP Hr 323,481  Hr 120,500",
        "nPrecioUnitario": 11.0,
        "nPrecioTotal": 11.0,
        "_currency": "$",
        "_source_line": 36,
        "_auto_extracted": true
      },
      {
        "nCantidad": 1.0,
        "tDescripcion": "26442007 LOCALS IN SANTIAGO Hr 264,989  Hr 100,661  Hr 32,490 ,263,500 Hr 133,151",
        "nPrecioUnitario": 10.0,
        "nPrecioTotal": 10.0,
        "_currency": "$",
        "_source_line": 15,
        "_auto_extracted": true
      },
      {
        "nCantidad": 1.0,
        "tDescripcion": "26442007 LOCALS IN SANTIAGO Hr 264,989  Hr 100,661  Hr 32,490 ,263,500 Hr 133,151 $",
        "nPrecioUnitario": 10.0,
        "nPrecioTotal": 10.0,
        "_currency": "USD",
        "_source_line": 15,
        "_auto_extracted": true
      },
      {
        "nCantidad": 1.0,
        "tDescripcion": "26442007 LOCALS IN SANTIAGO Hr 264,989  Hr 100,661",
        "nPrecioUnitario": 7.0,
        "nPrecioTotal": 7.0,
        "_currency": "$",
        "_source_line": 15,
        "_auto_extracted": true
      },
      {
        "nCantidad": 1.0,
        "tDescripcion": "26442007 LOCALS IN SANTIAGO Hr 264,989  Hr 100,661 $",
        "nPrecioUnitario": 7.0,
        "nPrecioTotal": 7.0,
        "_currency": "USD",
        "_source_line": 15,
        "_auto_extracted": true
      },
      {
        "nCantidad": 1.0,
        "tDescripcion": "26442022- NEW DELHI Hr 24,424  Hr",
        "nPrecioUnitario": 6.0,
        "nPrecioTotal": 6.0,
        "_currency": "USD",
        "_source_line": 17,
        "_auto_extracted": true
      },
      {
        "nCantidad": 1.0,
        "tDescripcion": "26442016 LOCALS IN US Hr 29,388",
        "nPrecioUnitario": 4.0,
        "nPrecioTotal": 4.0,
        "_currency": "$",
        "_source_line": 16,
        "_auto_extracted": true
      },
      {
        "nCantidad": 1.0,
        "tDescripcion": "26442016 LOCALS IN US Hr 29,388 $",
        "nPrecioUnitario": 4.0,
        "nPrecioTotal": 4.0,
        "_currency": "USD",
        "_source_line": 16,
        "_auto_extracted": true
      },
      {
        "nCantidad": 1.0,
        "tDescripcion": "26442007 LOCALS IN SANTIAGO Hr 264,989  Hr 100,661  Hr 32,490 ,263,500 Hr 133,151 ,057,095.",
        "nPrecioUnitario": 3.0,
        "nPrecioTotal": 3.0,
        "_currency": "USD",
        "_source_line": 15,
        "_auto_extracted": true
      },
      {
        "nCantidad": 1.0,
        "tDescripcion": "BSQE",
        "nPrecioUnitario": 3.0,
        "nPrecioTotal": 3.0,
        "_currency": "$",
        "_source_line": 22,
        "_auto_extracted": true
      },
      {
        "nCantidad": 1.0,
        "tDescripcion": "26442007 LOCALS IN SANTIAGO Hr 264,989  Hr 100,661  Hr 32,490",
        "nPrecioUnitario": 2.0,
        "nPrecioTotal": 2.0,
        "_currency": "$",
        "_source_line": 15,
        "_auto_extracted": true
      },
      {
        "nCantidad": 1.0,
        "tDescripcion": "26442007 LOCALS IN SANTIAGO Hr 264,989  Hr 100,661  Hr 32,490 $",
        "nPrecioUnitario": 2.0,
        "nPrecioTotal": 2.0,
        "_currency": "USD",
        "_source_line": 15,
        "_auto_extracted": true
      },
      {
        "nCantidad": 1.0,
        "tDescripcion": "26442016 LOCALS IN US Hr 29,388  Hr 12,487",
        "nPrecioUnitario": 1.0,
        "nPrecioTotal": 1.0,
        "_currency": "$",
        "_source_line": 16,
        "_auto_extracted": true
      },
      {
        "nCantidad": 1.0,
        "tDescripcion": "26442016 LOCALS IN US Hr 29,388  Hr 12,487 $",
        "nPrecioUnitario": 1.0,
        "nPrecioTotal": 1.0,
        "_currency": "USD",
        "_source_line": 16,
        "_auto_extracted": true
      }
    ],
    "mresumen": [],
    "mcomprobante": [],
    "mjornada": [],
    "mjornada_empleado": [],
    "marchivo_tipo": [],
    "munidad_medida": []
  }
}