{
  "metadata": {
    "version": "1.0.0",
    "parser": "ExtractorOCR",
    "extraction_date": "2025-11-18T14:17:14.737713",
    "type": "structured",
    "email": "mariadelosangeles.abanto@newmont.com",
    "year": 2025,
    "month": "Octubre",
    "request_id": "5ce58b2f-27ec-40f9-8ef1-c192a2b7d2fc",
    "processed_at": "2025-11-18T14:17:19.262406",
    "api_version": "1.0.0",
    "periodo_id": "string"
  },
  "hoja": {
    "tJson": "Newmont\nYANACOCHA\nPAYMENT STATUS SHEET N°: 5A\nDATE: 15-Aug-25\nPERIOD July, 2025\nItem DESCRIPTION UNIT QUANTITY UNIT PRICE TOTAL QTY TOTAL QTY TOTAL QTY TOTAL\n001 26442-OFFSHORE Services (Stage 4) GLB 1.00 $ 34,056,699.54 $ 34,056,699.54 0.32 $ 11,055,675.35 0.09 $ 2,903,217.54 0.41 $ 13,958,892.89\n(Includes values of Stage 4 Agreement)\nTotal $ 34,056,699.54 $ 11,055,675.35 $ 2,903,217.54 $ 13,958,892.89\n002 Advance Fund Request July 2025 (Discount) -$ 8,299,722.01 -$ 1,955,859.88 -$ 10,255,581.89\nBECHTEL'S PROJECTS CONTROL MANAGER NEWMONT 'S PROJECTS CONTROL MANAGER\nRuiz Ulloa, Digitally signed by: Ruiz Ulloa, Maria Sub Total 1 2,755,953.34 + 947,357.66 = 3,703,311.00\nMaria DN: CN = Ruiz Ulloa, Maria C = US\nO Bechtel Corporation\nDate: 2025.08.15 11:57:18-05'00'\nDATE\nTOTAL 2,755,953.34 + 947,357.66 = 3,703,311.00\nBECHTEL'S PROJECT DIRECTOR NEWMONT 'S ENGINEERING SENIOR DIRECTOR\nDigitally signed by: Baldini, Sergio\nBaldini, SergioDN: CN = Baldini, Sergio C = US O = Bechtel\nCorporation\nDate: 2025.08.15 12:16:04 -05'00'\nDATE August 15, 2025 DATE\n26442-220-G57-GAM-00205\nBECHTEL\nOFFSHORE\n26442 - YANACOCHA WATER TREATMENT PROJECT\nOffshore Stage 4 Phase WTP Services\nESTIMATED BUDGET PREVIOUS CURRENT CUMULATIVE AMOUNT\nCONTRACT N°:\nCONTRACTOR BECHTEL CHILE LTDA\nVALUE US$ 34,056,699.54\nLevel 2 - Bechtel Confidential For Authorized Parties Who Require the Information to do Bechtel Work",
    "tJsonTraducido": null,
    "lFormato": false,
    "iMIdioma": 2,
    "iMDocumentoTipo": 99,
    "tSequentialNumber": null
  },
  "additional_data": {
    "midioma": [
      {
        "iMIdioma": 2,
        "tIdioma": "Inglés"
      }
    ],
    "mdocumento_tipo": [
      {
        "iMDocumentoTipo": 99,
        "tTipo": "Desconocido"
      }
    ],
    "mdivisa": [
      {
        "tDivisa": "USD"
      }
    ],
    "mnaturaleza": [
      {
        "tNaturaleza": "Otro"
      }
    ],
    "mproveedor": [
      {
        "tRazonSocial": "BECHTEL"
      }
    ],
    "mcomprobante_detalle": [
      {
        "nCantidad": 1.0,
        "tDescripcion": "001 26442-OFFSHORE Services (Stage 4) GLB 1.00",
        "nPrecioUnitario": 34056699.54,
        "nPrecioTotal": 34056699.54,
        "_currency": "$",
        "_source_line": 7,
        "_auto_extracted": true
      },
      {
        "nCantidad": 1.0,
        "tDescripcion": "001 26442-OFFSHORE Services (Stage 4) GLB 1.00 $",
        "nPrecioUnitario": 34056699.54,
        "nPrecioTotal": 34056699.54,
        "_currency": "USD",
        "_source_line": 7,
        "_auto_extracted": true
      },
      {
        "nCantidad": 1.0,
        "tDescripcion": "001 26442-OFFSHORE Services (Stage 4) GLB 1.00   0.32  0.09  0.41",
        "nPrecioUnitario": 13958892.89,
        "nPrecioTotal": 13958892.89,
        "_currency": "$",
        "_source_line": 7,
        "_auto_extracted": true
      },
      {
        "nCantidad": 1.0,
        "tDescripcion": "001 26442-OFFSHORE Services (Stage 4) GLB 1.00   0.32  0.09  0.41 $",
        "nPrecioUnitario": 13958892.89,
        "nPrecioTotal": 13958892.89,
        "_currency": "USD",
        "_source_line": 7,
        "_auto_extracted": true
      },
      {
        "nCantidad": 1.0,
        "tDescripcion": "001 26442-OFFSHORE Services (Stage 4) GLB 1.00   0.32",
        "nPrecioUnitario": 11055675.35,
        "nPrecioTotal": 11055675.35,
        "_currency": "$",
        "_source_line": 7,
        "_auto_extracted": true
      },
      {
        "nCantidad": 1.0,
        "tDescripcion": "001 26442-OFFSHORE Services (Stage 4) GLB 1.00   0.32 $",
        "nPrecioUnitario": 11055675.35,
        "nPrecioTotal": 11055675.35,
        "_currency": "USD",
        "_source_line": 7,
        "_auto_extracted": true
      },
      {
        "nCantidad": 1.0,
        "tDescripcion": "002 Advance Fund Request July 2025 (Discount) - - -",
        "nPrecioUnitario": 10255581.89,
        "nPrecioTotal": 10255581.89,
        "_currency": "$",
        "_source_line": 10,
        "_auto_extracted": true
      },
      {
        "nCantidad": 1.0,
        "tDescripcion": "002 Advance Fund Request July 2025 (Discount) - - -$",
        "nPrecioUnitario": 10255581.89,
        "nPrecioTotal": 10255581.89,
        "_currency": "USD",
        "_source_line": 10,
        "_auto_extracted": true
      },
      {
        "nCantidad": 1.0,
        "tDescripcion": "002 Advance Fund Request July 2025 (Discount) -",
        "nPrecioUnitario": 8299722.01,
        "nPrecioTotal": 8299722.01,
        "_currency": "$",
        "_source_line": 10,
        "_auto_extracted": true
      },
      {
        "nCantidad": 1.0,
        "tDescripcion": "002 Advance Fund Request July 2025 (Discount) -$",
        "nPrecioUnitario": 8299722.01,
        "nPrecioTotal": 8299722.01,
        "_currency": "USD",
        "_source_line": 10,
        "_auto_extracted": true
      },
      {
        "nCantidad": 1.0,
        "tDescripcion": "Ruiz Ulloa, Digitally signed by: Ruiz Ulloa, Maria Sub Total 1  +  =",
        "nPrecioUnitario": 3703311.0,
        "nPrecioTotal": 3703311.0,
        "_currency": "USD",
        "_source_line": 12,
        "_auto_extracted": true
      },
      {
        "nCantidad": 1.0,
        "tDescripcion": "001 26442-OFFSHORE Services (Stage 4) GLB 1.00   0.32  0.09",
        "nPrecioUnitario": 2903217.54,
        "nPrecioTotal": 2903217.54,
        "_currency": "$",
        "_source_line": 7,
        "_auto_extracted": true
      },
      {
        "nCantidad": 1.0,
        "tDescripcion": "001 26442-OFFSHORE Services (Stage 4) GLB 1.00   0.32  0.09 $",
        "nPrecioUnitario": 2903217.54,
        "nPrecioTotal": 2903217.54,
        "_currency": "USD",
        "_source_line": 7,
        "_auto_extracted": true
      },
      {
        "nCantidad": 1.0,
        "tDescripcion": "Ruiz Ulloa, Digitally signed by: Ruiz Ulloa, Maria Sub Total 1",
        "nPrecioUnitario": 2755953.34,
        "nPrecioTotal": 2755953.34,
        "_currency": "USD",
        "_source_line": 12,
        "_auto_extracted": true
      },
      {
        "nCantidad": 1.0,
        "tDescripcion": "002 Advance Fund Request July 2025 (Discount) - -",
        "nPrecioUnitario": 1955859.88,
        "nPrecioTotal": 1955859.88,
        "_currency": "$",
        "_source_line": 10,
        "_auto_extracted": true
      },
      {
        "nCantidad": 1.0,
        "tDescripcion": "002 Advance Fund Request July 2025 (Discount) - -$",
        "nPrecioUnitario": 1955859.88,
        "nPrecioTotal": 1955859.88,
        "_currency": "USD",
        "_source_line": 10,
        "_auto_extracted": true
      },
      {
        "nCantidad": 1.0,
        "tDescripcion": "Ruiz Ulloa, Digitally signed by: Ruiz Ulloa, Maria Sub Total 1  +",
        "nPrecioUnitario": 947357.66,
        "nPrecioTotal": 947357.66,
        "_currency": "USD",
        "_source_line": 12,
        "_auto_extracted": true
      },
      {
        "nCantidad": 1.0,
        "tDescripcion": "Date:",
        "nPrecioUnitario": 2025.08,
        "nPrecioTotal": 2025.08,
        "_currency": "USD",
        "_source_line": 15,
        "_auto_extracted": true
      },
      {
        "nCantidad": 1.0,
        "tDescripcion": "001 26442-OFFSHORE Services (Stage 4) GLB 1.00   0.32  0.09  0.41 ,958,892.",
        "nPrecioUnitario": 89.0,
        "nPrecioTotal": 89.0,
        "_currency": "USD",
        "_source_line": 7,
        "_auto_extracted": true
      },
      {
        "nCantidad": 1.0,
        "tDescripcion": "002 Advance Fund Request July 2025 (Discount) - -,955,859.",
        "nPrecioUnitario": 88.0,
        "nPrecioTotal": 88.0,
        "_currency": "USD",
        "_source_line": 10,
        "_auto_extracted": true
      },
      {
        "nCantidad": 1.0,
        "tDescripcion": "Ruiz Ulloa, Digitally signed by: Ruiz Ulloa, Maria Sub Total 1  + 947,357.",
        "nPrecioUnitario": 66.0,
        "nPrecioTotal": 66.0,
        "_currency": "USD",
        "_source_line": 12,
        "_auto_extracted": true
      },
      {
        "nCantidad": 1.0,
        "tDescripcion": "001 26442-OFFSHORE Services (Stage 4) GLB 1.00 ,056,699.",
        "nPrecioUnitario": 54.0,
        "nPrecioTotal": 54.0,
        "_currency": "USD",
        "_source_line": 7,
        "_auto_extracted": true
      },
      {
        "nCantidad": 1.0,
        "tDescripcion": "001 26442-OFFSHORE Services (Stage 4) GLB 1.00   0.32  0.09  0.",
        "nPrecioUnitario": 41.0,
        "nPrecioTotal": 41.0,
        "_currency": "USD",
        "_source_line": 7,
        "_auto_extracted": true
      },
      {
        "nCantidad": 1.0,
        "tDescripcion": "001 26442-OFFSHORE Services (Stage 4) GLB 1.00   0.32 ,055,675.",
        "nPrecioUnitario": 35.0,
        "nPrecioTotal": 35.0,
        "_currency": "USD",
        "_source_line": 7,
        "_auto_extracted": true
      },
      {
        "nCantidad": 1.0,
        "tDescripcion": "001 26442-OFFSHORE Services (Stage 4) GLB 1.00",
        "nPrecioUnitario": 34.0,
        "nPrecioTotal": 34.0,
        "_currency": "$",
        "_source_line": 7,
        "_auto_extracted": true
      },
      {
        "nCantidad": 1.0,
        "tDescripcion": "001 26442-OFFSHORE Services (Stage 4) GLB 1.00 $",
        "nPrecioUnitario": 34.0,
        "nPrecioTotal": 34.0,
        "_currency": "USD",
        "_source_line": 7,
        "_auto_extracted": true
      },
      {
        "nCantidad": 1.0,
        "tDescripcion": "001 26442-OFFSHORE Services (Stage 4) GLB 1.00   0.",
        "nPrecioUnitario": 32.0,
        "nPrecioTotal": 32.0,
        "_currency": "USD",
        "_source_line": 7,
        "_auto_extracted": true
      },
      {
        "nCantidad": 1.0,
        "tDescripcion": "001 26442-OFFSHORE Services (Stage 4) GLB 1.00   0.32  0.09  0.41",
        "nPrecioUnitario": 13.0,
        "nPrecioTotal": 13.0,
        "_currency": "$",
        "_source_line": 7,
        "_auto_extracted": true
      },
      {
        "nCantidad": 1.0,
        "tDescripcion": "001 26442-OFFSHORE Services (Stage 4) GLB 1.00   0.32  0.09  0.41 $",
        "nPrecioUnitario": 13.0,
        "nPrecioTotal": 13.0,
        "_currency": "USD",
        "_source_line": 7,
        "_auto_extracted": true
      },
      {
        "nCantidad": 1.0,
        "tDescripcion": "001 26442-OFFSHORE Services (Stage 4) GLB 1.00   0.32",
        "nPrecioUnitario": 11.0,
        "nPrecioTotal": 11.0,
        "_currency": "$",
        "_source_line": 7,
        "_auto_extracted": true
      },
      {
        "nCantidad": 1.0,
        "tDescripcion": "001 26442-OFFSHORE Services (Stage 4) GLB 1.00   0.32 $",
        "nPrecioUnitario": 11.0,
        "nPrecioTotal": 11.0,
        "_currency": "USD",
        "_source_line": 7,
        "_auto_extracted": true
      },
      {
        "nCantidad": 1.0,
        "tDescripcion": "002 Advance Fund Request July 2025 (Discount) - - -",
        "nPrecioUnitario": 10.0,
        "nPrecioTotal": 10.0,
        "_currency": "$",
        "_source_line": 10,
        "_auto_extracted": true
      },
      {
        "nCantidad": 1.0,
        "tDescripcion": "002 Advance Fund Request July 2025 (Discount) - - -$",
        "nPrecioUnitario": 10.0,
        "nPrecioTotal": 10.0,
        "_currency": "USD",
        "_source_line": 10,
        "_auto_extracted": true
      },
      {
        "nCantidad": 1.0,
        "tDescripcion": "001 26442-OFFSHORE Services (Stage 4) GLB 1.00   0.32  0.",
        "nPrecioUnitario": 9.0,
        "nPrecioTotal": 9.0,
        "_currency": "USD",
        "_source_line": 7,
        "_auto_extracted": true
      },
      {
        "nCantidad": 1.0,
        "tDescripcion": "002 Advance Fund Request July 2025 (Discount) -",
        "nPrecioUnitario": 8.0,
        "nPrecioTotal": 8.0,
        "_currency": "$",
        "_source_line": 10,
        "_auto_extracted": true
      },
      {
        "nCantidad": 1.0,
        "tDescripcion": "002 Advance Fund Request July 2025 (Discount) -$",
        "nPrecioUnitario": 8.0,
        "nPrecioTotal": 8.0,
        "_currency": "USD",
        "_source_line": 10,
        "_auto_extracted": true
      },
      {
        "nCantidad": 1.0,
        "tDescripcion": "001 26442-OFFSHORE Services (Stage",
        "nPrecioUnitario": 4.0,
        "nPrecioTotal": 4.0,
        "_currency": "USD",
        "_source_line": 7,
        "_auto_extracted": true
      },
      {
        "nCantidad": 1.0,
        "tDescripcion": "Ruiz Ulloa, Digitally signed by: Ruiz Ulloa, Maria Sub Total 1  +  =",
        "nPrecioUnitario": 3.0,
        "nPrecioTotal": 3.0,
        "_currency": "USD",
        "_source_line": 12,
        "_auto_extracted": true
      },
      {
        "nCantidad": 1.0,
        "tDescripcion": "001 26442-OFFSHORE Services (Stage 4) GLB 1.00   0.32  0.09",
        "nPrecioUnitario": 2.0,
        "nPrecioTotal": 2.0,
        "_currency": "$",
        "_source_line": 7,
        "_auto_extracted": true
      },
      {
        "nCantidad": 1.0,
        "tDescripcion": "001 26442-OFFSHORE Services (Stage 4) GLB 1.00   0.32  0.09 $",
        "nPrecioUnitario": 2.0,
        "nPrecioTotal": 2.0,
        "_currency": "USD",
        "_source_line": 7,
        "_auto_extracted": true
      },
      {
        "nCantidad": 1.0,
        "tDescripcion": "001 26442-OFFSHORE Services (Stage 4) GLB",
        "nPrecioUnitario": 1.0,
        "nPrecioTotal": 1.0,
        "_currency": "USD",
        "_source_line": 7,
        "_auto_extracted": true
      },
      {
        "nCantidad": 1.0,
        "tDescripcion": "002 Advance Fund Request July 2025 (Discount) - -",
        "nPrecioUnitario": 1.0,
        "nPrecioTotal": 1.0,
        "_currency": "$",
        "_source_line": 10,
        "_auto_extracted": true
      }
    ],
    "mresumen": [],
    "mcomprobante": [],
    "mjornada": [],
    "mjornada_empleado": [],
    "marchivo_tipo": [],
    "munidad_medida": []
  }
}