{
  "metadata": {
    "version": "1.0.0",
    "parser": "ExtractorOCR",
    "extraction_date": "2025-11-18T14:17:11.295317",
    "type": "structured",
    "email": "mariadelosangeles.abanto@newmont.com",
    "year": 2025,
    "month": "Octubre",
    "request_id": "5ce58b2f-27ec-40f9-8ef1-c192a2b7d2fc",
    "processed_at": "2025-11-18T14:17:19.262406",
    "api_version": "1.0.0",
    "periodo_id": "string"
  },
  "hoja": {
    "tJson": "Newmont\nYANACOCHA\nYANACOCHA WATER TREATMENT\nStage 4\nStage 4 - SUMMARY EDP TABLE - OFFSHORE 26442\nJuly 2025 - Rev 0\nBECHTEL\nPserv. Non-Manual\nItem Date Schedule D Labor Cost Schedule G Reimb. Cost Schedule F 3rd Party Schedule E Contractor Fee Total\n1 March-25 $ 2,588,011 $ 137,836 $ - $ 72,122 $ 2,797,968\n2 April-25 $ 2,497,451 $ 46,462 $ 44,683 $ 72,122 $ 2,660,718\n3 May-25 $ 2,480,631 $ 47,009 $ - $ 72,122 $ 2,599,762\n4 June-25 $ 2,658,489 $ 266,616 $ - $ 72,122 $ 2,997,227\n5 July-25 $ 2,688,263 $ 142,832 $ - $ 72,122 $ 2,903,218\nTOTAL $ 12,912,845 $ 640,755 $ 44,683 $ 360,610 $ 13,958,893",
    "tJsonTraducido": null,
    "lFormato": true,
    "iMIdioma": 2,
    "iMDocumentoTipo": 2,
    "tSequentialNumber": null
  },
  "additional_data": {
    "midioma": [
      {
        "iMIdioma": 2,
        "tIdioma": "Inglés"
      }
    ],
    "mdocumento_tipo": [
      {
        "iMDocumentoTipo": 2,
        "tTipo": "Resumen"
      }
    ],
    "mdivisa": [
      {
        "tDivisa": "USD"
      }
    ],
    "mnaturaleza": [
      {
        "tNaturaleza": "Otro"
      }
    ],
    "mproveedor": [
      {
        "tRazonSocial": "MARY EDP TABLE"
      }
    ],
    "mcomprobante_detalle": [
      {
        "nCantidad": 1.0,
        "tDescripcion": "TOTAL ,912,845",
        "nPrecioUnitario": 640.0,
        "nPrecioTotal": 640.0,
        "_currency": "$",
        "_source_line": 15,
        "_auto_extracted": true
      },
      {
        "nCantidad": 1.0,
        "tDescripcion": "TOTAL ,912,845 ,755 ,683",
        "nPrecioUnitario": 360.0,
        "nPrecioTotal": 360.0,
        "_currency": "$",
        "_source_line": 15,
        "_auto_extracted": true
      },
      {
        "nCantidad": 1.0,
        "tDescripcion": "4 June-25 ,658,489",
        "nPrecioUnitario": 266.0,
        "nPrecioTotal": 266.0,
        "_currency": "$",
        "_source_line": 13,
        "_auto_extracted": true
      },
      {
        "nCantidad": 1.0,
        "tDescripcion": "5 July-25 ,688,263",
        "nPrecioUnitario": 142.0,
        "nPrecioTotal": 142.0,
        "_currency": "$",
        "_source_line": 14,
        "_auto_extracted": true
      },
      {
        "nCantidad": 1.0,
        "tDescripcion": "1 March-25 ,588,011",
        "nPrecioUnitario": 137.0,
        "nPrecioTotal": 137.0,
        "_currency": "$",
        "_source_line": 10,
        "_auto_extracted": true
      },
      {
        "nCantidad": 1.0,
        "tDescripcion": "1 March-25 ,588,011 ,836 $ -",
        "nPrecioUnitario": 72.0,
        "nPrecioTotal": 72.0,
        "_currency": "$",
        "_source_line": 10,
        "_auto_extracted": true
      },
      {
        "nCantidad": 1.0,
        "tDescripcion": "1 March-25 ,588,011 ,836 $ - $",
        "nPrecioUnitario": 72.0,
        "nPrecioTotal": 72.0,
        "_currency": "USD",
        "_source_line": 10,
        "_auto_extracted": true
      },
      {
        "nCantidad": 1.0,
        "tDescripcion": "3 May-25 ,480,631",
        "nPrecioUnitario": 47.0,
        "nPrecioTotal": 47.0,
        "_currency": "$",
        "_source_line": 12,
        "_auto_extracted": true
      },
      {
        "nCantidad": 1.0,
        "tDescripcion": "3 May-25 ,480,631 $",
        "nPrecioUnitario": 47.0,
        "nPrecioTotal": 47.0,
        "_currency": "USD",
        "_source_line": 12,
        "_auto_extracted": true
      },
      {
        "nCantidad": 1.0,
        "tDescripcion": "2 April-25 ,497,451",
        "nPrecioUnitario": 46.0,
        "nPrecioTotal": 46.0,
        "_currency": "$",
        "_source_line": 11,
        "_auto_extracted": true
      },
      {
        "nCantidad": 1.0,
        "tDescripcion": "2 April-25 ,497,451 $",
        "nPrecioUnitario": 46.0,
        "nPrecioTotal": 46.0,
        "_currency": "USD",
        "_source_line": 11,
        "_auto_extracted": true
      },
      {
        "nCantidad": 1.0,
        "tDescripcion": "2 April-25 ,497,451 ,462",
        "nPrecioUnitario": 44.0,
        "nPrecioTotal": 44.0,
        "_currency": "$",
        "_source_line": 11,
        "_auto_extracted": true
      },
      {
        "nCantidad": 1.0,
        "tDescripcion": "2 April-25 ,497,451 ,462 $",
        "nPrecioUnitario": 44.0,
        "nPrecioTotal": 44.0,
        "_currency": "USD",
        "_source_line": 11,
        "_auto_extracted": true
      },
      {
        "nCantidad": 1.0,
        "tDescripcion": "1 March-",
        "nPrecioUnitario": 25.0,
        "nPrecioTotal": 25.0,
        "_currency": "USD",
        "_source_line": 10,
        "_auto_extracted": true
      },
      {
        "nCantidad": 1.0,
        "tDescripcion": "TOTAL ,912,845 ,755 ,683 ,610",
        "nPrecioUnitario": 13.0,
        "nPrecioTotal": 13.0,
        "_currency": "$",
        "_source_line": 15,
        "_auto_extracted": true
      },
      {
        "nCantidad": 1.0,
        "tDescripcion": "TOTAL ,912,845 ,755 ,683 ,610 $",
        "nPrecioUnitario": 13.0,
        "nPrecioTotal": 13.0,
        "_currency": "USD",
        "_source_line": 15,
        "_auto_extracted": true
      },
      {
        "nCantidad": 1.0,
        "tDescripcion": "TOTAL",
        "nPrecioUnitario": 12.0,
        "nPrecioTotal": 12.0,
        "_currency": "$",
        "_source_line": 15,
        "_auto_extracted": true
      },
      {
        "nCantidad": 1.0,
        "tDescripcion": "TOTAL $",
        "nPrecioUnitario": 12.0,
        "nPrecioTotal": 12.0,
        "_currency": "USD",
        "_source_line": 15,
        "_auto_extracted": true
      },
      {
        "nCantidad": 1.0,
        "tDescripcion": "5 July-25 ,688,263 ,832 $ - ,122 ,903,218",
        "nPrecioUnitario": 5.0,
        "nPrecioTotal": 5.0,
        "_currency": "USD",
        "_source_line": 14,
        "_auto_extracted": true
      },
      {
        "nCantidad": 1.0,
        "tDescripcion": "4 June-25 ,658,489 ,616 $ - ,122 ,997,227",
        "nPrecioUnitario": 4.0,
        "nPrecioTotal": 4.0,
        "_currency": "USD",
        "_source_line": 13,
        "_auto_extracted": true
      },
      {
        "nCantidad": 1.0,
        "tDescripcion": "3 May-25 ,480,631 ,009 $ - ,122 ,599,762",
        "nPrecioUnitario": 3.0,
        "nPrecioTotal": 3.0,
        "_currency": "USD",
        "_source_line": 12,
        "_auto_extracted": true
      },
      {
        "nCantidad": 1.0,
        "tDescripcion": "1 March-25",
        "nPrecioUnitario": 2.0,
        "nPrecioTotal": 2.0,
        "_currency": "$",
        "_source_line": 10,
        "_auto_extracted": true
      },
      {
        "nCantidad": 1.0,
        "tDescripcion": "1 March-25 $",
        "nPrecioUnitario": 2.0,
        "nPrecioTotal": 2.0,
        "_currency": "USD",
        "_source_line": 10,
        "_auto_extracted": true
      },
      {
        "nCantidad": 1.0,
        "tDescripcion": "1 March-25 ,588,011 ,836 $ - ,122 ,797,968",
        "nPrecioUnitario": 1.0,
        "nPrecioTotal": 1.0,
        "_currency": "USD",
        "_source_line": 10,
        "_auto_extracted": true
      }
    ],
    "mresumen": [],
    "mcomprobante": [],
    "mjornada": [],
    "mjornada_empleado": [],
    "marchivo_tipo": [],
    "munidad_medida": []
  }
}