{
  "metadata": {
    "version": "1.0.0",
    "parser": "ExtractorOCR",
    "extraction_date": "2025-11-18T14:17:19.260366",
    "type": "structured",
    "email": "mariadelosangeles.abanto@newmont.com",
    "year": 2025,
    "month": "Octubre",
    "request_id": "5ce58b2f-27ec-40f9-8ef1-c192a2b7d2fc",
    "processed_at": "2025-11-18T14:17:19.262406",
    "api_version": "1.0.0",
    "periodo_id": "string"
  },
  "hoja": {
    "tJson": "Newmont\nYANACOCHA\nYANACOCHA WATER TREATMENT\nFeasibility Engineering\nOFFSHORE 26442 - EDP N°5A - COST SUMMARY\nJuly 2025\n1. CURRENT EDP SUMMARY\nBECHTEL\nDESCRIPCIÓN\nUOM\nQty\nTOTAL US$\n1.0 Services Labor\n35,970.20\n$ 2,688,263.27\n1.1 26442007 - LOCALS IN SANTIAGO\nHours\n31,358.20\n$ 2,176,430.60\n1.2 26442008 - EXPATRIATES IN SANTIAGO\nHours\n159.50\n$ 42,464.83\n1.4 26442016 - LOCALS IN US\nHours\n619.50\n$ 89,583.07\n1.5 26442017 - LOCALS IN SANTIAGO TELEWORKING\nHours\n1,038.00\n$ 84,108.17\n1.6 26442019 - EXPATRIATES IN US TELEWORKING\nHours\n245.00\n$ 43,017.25\n1.8 26442222 - NEW DELHI\nHours\n1,204.00\n$ 87,473.56\n1.9 26442421- OFFSHORE (TBL)\nHours\n1,252.00\n$ 162,224.79\n2.0 26442223 - BSQE Labor\nHours\n94.00\n$ 2,961.00\n2.0 Reimbursable Expences\n$ 142,832.27\n2.1 Non Labor\nGLB\n$ 142,832.27\n2.2 Other 3rd Party\nGLB\n$ -\n4.0 FEE\n$ 72,122.00\n4.1 FIXED FEE CURRENT MONTH\nMonth\n1\n$ 72,122.00\n4.2 ADJUSTMENT FIXED FEE\nMonth\n1\n(1) Total EDP N°5A US $ $ 2,903,217.54\n2. ADVANCE FUND REQUEST (DISCOUNT)\nITEM DESCRIPCIÓN\nPeriod Amount\n5.0 Advance Fund Request\n5.1 26442 - Advance Fund Request July 2025\n$ 1,955,859.88\n(2) Total AFR (DISCOUNT) $ 1,955,859.88\n(3) = (1)-(2) Totalotal AFR/EDP reconciliation $ 947,357.66\nTotal INVOICE US $ $ 947,357.66\nLevel 2 - Bechtel Confidential For Authorized Parties Who Require the Information to do Bechtel Work",
    "tJsonTraducido": null,
    "lFormato": false,
    "iMIdioma": 2,
    "iMDocumentoTipo": 1,
    "tSequentialNumber": null
  },
  "additional_data": {
    "mcomprobante": [
      {
        "_stamp_name": "BSQE",
        "tNumero": "US",
        "tSerie": null,
        "nPrecioTotal": 1.0,
        "tCliente": null
      }
    ],
    "mcomprobante_detalle": [
      {
        "nCantidad": 31358.2,
        "tDescripcion": "26442007 - LOCALS IN SANTIAGO",
        "nPrecioUnitario": 69.4,
        "nPrecioTotal": 2176430.6
      },
      {
        "nCantidad": 159.5,
        "tDescripcion": "26442008 - EXPATRIATES IN SANTIAGO",
        "nPrecioUnitario": 266.24,
        "nPrecioTotal": 42464.83
      },
      {
        "nCantidad": 619.5,
        "tDescripcion": "26442016 - LOCALS IN US",
        "nPrecioUnitario": 144.61,
        "nPrecioTotal": 89583.07
      },
      {
        "nCantidad": 1038.0,
        "tDescripcion": "26442017 - LOCALS IN SANTIAGO TELEWORKING",
        "nPrecioUnitario": 81.03,
        "nPrecioTotal": 84108.17
      },
      {
        "nCantidad": 245.0,
        "tDescripcion": "26442019 - EXPATRIATES IN US TELEWORKING",
        "nPrecioUnitario": 175.58,
        "nPrecioTotal": 43017.25
      },
      {
        "nCantidad": 1204.0,
        "tDescripcion": "26442222 - NEW DELHI",
        "nPrecioUnitario": 72.65,
        "nPrecioTotal": 87473.56
      },
      {
        "nCantidad": 1252.0,
        "tDescripcion": "26442421- OFFSHORE (TBL)",
        "nPrecioUnitario": 129.57,
        "nPrecioTotal": 162224.79
      },
      {
        "nCantidad": 94.0,
        "tDescripcion": "26442223 - BSQE Labor",
        "nPrecioUnitario": 31.5,
        "nPrecioTotal": 2961.0
      },
      {
        "nCantidad": 1.0,
        "tDescripcion": "FIXED FEE CURRENT MONTH",
        "nPrecioUnitario": 72122.0,
        "nPrecioTotal": 72122.0
      },
      {
        "nCantidad": 1.0,
        "tDescripcion": "(1) Total EDP N°5A US $",
        "nPrecioUnitario": 2903217.54,
        "nPrecioTotal": 2903217.54,
        "_currency": "$",
        "_source_line": 65,
        "_auto_extracted": true
      },
      {
        "nCantidad": 1.0,
        "tDescripcion": "(1) Total EDP N°5A US $ $",
        "nPrecioUnitario": 2903217.54,
        "nPrecioTotal": 2903217.54,
        "_currency": "USD",
        "_source_line": 65,
        "_auto_extracted": true
      },
      {
        "nCantidad": 1.0,
        "tDescripcion": "Valor monetario línea 15",
        "nPrecioUnitario": 2688263.27,
        "nPrecioTotal": 2688263.27,
        "_currency": "$",
        "_source_line": 15,
        "_auto_extracted": true
      },
      {
        "nCantidad": 1.0,
        "tDescripcion": "$",
        "nPrecioUnitario": 2688263.27,
        "nPrecioTotal": 2688263.27,
        "_currency": "USD",
        "_source_line": 15,
        "_auto_extracted": true
      },
      {
        "nCantidad": 1.0,
        "tDescripcion": "Valor monetario línea 71",
        "nPrecioUnitario": 1955859.88,
        "nPrecioTotal": 1955859.88,
        "_currency": "$",
        "_source_line": 71,
        "_auto_extracted": true
      },
      {
        "nCantidad": 1.0,
        "tDescripcion": "$",
        "nPrecioUnitario": 1955859.88,
        "nPrecioTotal": 1955859.88,
        "_currency": "USD",
        "_source_line": 71,
        "_auto_extracted": true
      },
      {
        "nCantidad": 1.0,
        "tDescripcion": "(3) = (1)-(2) Totalotal AFR/EDP reconciliation",
        "nPrecioUnitario": 947357.66,
        "nPrecioTotal": 947357.66,
        "_currency": "$",
        "_source_line": 73,
        "_auto_extracted": true
      },
      {
        "nCantidad": 1.0,
        "tDescripcion": "(3) = (1)-(2) Totalotal AFR/EDP reconciliation $",
        "nPrecioUnitario": 947357.66,
        "nPrecioTotal": 947357.66,
        "_currency": "USD",
        "_source_line": 73,
        "_auto_extracted": true
      },
      {
        "nCantidad": 1.0,
        "tDescripcion": "Valor monetario línea 49",
        "nPrecioUnitario": 142832.27,
        "nPrecioTotal": 142832.27,
        "_currency": "$",
        "_source_line": 49,
        "_auto_extracted": true
      },
      {
        "nCantidad": 1.0,
        "tDescripcion": "$",
        "nPrecioUnitario": 142832.27,
        "nPrecioTotal": 142832.27,
        "_currency": "USD",
        "_source_line": 49,
        "_auto_extracted": true
      },
      {
        "nCantidad": 1.0,
        "tDescripcion": "Valor monetario línea 14",
        "nPrecioUnitario": 35970.2,
        "nPrecioTotal": 35970.2,
        "_currency": "USD",
        "_source_line": 14,
        "_auto_extracted": true
      },
      {
        "nCantidad": 1.0,
        "tDescripcion": "Valor monetario línea 18",
        "nPrecioUnitario": 31358.2,
        "nPrecioTotal": 31358.2,
        "_currency": "USD",
        "_source_line": 18,
        "_auto_extracted": true
      },
      {
        "nCantidad": 1.0,
        "tDescripcion": "Valor monetario línea 42",
        "nPrecioUnitario": 1252.0,
        "nPrecioTotal": 1252.0,
        "_currency": "USD",
        "_source_line": 42,
        "_auto_extracted": true
      },
      {
        "nCantidad": 1.0,
        "tDescripcion": "Valor monetario línea 38",
        "nPrecioUnitario": 1204.0,
        "nPrecioTotal": 1204.0,
        "_currency": "USD",
        "_source_line": 38,
        "_auto_extracted": true
      },
      {
        "nCantidad": 1.0,
        "tDescripcion": "Valor monetario línea 30",
        "nPrecioUnitario": 1038.0,
        "nPrecioTotal": 1038.0,
        "_currency": "USD",
        "_source_line": 30,
        "_auto_extracted": true
      },
      {
        "nCantidad": 1.0,
        "tDescripcion": "(3) = (1)-(2) Totalotal AFR/EDP reconciliation",
        "nPrecioUnitario": 947.0,
        "nPrecioTotal": 947.0,
        "_currency": "$",
        "_source_line": 73,
        "_auto_extracted": true
      },
      {
        "nCantidad": 1.0,
        "tDescripcion": "Valor monetario línea 26",
        "nPrecioUnitario": 619.5,
        "nPrecioTotal": 619.5,
        "_currency": "USD",
        "_source_line": 26,
        "_auto_extracted": true
      },
      {
        "nCantidad": 1.0,
        "tDescripcion": "Valor monetario línea 34",
        "nPrecioUnitario": 245.0,
        "nPrecioTotal": 245.0,
        "_currency": "USD",
        "_source_line": 34,
        "_auto_extracted": true
      },
      {
        "nCantidad": 1.0,
        "tDescripcion": "Valor monetario línea 43",
        "nPrecioUnitario": 162.0,
        "nPrecioTotal": 162.0,
        "_currency": "$",
        "_source_line": 43,
        "_auto_extracted": true
      },
      {
        "nCantidad": 1.0,
        "tDescripcion": "Valor monetario línea 22",
        "nPrecioUnitario": 159.5,
        "nPrecioTotal": 159.5,
        "_currency": "USD",
        "_source_line": 22,
        "_auto_extracted": true
      },
      {
        "nCantidad": 1.0,
        "tDescripcion": "Valor monetario línea 49",
        "nPrecioUnitario": 142.0,
        "nPrecioTotal": 142.0,
        "_currency": "$",
        "_source_line": 49,
        "_auto_extracted": true
      },
      {
        "nCantidad": 1.0,
        "tDescripcion": "Valor monetario línea 46",
        "nPrecioUnitario": 94.0,
        "nPrecioTotal": 94.0,
        "_currency": "USD",
        "_source_line": 46,
        "_auto_extracted": true
      },
      {
        "nCantidad": 1.0,
        "tDescripcion": "Valor monetario línea 27",
        "nPrecioUnitario": 89.0,
        "nPrecioTotal": 89.0,
        "_currency": "$",
        "_source_line": 27,
        "_auto_extracted": true
      },
      {
        "nCantidad": 1.0,
        "tDescripcion": "$",
        "nPrecioUnitario": 89.0,
        "nPrecioTotal": 89.0,
        "_currency": "USD",
        "_source_line": 27,
        "_auto_extracted": true
      },
      {
        "nCantidad": 1.0,
        "tDescripcion": ",955,859.",
        "nPrecioUnitario": 88.0,
        "nPrecioTotal": 88.0,
        "_currency": "USD",
        "_source_line": 71,
        "_auto_extracted": true
      },
      {
        "nCantidad": 1.0,
        "tDescripcion": "Valor monetario línea 39",
        "nPrecioUnitario": 87.0,
        "nPrecioTotal": 87.0,
        "_currency": "$",
        "_source_line": 39,
        "_auto_extracted": true
      },
      {
        "nCantidad": 1.0,
        "tDescripcion": "$",
        "nPrecioUnitario": 87.0,
        "nPrecioTotal": 87.0,
        "_currency": "USD",
        "_source_line": 39,
        "_auto_extracted": true
      },
      {
        "nCantidad": 1.0,
        "tDescripcion": "Valor monetario línea 31",
        "nPrecioUnitario": 84.0,
        "nPrecioTotal": 84.0,
        "_currency": "$",
        "_source_line": 31,
        "_auto_extracted": true
      },
      {
        "nCantidad": 1.0,
        "tDescripcion": "$",
        "nPrecioUnitario": 84.0,
        "nPrecioTotal": 84.0,
        "_currency": "USD",
        "_source_line": 31,
        "_auto_extracted": true
      },
      {
        "nCantidad": 1.0,
        "tDescripcion": ",464.",
        "nPrecioUnitario": 83.0,
        "nPrecioTotal": 83.0,
        "_currency": "USD",
        "_source_line": 23,
        "_auto_extracted": true
      },
      {
        "nCantidad": 1.0,
        "tDescripcion": ",224.",
        "nPrecioUnitario": 79.0,
        "nPrecioTotal": 79.0,
        "_currency": "USD",
        "_source_line": 43,
        "_auto_extracted": true
      },
      {
        "nCantidad": 1.0,
        "tDescripcion": "Valor monetario línea 57",
        "nPrecioUnitario": 72.0,
        "nPrecioTotal": 72.0,
        "_currency": "$",
        "_source_line": 57,
        "_auto_extracted": true
      },
      {
        "nCantidad": 1.0,
        "tDescripcion": "$",
        "nPrecioUnitario": 72.0,
        "nPrecioTotal": 72.0,
        "_currency": "USD",
        "_source_line": 57,
        "_auto_extracted": true
      },
      {
        "nCantidad": 1.0,
        "tDescripcion": "(3) = (1)-(2) Totalotal AFR/EDP reconciliation ,357.",
        "nPrecioUnitario": 66.0,
        "nPrecioTotal": 66.0,
        "_currency": "USD",
        "_source_line": 73,
        "_auto_extracted": true
      },
      {
        "nCantidad": 1.0,
        "tDescripcion": ",176,430.",
        "nPrecioUnitario": 60.0,
        "nPrecioTotal": 60.0,
        "_currency": "USD",
        "_source_line": 19,
        "_auto_extracted": true
      },
      {
        "nCantidad": 1.0,
        "tDescripcion": ",473.",
        "nPrecioUnitario": 56.0,
        "nPrecioTotal": 56.0,
        "_currency": "USD",
        "_source_line": 39,
        "_auto_extracted": true
      },
      {
        "nCantidad": 1.0,
        "tDescripcion": "(1) Total EDP N°5A US $ ,903,217.",
        "nPrecioUnitario": 54.0,
        "nPrecioTotal": 54.0,
        "_currency": "USD",
        "_source_line": 65,
        "_auto_extracted": true
      },
      {
        "nCantidad": 1.0,
        "tDescripcion": "Valor monetario línea 35",
        "nPrecioUnitario": 43.0,
        "nPrecioTotal": 43.0,
        "_currency": "$",
        "_source_line": 35,
        "_auto_extracted": true
      },
      {
        "nCantidad": 1.0,
        "tDescripcion": "$",
        "nPrecioUnitario": 43.0,
        "nPrecioTotal": 43.0,
        "_currency": "USD",
        "_source_line": 35,
        "_auto_extracted": true
      },
      {
        "nCantidad": 1.0,
        "tDescripcion": "Valor monetario línea 23",
        "nPrecioUnitario": 42.0,
        "nPrecioTotal": 42.0,
        "_currency": "$",
        "_source_line": 23,
        "_auto_extracted": true
      },
      {
        "nCantidad": 1.0,
        "tDescripcion": "$",
        "nPrecioUnitario": 42.0,
        "nPrecioTotal": 42.0,
        "_currency": "USD",
        "_source_line": 23,
        "_auto_extracted": true
      },
      {
        "nCantidad": 1.0,
        "tDescripcion": ",688,263.",
        "nPrecioUnitario": 27.0,
        "nPrecioTotal": 27.0,
        "_currency": "USD",
        "_source_line": 15,
        "_auto_extracted": true
      },
      {
        "nCantidad": 1.0,
        "tDescripcion": ",017.",
        "nPrecioUnitario": 25.0,
        "nPrecioTotal": 25.0,
        "_currency": "USD",
        "_source_line": 35,
        "_auto_extracted": true
      },
      {
        "nCantidad": 1.0,
        "tDescripcion": ",108.",
        "nPrecioUnitario": 17.0,
        "nPrecioTotal": 17.0,
        "_currency": "USD",
        "_source_line": 31,
        "_auto_extracted": true
      },
      {
        "nCantidad": 1.0,
        "tDescripcion": ",583.",
        "nPrecioUnitario": 7.0,
        "nPrecioTotal": 7.0,
        "_currency": "USD",
        "_source_line": 27,
        "_auto_extracted": true
      },
      {
        "nCantidad": 1.0,
        "tDescripcion": "4.0 FEE",
        "nPrecioUnitario": 4.0,
        "nPrecioTotal": 4.0,
        "_currency": "USD",
        "_source_line": 56,
        "_auto_extracted": true
      },
      {
        "nCantidad": 1.0,
        "tDescripcion": "(",
        "nPrecioUnitario": 3.0,
        "nPrecioTotal": 3.0,
        "_currency": "USD",
        "_source_line": 73,
        "_auto_extracted": true
      },
      {
        "nCantidad": 1.0,
        "tDescripcion": "Valor monetario línea 15",
        "nPrecioUnitario": 2.0,
        "nPrecioTotal": 2.0,
        "_currency": "$",
        "_source_line": 15,
        "_auto_extracted": true
      },
      {
        "nCantidad": 1.0,
        "tDescripcion": "$",
        "nPrecioUnitario": 2.0,
        "nPrecioTotal": 2.0,
        "_currency": "USD",
        "_source_line": 15,
        "_auto_extracted": true
      },
      {
        "nCantidad": 1.0,
        "tDescripcion": "4.",
        "nPrecioUnitario": 1.0,
        "nPrecioTotal": 1.0,
        "_currency": "USD",
        "_source_line": 58,
        "_auto_extracted": true
      },
      {
        "nCantidad": 1.0,
        "tDescripcion": "Valor monetario línea 71",
        "nPrecioUnitario": 1.0,
        "nPrecioTotal": 1.0,
        "_currency": "$",
        "_source_line": 71,
        "_auto_extracted": true
      }
    ],
    "midioma": [
      {
        "iMIdioma": 2,
        "tIdioma": "Inglés"
      }
    ],
    "mdocumento_tipo": [
      {
        "iMDocumentoTipo": 1,
        "tTipo": "Comprobante"
      }
    ],
    "mdivisa": [
      {
        "tDivisa": "USD"
      }
    ],
    "mnaturaleza": [
      {
        "tNaturaleza": "Otro"
      }
    ],
    "mproveedor": [
      {
        "tRazonSocial": "A"
      }
    ],
    "mresumen": [],
    "mjornada": [],
    "mjornada_empleado": [],
    "marchivo_tipo": [],
    "munidad_medida": []
  }
}