{
  "metadata": {
    "version": "1.0.0",
    "parser": "ExtractorOCR",
    "extraction_date": "2025-11-18T14:17:13.364342",
    "type": "structured",
    "email": "mariadelosangeles.abanto@newmont.com",
    "year": 2025,
    "month": "Octubre",
    "request_id": "5ce58b2f-27ec-40f9-8ef1-c192a2b7d2fc",
    "processed_at": "2025-11-18T14:17:19.262406",
    "api_version": "1.0.0",
    "periodo_id": "string"
  },
  "hoja": {
    "tJson": "Newmont\nYANACOCHA\nYANACOCHA WATER TREATMENT\nSUMMARY REIMBURSABLE EXPENDITURE - OFFSHORE 26442\nEDP 5A - July 2025\nBECHTEL\nTYPE\nSource Reference\nSource Ref ID\nDescription\nTotal (US$)\nStamp Name Sequential Number\nSupplier Quality (BSQE) Services\n2336732507B0032\nJUL-25 BSQE OH RECOVERY\nBSQE\n$ 6,369 BSQE BS0001\n1000050793 33325\nHAWK INTERNATIONAL SRL\nBSQE\n$ 123 BSQE BS0002\n1000050793 33525\nHAWK INTERNATIONAL SRL\nBSQE\n$ 3,758 BSQE BS0003\n1000000434 SHINSCS2500784B01\nSGS-CSTC STANDARDS TECHNICAL SERVICES SHANGHAI CO., LTD\nBSQE\n$ 1,461 BSQE BS0004\nOBARSS2507BGS5\nBSQE Labor\nBSQE\n$ 44,868 BSQE BS0005\nOBARSS2507BGS3\nBSQE Labor\nBSQE\n$ 19,840 BSQE BS0006\nOBARSS2507BGS4\nBSQE Labor\nBSQE\n$ 1,725 BSQE BS0007\nOBARSS2507BGS1\nBSQE Labor\nBSQE\n$ 6,664 BSQE BS0008\nOBARSS2507BGS2\nBSQE Labor\nBSQE\n$ 8,204 BSQE BS0009\n2336732507B0012\nBSQE JUL25 MAR ENTRIES\nBSQE\n$ 2,600 BSQE BS0010\nSupplier Quality (BSQE) Services\n$ 95,611\nOther Reimbursables\n792855 4QL9RG\nFLORES FUENTES, FANNY LORENA\nOther Employee Related Expenses\n$ 1,880 OTEM OE0001\n905606 U4GQYO\nTORRES FERREIRA, LORENA VALERIA\nOther Employee Related Expenses\n$ 91 OTEM OE0002\nOBARSS2507BWB1\nOther Internal Services\nWATC Testing and Lab. Services\n$ 45,250 OTRE OR0001\nOther Reimbursables\n$ 47,221\n$ 142,832\nLevel 2 - Bechtel Confidential For Authorized Parties Who Require the Information to do Bechtel Work",
    "tJsonTraducido": null,
    "lFormato": true,
    "iMIdioma": 2,
    "iMDocumentoTipo": 2,
    "tSequentialNumber": "BS0001"
  },
  "additional_data": {
    "midioma": [
      {
        "iMIdioma": 2,
        "tIdioma": "Inglés"
      }
    ],
    "mdocumento_tipo": [
      {
        "iMDocumentoTipo": 2,
        "tTipo": "Resumen"
      }
    ],
    "mdivisa": [
      {
        "tDivisa": "USD"
      }
    ],
    "mnaturaleza": [
      {
        "tNaturaleza": "Otro"
      }
    ],
    "mproveedor": [
      {
        "tRazonSocial": "ECOVERY\nBSQE"
      }
    ],
    "mcomprobante_detalle": [
      {
        "nCantidad": 1.0,
        "tDescripcion": ",832",
        "nPrecioUnitario": 142.0,
        "nPrecioTotal": 142.0,
        "_currency": "$",
        "_source_line": 71,
        "_auto_extracted": true
      },
      {
        "nCantidad": 1.0,
        "tDescripcion": "BSQE BS0002",
        "nPrecioUnitario": 123.0,
        "nPrecioTotal": 123.0,
        "_currency": "$",
        "_source_line": 21,
        "_auto_extracted": true
      },
      {
        "nCantidad": 1.0,
        "tDescripcion": ",611",
        "nPrecioUnitario": 95.0,
        "nPrecioTotal": 95.0,
        "_currency": "$",
        "_source_line": 55,
        "_auto_extracted": true
      },
      {
        "nCantidad": 1.0,
        "tDescripcion": "$",
        "nPrecioUnitario": 95.0,
        "nPrecioTotal": 95.0,
        "_currency": "USD",
        "_source_line": 55,
        "_auto_extracted": true
      },
      {
        "nCantidad": 1.0,
        "tDescripcion": "OTEM OE0002",
        "nPrecioUnitario": 91.0,
        "nPrecioTotal": 91.0,
        "_currency": "$",
        "_source_line": 64,
        "_auto_extracted": true
      },
      {
        "nCantidad": 1.0,
        "tDescripcion": ",221",
        "nPrecioUnitario": 47.0,
        "nPrecioTotal": 47.0,
        "_currency": "$",
        "_source_line": 70,
        "_auto_extracted": true
      },
      {
        "nCantidad": 1.0,
        "tDescripcion": "$",
        "nPrecioUnitario": 47.0,
        "nPrecioTotal": 47.0,
        "_currency": "USD",
        "_source_line": 70,
        "_auto_extracted": true
      },
      {
        "nCantidad": 1.0,
        "tDescripcion": ",250 OTRE OR0001",
        "nPrecioUnitario": 45.0,
        "nPrecioTotal": 45.0,
        "_currency": "$",
        "_source_line": 68,
        "_auto_extracted": true
      },
      {
        "nCantidad": 1.0,
        "tDescripcion": ",868 BSQE BS0005",
        "nPrecioUnitario": 44.0,
        "nPrecioTotal": 44.0,
        "_currency": "$",
        "_source_line": 33,
        "_auto_extracted": true
      },
      {
        "nCantidad": 1.0,
        "tDescripcion": ",840 BSQE BS0006",
        "nPrecioUnitario": 19.0,
        "nPrecioTotal": 19.0,
        "_currency": "$",
        "_source_line": 37,
        "_auto_extracted": true
      },
      {
        "nCantidad": 1.0,
        "tDescripcion": ",204 BSQE BS0009",
        "nPrecioUnitario": 8.0,
        "nPrecioTotal": 8.0,
        "_currency": "$",
        "_source_line": 49,
        "_auto_extracted": true
      },
      {
        "nCantidad": 1.0,
        "tDescripcion": ",369 BSQE BS0001",
        "nPrecioUnitario": 6.0,
        "nPrecioTotal": 6.0,
        "_currency": "$",
        "_source_line": 17,
        "_auto_extracted": true
      },
      {
        "nCantidad": 1.0,
        "tDescripcion": ",758 BSQE BS0003",
        "nPrecioUnitario": 3.0,
        "nPrecioTotal": 3.0,
        "_currency": "$",
        "_source_line": 25,
        "_auto_extracted": true
      },
      {
        "nCantidad": 1.0,
        "tDescripcion": ",600 BSQE BS0010",
        "nPrecioUnitario": 2.0,
        "nPrecioTotal": 2.0,
        "_currency": "$",
        "_source_line": 53,
        "_auto_extracted": true
      },
      {
        "nCantidad": 1.0,
        "tDescripcion": ",461 BSQE BS0004",
        "nPrecioUnitario": 1.0,
        "nPrecioTotal": 1.0,
        "_currency": "$",
        "_source_line": 29,
        "_auto_extracted": true
      }
    ],
    "mresumen": [],
    "mcomprobante": [],
    "mjornada": [],
    "mjornada_empleado": [],
    "marchivo_tipo": [],
    "munidad_medida": []
  }
}