{
  "metadata": {
    "version": "1.0.0",
    "parser": "ExtractorOCR",
    "extraction_date": "2025-11-18T14:17:17.260106",
    "type": "structured",
    "email": "mariadelosangeles.abanto@newmont.com",
    "year": 2025,
    "month": "Octubre",
    "request_id": "5ce58b2f-27ec-40f9-8ef1-c192a2b7d2fc",
    "processed_at": "2025-11-18T14:17:19.262406",
    "api_version": "1.0.0",
    "periodo_id": "string"
  },
  "hoja": {
    "tJson": "Newmont\nYANACOCHA\nTM\nYANACOCHA WATER TREATMENT\nSUMMARY LABOR - OFFSHORE 26442\nBECHTEL\nEDP 5A - July 2025\nDepartment Discipline Wages Expatriate Allowances Multiplier ODC Total US $ Total Hours\nEngineering Civil/Structural/Architectural Engineering $ 133,049 $ - $ 165,939 $ 98,006 $ 396,995 5,904\nElectrical Engineering $ 102,192 $ - $ 129,721 $ 76,999 $ 308,913 4,639\nG&HES $ 19,059 $ - $ 23,883 $ 14,460 $ 57,401 870\nEngineering Management $ 24,008 $ - $ 30,118 $ 9,104 $ 63,230 547\nPipeline Engineering $ 37,263 $ - $ 36,306 $ 15,225 $ 88,795 892\nPlant Design & Piping $ 160,328 $ - $ 193,013 $ 109,755 $ 463,096 6,602\nEngineering Automation $ 17,339 $ - $ 22,306 $ 10,740 $ 50,385 647\nMechanical Engineering $ 22,527 $ - $ 29,284 $ 15,421 $ 67,232 929\nControl Systems Engineering $ 74,071 $ - $ 90,662 $ 51,597 $ 216,329 3,108\nMaterials Engineering Technology $ 17,106 $ - $ 10,079 $ 4,371 $ 31,556 268\nProcess & Process Safety Engineering $ 41,339 $ - $ $ $ 41,339 555\nTanks Engineering $ 108,845 $ - $ 45,998 $ 18,321 $ 173,163 1,593\nEngineering Total $ 757,126 $ - $ 777,309 $ 424,000 $ 1,958,435 26,553\nOther Services Admin Support/F&A $ 15,035 $ - $ 19,297 $ 22,887 $ 57,220 1,379\nConstruction $ 9,053 $ - $ 11,769 $ 7,221 $ 28,044 435\nContracts $ 8,272 $ - $ 10,753 $ 6,379 $ 25,403 384\nES&H $ 5,407 $ - $ 6,905 $ 3,266 $ 15,577 197\nField Engineering $ 12,326 $ - $ 15,772 $ 9,491 $ 37,589 572\nIS&T $ 1,611 $ - $ 1,978 $ 1,563 $ 5,151 94\nOff Project Support $ 24,916 $ - $ 14,512 $ 4,631 $ 44,060 249\nProcurement $ 86,516 $ 11,260 $ 94,677 $ 39,757 $ 232,210 2,488\nProject Controls $ 40,376 $ - $ 51,578 $ 30,718 $ 122,673 1,851\nProject Management $ 20,996 $ 432 $ 26,675 $ 6,462 $ 54,565 389\nQuality Assurance $ 5,821 $ - $ 6,724 $ 4,759 $ 17,303 285\nTank Business Line $ 11,860 $ - $ 8,302 $ 4,185 $ 24,347 225\nTanks - Field $ 2,430 $ - $ 3,159 $ 1,461 $ 7,050 88\nWorkforce Services $ 2,665 $ - $ 3,325 $ 1,577 $ 7,567 95\nBEO $ 17,253 $ - $ 22,383 $ 11,435 $ 51,070 689\nOther Services Total $ 264,536 $ 11,692 $ 297,809 $ 155,792 $ 729,829 9,418\n$ 1,021,662 $ 11,692 $ 1,075,118 $ 579,792 $ 2,688,263 35,970\nLevel 2 - Bechtel Confidential For Authorized Parties Who Require the Information to do Bechtel Work",
    "tJsonTraducido": null,
    "lFormato": true,
    "iMIdioma": 2,
    "iMDocumentoTipo": 2,
    "tSequentialNumber": null
  },
  "additional_data": {
    "midioma": [
      {
        "iMIdioma": 2,
        "tIdioma": "Inglés"
      }
    ],
    "mdocumento_tipo": [
      {
        "iMDocumentoTipo": 2,
        "tTipo": "Resumen"
      }
    ],
    "mdivisa": [
      {
        "tDivisa": "USD"
      }
    ],
    "mnaturaleza": [
      {
        "tNaturaleza": "Otro"
      }
    ],
    "mproveedor": [
      {
        "tRazonSocial": "HA WATER TREATMENT\nSUMMARY LABOR"
      }
    ],
    "mcomprobante_detalle": [
      {
        "nCantidad": 1.0,
        "tDescripcion": "Engineering Total ,126 $ -",
        "nPrecioUnitario": 777.0,
        "nPrecioTotal": 777.0,
        "_currency": "$",
        "_source_line": 21,
        "_auto_extracted": true
      },
      {
        "nCantidad": 1.0,
        "tDescripcion": "Engineering Total",
        "nPrecioUnitario": 757.0,
        "nPrecioTotal": 757.0,
        "_currency": "$",
        "_source_line": 21,
        "_auto_extracted": true
      },
      {
        "nCantidad": 1.0,
        "tDescripcion": "Other Services Total ,536 ,692 ,809 ,792",
        "nPrecioUnitario": 729.0,
        "nPrecioTotal": 729.0,
        "_currency": "$",
        "_source_line": 37,
        "_auto_extracted": true
      },
      {
        "nCantidad": 1.0,
        "tDescripcion": ",021,662 ,692 ,075,118",
        "nPrecioUnitario": 579.0,
        "nPrecioTotal": 579.0,
        "_currency": "$",
        "_source_line": 38,
        "_auto_extracted": true
      },
      {
        "nCantidad": 1.0,
        "tDescripcion": "Plant Design & Piping ,328 $ - ,013 ,755",
        "nPrecioUnitario": 463.0,
        "nPrecioTotal": 463.0,
        "_currency": "$",
        "_source_line": 14,
        "_auto_extracted": true
      },
      {
        "nCantidad": 1.0,
        "tDescripcion": "Project Management ,996",
        "nPrecioUnitario": 432.0,
        "nPrecioTotal": 432.0,
        "_currency": "$",
        "_source_line": 31,
        "_auto_extracted": true
      },
      {
        "nCantidad": 1.0,
        "tDescripcion": "Engineering Total ,126 $ - ,309",
        "nPrecioUnitario": 424.0,
        "nPrecioTotal": 424.0,
        "_currency": "$",
        "_source_line": 21,
        "_auto_extracted": true
      },
      {
        "nCantidad": 1.0,
        "tDescripcion": "Engineering Civil/Structural/Architectural Engineering ,049 $ - ,939 ,006",
        "nPrecioUnitario": 396.0,
        "nPrecioTotal": 396.0,
        "_currency": "$",
        "_source_line": 9,
        "_auto_extracted": true
      },
      {
        "nCantidad": 1.0,
        "tDescripcion": "Electrical Engineering ,192 $ - ,721 ,999",
        "nPrecioUnitario": 308.0,
        "nPrecioTotal": 308.0,
        "_currency": "$",
        "_source_line": 10,
        "_auto_extracted": true
      },
      {
        "nCantidad": 1.0,
        "tDescripcion": "Other Services Total ,536 ,692",
        "nPrecioUnitario": 297.0,
        "nPrecioTotal": 297.0,
        "_currency": "$",
        "_source_line": 37,
        "_auto_extracted": true
      },
      {
        "nCantidad": 1.0,
        "tDescripcion": "Other Services Total",
        "nPrecioUnitario": 264.0,
        "nPrecioTotal": 264.0,
        "_currency": "$",
        "_source_line": 37,
        "_auto_extracted": true
      },
      {
        "nCantidad": 1.0,
        "tDescripcion": "Procurement ,516 ,260 ,677 ,757",
        "nPrecioUnitario": 232.0,
        "nPrecioTotal": 232.0,
        "_currency": "$",
        "_source_line": 29,
        "_auto_extracted": true
      },
      {
        "nCantidad": 1.0,
        "tDescripcion": "Control Systems Engineering ,071 $ - ,662 ,597",
        "nPrecioUnitario": 216.0,
        "nPrecioTotal": 216.0,
        "_currency": "$",
        "_source_line": 17,
        "_auto_extracted": true
      },
      {
        "nCantidad": 1.0,
        "tDescripcion": "Plant Design & Piping ,328 $ -",
        "nPrecioUnitario": 193.0,
        "nPrecioTotal": 193.0,
        "_currency": "$",
        "_source_line": 14,
        "_auto_extracted": true
      },
      {
        "nCantidad": 1.0,
        "tDescripcion": "Tanks Engineering ,845 $ - ,998 ,321",
        "nPrecioUnitario": 173.0,
        "nPrecioTotal": 173.0,
        "_currency": "$",
        "_source_line": 20,
        "_auto_extracted": true
      },
      {
        "nCantidad": 1.0,
        "tDescripcion": "Engineering Civil/Structural/Architectural Engineering ,049 $ -",
        "nPrecioUnitario": 165.0,
        "nPrecioTotal": 165.0,
        "_currency": "$",
        "_source_line": 9,
        "_auto_extracted": true
      },
      {
        "nCantidad": 1.0,
        "tDescripcion": "Plant Design & Piping",
        "nPrecioUnitario": 160.0,
        "nPrecioTotal": 160.0,
        "_currency": "$",
        "_source_line": 14,
        "_auto_extracted": true
      },
      {
        "nCantidad": 1.0,
        "tDescripcion": "Other Services Total ,536 ,692 ,809",
        "nPrecioUnitario": 155.0,
        "nPrecioTotal": 155.0,
        "_currency": "$",
        "_source_line": 37,
        "_auto_extracted": true
      },
      {
        "nCantidad": 1.0,
        "tDescripcion": "Engineering Civil/Structural/Architectural Engineering",
        "nPrecioUnitario": 133.0,
        "nPrecioTotal": 133.0,
        "_currency": "$",
        "_source_line": 9,
        "_auto_extracted": true
      },
      {
        "nCantidad": 1.0,
        "tDescripcion": "Electrical Engineering ,192 $ -",
        "nPrecioUnitario": 129.0,
        "nPrecioTotal": 129.0,
        "_currency": "$",
        "_source_line": 10,
        "_auto_extracted": true
      },
      {
        "nCantidad": 1.0,
        "tDescripcion": "Project Controls ,376 $ - ,578 ,718",
        "nPrecioUnitario": 122.0,
        "nPrecioTotal": 122.0,
        "_currency": "$",
        "_source_line": 30,
        "_auto_extracted": true
      },
      {
        "nCantidad": 1.0,
        "tDescripcion": "Plant Design & Piping ,328 $ - ,013",
        "nPrecioUnitario": 109.0,
        "nPrecioTotal": 109.0,
        "_currency": "$",
        "_source_line": 14,
        "_auto_extracted": true
      },
      {
        "nCantidad": 1.0,
        "tDescripcion": "Tanks Engineering",
        "nPrecioUnitario": 108.0,
        "nPrecioTotal": 108.0,
        "_currency": "$",
        "_source_line": 20,
        "_auto_extracted": true
      },
      {
        "nCantidad": 1.0,
        "tDescripcion": "Electrical Engineering",
        "nPrecioUnitario": 102.0,
        "nPrecioTotal": 102.0,
        "_currency": "$",
        "_source_line": 10,
        "_auto_extracted": true
      },
      {
        "nCantidad": 1.0,
        "tDescripcion": "Engineering Civil/Structural/Architectural Engineering ,049 $ - ,939",
        "nPrecioUnitario": 98.0,
        "nPrecioTotal": 98.0,
        "_currency": "$",
        "_source_line": 9,
        "_auto_extracted": true
      },
      {
        "nCantidad": 1.0,
        "tDescripcion": "Engineering Civil/Structural/Architectural Engineering ,049 $ - ,939 $",
        "nPrecioUnitario": 98.0,
        "nPrecioTotal": 98.0,
        "_currency": "USD",
        "_source_line": 9,
        "_auto_extracted": true
      },
      {
        "nCantidad": 1.0,
        "tDescripcion": "Workforce Services ,665 $ - ,325 ,577 ,567",
        "nPrecioUnitario": 95.0,
        "nPrecioTotal": 95.0,
        "_currency": "USD",
        "_source_line": 35,
        "_auto_extracted": true
      },
      {
        "nCantidad": 1.0,
        "tDescripcion": "IS&T ,611 $ - ,978 ,563 ,151",
        "nPrecioUnitario": 94.0,
        "nPrecioTotal": 94.0,
        "_currency": "USD",
        "_source_line": 27,
        "_auto_extracted": true
      },
      {
        "nCantidad": 1.0,
        "tDescripcion": "Procurement ,516 ,260",
        "nPrecioUnitario": 94.0,
        "nPrecioTotal": 94.0,
        "_currency": "$",
        "_source_line": 29,
        "_auto_extracted": true
      },
      {
        "nCantidad": 1.0,
        "tDescripcion": "Control Systems Engineering ,071 $ -",
        "nPrecioUnitario": 90.0,
        "nPrecioTotal": 90.0,
        "_currency": "$",
        "_source_line": 17,
        "_auto_extracted": true
      },
      {
        "nCantidad": 1.0,
        "tDescripcion": "Control Systems Engineering ,071 $ - $",
        "nPrecioUnitario": 90.0,
        "nPrecioTotal": 90.0,
        "_currency": "USD",
        "_source_line": 17,
        "_auto_extracted": true
      },
      {
        "nCantidad": 1.0,
        "tDescripcion": "Pipeline Engineering ,263 $ - ,306 ,225",
        "nPrecioUnitario": 88.0,
        "nPrecioTotal": 88.0,
        "_currency": "$",
        "_source_line": 13,
        "_auto_extracted": true
      },
      {
        "nCantidad": 1.0,
        "tDescripcion": "Pipeline Engineering ,263 $ - ,306 ,225 $",
        "nPrecioUnitario": 88.0,
        "nPrecioTotal": 88.0,
        "_currency": "USD",
        "_source_line": 13,
        "_auto_extracted": true
      },
      {
        "nCantidad": 1.0,
        "tDescripcion": "Procurement",
        "nPrecioUnitario": 86.0,
        "nPrecioTotal": 86.0,
        "_currency": "$",
        "_source_line": 29,
        "_auto_extracted": true
      },
      {
        "nCantidad": 1.0,
        "tDescripcion": "Procurement $",
        "nPrecioUnitario": 86.0,
        "nPrecioTotal": 86.0,
        "_currency": "USD",
        "_source_line": 29,
        "_auto_extracted": true
      },
      {
        "nCantidad": 1.0,
        "tDescripcion": "Electrical Engineering ,192 $ - ,721",
        "nPrecioUnitario": 76.0,
        "nPrecioTotal": 76.0,
        "_currency": "$",
        "_source_line": 10,
        "_auto_extracted": true
      },
      {
        "nCantidad": 1.0,
        "tDescripcion": "Electrical Engineering ,192 $ - ,721 $",
        "nPrecioUnitario": 76.0,
        "nPrecioTotal": 76.0,
        "_currency": "USD",
        "_source_line": 10,
        "_auto_extracted": true
      },
      {
        "nCantidad": 1.0,
        "tDescripcion": "Control Systems Engineering",
        "nPrecioUnitario": 74.0,
        "nPrecioTotal": 74.0,
        "_currency": "$",
        "_source_line": 17,
        "_auto_extracted": true
      },
      {
        "nCantidad": 1.0,
        "tDescripcion": "Control Systems Engineering $",
        "nPrecioUnitario": 74.0,
        "nPrecioTotal": 74.0,
        "_currency": "USD",
        "_source_line": 17,
        "_auto_extracted": true
      },
      {
        "nCantidad": 1.0,
        "tDescripcion": "Mechanical Engineering ,527 $ - ,284 ,421",
        "nPrecioUnitario": 67.0,
        "nPrecioTotal": 67.0,
        "_currency": "$",
        "_source_line": 16,
        "_auto_extracted": true
      },
      {
        "nCantidad": 1.0,
        "tDescripcion": "Mechanical Engineering ,527 $ - ,284 ,421 $",
        "nPrecioUnitario": 67.0,
        "nPrecioTotal": 67.0,
        "_currency": "USD",
        "_source_line": 16,
        "_auto_extracted": true
      },
      {
        "nCantidad": 1.0,
        "tDescripcion": "Engineering Management ,008 $ - ,118 ,104",
        "nPrecioUnitario": 63.0,
        "nPrecioTotal": 63.0,
        "_currency": "$",
        "_source_line": 12,
        "_auto_extracted": true
      },
      {
        "nCantidad": 1.0,
        "tDescripcion": "Engineering Management ,008 $ - ,118 ,104 $",
        "nPrecioUnitario": 63.0,
        "nPrecioTotal": 63.0,
        "_currency": "USD",
        "_source_line": 12,
        "_auto_extracted": true
      },
      {
        "nCantidad": 1.0,
        "tDescripcion": "G&HES ,059 $ - ,883 ,460",
        "nPrecioUnitario": 57.0,
        "nPrecioTotal": 57.0,
        "_currency": "$",
        "_source_line": 11,
        "_auto_extracted": true
      },
      {
        "nCantidad": 1.0,
        "tDescripcion": "G&HES ,059 $ - ,883 ,460 $",
        "nPrecioUnitario": 57.0,
        "nPrecioTotal": 57.0,
        "_currency": "USD",
        "_source_line": 11,
        "_auto_extracted": true
      },
      {
        "nCantidad": 1.0,
        "tDescripcion": "Project Management ,996  ,675 ,462",
        "nPrecioUnitario": 54.0,
        "nPrecioTotal": 54.0,
        "_currency": "$",
        "_source_line": 31,
        "_auto_extracted": true
      },
      {
        "nCantidad": 1.0,
        "tDescripcion": "Project Management ,996  ,675 ,462 $",
        "nPrecioUnitario": 54.0,
        "nPrecioTotal": 54.0,
        "_currency": "USD",
        "_source_line": 31,
        "_auto_extracted": true
      },
      {
        "nCantidad": 1.0,
        "tDescripcion": "Control Systems Engineering ,071 $ - ,662",
        "nPrecioUnitario": 51.0,
        "nPrecioTotal": 51.0,
        "_currency": "$",
        "_source_line": 17,
        "_auto_extracted": true
      },
      {
        "nCantidad": 1.0,
        "tDescripcion": "Control Systems Engineering ,071 $ - ,662 $",
        "nPrecioUnitario": 51.0,
        "nPrecioTotal": 51.0,
        "_currency": "USD",
        "_source_line": 17,
        "_auto_extracted": true
      },
      {
        "nCantidad": 1.0,
        "tDescripcion": "Engineering Automation ,339 $ - ,306 ,740",
        "nPrecioUnitario": 50.0,
        "nPrecioTotal": 50.0,
        "_currency": "$",
        "_source_line": 15,
        "_auto_extracted": true
      },
      {
        "nCantidad": 1.0,
        "tDescripcion": "Engineering Automation ,339 $ - ,306 ,740 $",
        "nPrecioUnitario": 50.0,
        "nPrecioTotal": 50.0,
        "_currency": "USD",
        "_source_line": 15,
        "_auto_extracted": true
      },
      {
        "nCantidad": 1.0,
        "tDescripcion": "Tanks Engineering ,845 $ -",
        "nPrecioUnitario": 45.0,
        "nPrecioTotal": 45.0,
        "_currency": "$",
        "_source_line": 20,
        "_auto_extracted": true
      },
      {
        "nCantidad": 1.0,
        "tDescripcion": "Tanks Engineering ,845 $ - $",
        "nPrecioUnitario": 45.0,
        "nPrecioTotal": 45.0,
        "_currency": "USD",
        "_source_line": 20,
        "_auto_extracted": true
      },
      {
        "nCantidad": 1.0,
        "tDescripcion": "Off Project Support ,916 $ - ,512 ,631",
        "nPrecioUnitario": 44.0,
        "nPrecioTotal": 44.0,
        "_currency": "$",
        "_source_line": 28,
        "_auto_extracted": true
      },
      {
        "nCantidad": 1.0,
        "tDescripcion": "Off Project Support ,916 $ - ,512 ,631 $",
        "nPrecioUnitario": 44.0,
        "nPrecioTotal": 44.0,
        "_currency": "USD",
        "_source_line": 28,
        "_auto_extracted": true
      },
      {
        "nCantidad": 1.0,
        "tDescripcion": "Process & Process Safety Engineering",
        "nPrecioUnitario": 41.0,
        "nPrecioTotal": 41.0,
        "_currency": "$",
        "_source_line": 19,
        "_auto_extracted": true
      },
      {
        "nCantidad": 1.0,
        "tDescripcion": "Process & Process Safety Engineering $",
        "nPrecioUnitario": 41.0,
        "nPrecioTotal": 41.0,
        "_currency": "USD",
        "_source_line": 19,
        "_auto_extracted": true
      },
      {
        "nCantidad": 1.0,
        "tDescripcion": "Project Controls",
        "nPrecioUnitario": 40.0,
        "nPrecioTotal": 40.0,
        "_currency": "$",
        "_source_line": 30,
        "_auto_extracted": true
      },
      {
        "nCantidad": 1.0,
        "tDescripcion": "Project Controls $",
        "nPrecioUnitario": 40.0,
        "nPrecioTotal": 40.0,
        "_currency": "USD",
        "_source_line": 30,
        "_auto_extracted": true
      },
      {
        "nCantidad": 1.0,
        "tDescripcion": "Procurement ,516 ,260 ,677",
        "nPrecioUnitario": 39.0,
        "nPrecioTotal": 39.0,
        "_currency": "$",
        "_source_line": 29,
        "_auto_extracted": true
      },
      {
        "nCantidad": 1.0,
        "tDescripcion": "Procurement ,516 ,260 ,677 $",
        "nPrecioUnitario": 39.0,
        "nPrecioTotal": 39.0,
        "_currency": "USD",
        "_source_line": 29,
        "_auto_extracted": true
      },
      {
        "nCantidad": 1.0,
        "tDescripcion": "Pipeline Engineering",
        "nPrecioUnitario": 37.0,
        "nPrecioTotal": 37.0,
        "_currency": "$",
        "_source_line": 13,
        "_auto_extracted": true
      },
      {
        "nCantidad": 1.0,
        "tDescripcion": "Pipeline Engineering $",
        "nPrecioUnitario": 37.0,
        "nPrecioTotal": 37.0,
        "_currency": "USD",
        "_source_line": 13,
        "_auto_extracted": true
      },
      {
        "nCantidad": 1.0,
        "tDescripcion": "Pipeline Engineering ,263 $ -",
        "nPrecioUnitario": 36.0,
        "nPrecioTotal": 36.0,
        "_currency": "$",
        "_source_line": 13,
        "_auto_extracted": true
      },
      {
        "nCantidad": 1.0,
        "tDescripcion": "Pipeline Engineering ,263 $ - $",
        "nPrecioUnitario": 36.0,
        "nPrecioTotal": 36.0,
        "_currency": "USD",
        "_source_line": 13,
        "_auto_extracted": true
      },
      {
        "nCantidad": 1.0,
        "tDescripcion": ",021,662 ,692 ,075,118 ,792 ,688,263",
        "nPrecioUnitario": 35.0,
        "nPrecioTotal": 35.0,
        "_currency": "USD",
        "_source_line": 38,
        "_auto_extracted": true
      },
      {
        "nCantidad": 1.0,
        "tDescripcion": "Materials Engineering Technology ,106 $ - ,079 ,371",
        "nPrecioUnitario": 31.0,
        "nPrecioTotal": 31.0,
        "_currency": "$",
        "_source_line": 18,
        "_auto_extracted": true
      },
      {
        "nCantidad": 1.0,
        "tDescripcion": "Materials Engineering Technology ,106 $ - ,079 ,371 $",
        "nPrecioUnitario": 31.0,
        "nPrecioTotal": 31.0,
        "_currency": "USD",
        "_source_line": 18,
        "_auto_extracted": true
      },
      {
        "nCantidad": 1.0,
        "tDescripcion": "Engineering Management ,008 $ -",
        "nPrecioUnitario": 30.0,
        "nPrecioTotal": 30.0,
        "_currency": "$",
        "_source_line": 12,
        "_auto_extracted": true
      },
      {
        "nCantidad": 1.0,
        "tDescripcion": "Engineering Management ,008 $ - $",
        "nPrecioUnitario": 30.0,
        "nPrecioTotal": 30.0,
        "_currency": "USD",
        "_source_line": 12,
        "_auto_extracted": true
      },
      {
        "nCantidad": 1.0,
        "tDescripcion": "Mechanical Engineering ,527 $ -",
        "nPrecioUnitario": 29.0,
        "nPrecioTotal": 29.0,
        "_currency": "$",
        "_source_line": 16,
        "_auto_extracted": true
      },
      {
        "nCantidad": 1.0,
        "tDescripcion": "Mechanical Engineering ,527 $ - $",
        "nPrecioUnitario": 29.0,
        "nPrecioTotal": 29.0,
        "_currency": "USD",
        "_source_line": 16,
        "_auto_extracted": true
      },
      {
        "nCantidad": 1.0,
        "tDescripcion": "Construction ,053 $ - ,769 ,221",
        "nPrecioUnitario": 28.0,
        "nPrecioTotal": 28.0,
        "_currency": "$",
        "_source_line": 23,
        "_auto_extracted": true
      },
      {
        "nCantidad": 1.0,
        "tDescripcion": "Construction ,053 $ - ,769 ,221 $",
        "nPrecioUnitario": 28.0,
        "nPrecioTotal": 28.0,
        "_currency": "USD",
        "_source_line": 23,
        "_auto_extracted": true
      },
      {
        "nCantidad": 1.0,
        "tDescripcion": "Engineering Total ,126 $ - ,309 ,000 ,958,435",
        "nPrecioUnitario": 26.0,
        "nPrecioTotal": 26.0,
        "_currency": "USD",
        "_source_line": 21,
        "_auto_extracted": true
      },
      {
        "nCantidad": 1.0,
        "tDescripcion": "Project Management ,996",
        "nPrecioUnitario": 26.0,
        "nPrecioTotal": 26.0,
        "_currency": "$",
        "_source_line": 31,
        "_auto_extracted": true
      },
      {
        "nCantidad": 1.0,
        "tDescripcion": "Contracts ,272 $ - ,753 ,379",
        "nPrecioUnitario": 25.0,
        "nPrecioTotal": 25.0,
        "_currency": "$",
        "_source_line": 24,
        "_auto_extracted": true
      },
      {
        "nCantidad": 1.0,
        "tDescripcion": "Contracts ,272 $ - ,753 ,379 $",
        "nPrecioUnitario": 25.0,
        "nPrecioTotal": 25.0,
        "_currency": "USD",
        "_source_line": 24,
        "_auto_extracted": true
      },
      {
        "nCantidad": 1.0,
        "tDescripcion": "Engineering Management",
        "nPrecioUnitario": 24.0,
        "nPrecioTotal": 24.0,
        "_currency": "$",
        "_source_line": 12,
        "_auto_extracted": true
      },
      {
        "nCantidad": 1.0,
        "tDescripcion": "Engineering Management $",
        "nPrecioUnitario": 24.0,
        "nPrecioTotal": 24.0,
        "_currency": "USD",
        "_source_line": 12,
        "_auto_extracted": true
      },
      {
        "nCantidad": 1.0,
        "tDescripcion": "G&HES ,059 $ -",
        "nPrecioUnitario": 23.0,
        "nPrecioTotal": 23.0,
        "_currency": "$",
        "_source_line": 11,
        "_auto_extracted": true
      },
      {
        "nCantidad": 1.0,
        "tDescripcion": "G&HES ,059 $ - $",
        "nPrecioUnitario": 23.0,
        "nPrecioTotal": 23.0,
        "_currency": "USD",
        "_source_line": 11,
        "_auto_extracted": true
      },
      {
        "nCantidad": 1.0,
        "tDescripcion": "Engineering Automation ,339 $ -",
        "nPrecioUnitario": 22.0,
        "nPrecioTotal": 22.0,
        "_currency": "$",
        "_source_line": 15,
        "_auto_extracted": true
      },
      {
        "nCantidad": 1.0,
        "tDescripcion": "Engineering Automation ,339 $ - $",
        "nPrecioUnitario": 22.0,
        "nPrecioTotal": 22.0,
        "_currency": "USD",
        "_source_line": 15,
        "_auto_extracted": true
      },
      {
        "nCantidad": 1.0,
        "tDescripcion": "Project Management",
        "nPrecioUnitario": 20.0,
        "nPrecioTotal": 20.0,
        "_currency": "$",
        "_source_line": 31,
        "_auto_extracted": true
      },
      {
        "nCantidad": 1.0,
        "tDescripcion": "Project Management $",
        "nPrecioUnitario": 20.0,
        "nPrecioTotal": 20.0,
        "_currency": "USD",
        "_source_line": 31,
        "_auto_extracted": true
      },
      {
        "nCantidad": 1.0,
        "tDescripcion": "G&HES",
        "nPrecioUnitario": 19.0,
        "nPrecioTotal": 19.0,
        "_currency": "$",
        "_source_line": 11,
        "_auto_extracted": true
      },
      {
        "nCantidad": 1.0,
        "tDescripcion": "G&HES $",
        "nPrecioUnitario": 19.0,
        "nPrecioTotal": 19.0,
        "_currency": "USD",
        "_source_line": 11,
        "_auto_extracted": true
      },
      {
        "nCantidad": 1.0,
        "tDescripcion": "Tanks Engineering ,845 $ - ,998",
        "nPrecioUnitario": 18.0,
        "nPrecioTotal": 18.0,
        "_currency": "$",
        "_source_line": 20,
        "_auto_extracted": true
      },
      {
        "nCantidad": 1.0,
        "tDescripcion": "Tanks Engineering ,845 $ - ,998 $",
        "nPrecioUnitario": 18.0,
        "nPrecioTotal": 18.0,
        "_currency": "USD",
        "_source_line": 20,
        "_auto_extracted": true
      },
      {
        "nCantidad": 1.0,
        "tDescripcion": "Engineering Automation",
        "nPrecioUnitario": 17.0,
        "nPrecioTotal": 17.0,
        "_currency": "$",
        "_source_line": 15,
        "_auto_extracted": true
      },
      {
        "nCantidad": 1.0,
        "tDescripcion": "Engineering Automation $",
        "nPrecioUnitario": 17.0,
        "nPrecioTotal": 17.0,
        "_currency": "USD",
        "_source_line": 15,
        "_auto_extracted": true
      },
      {
        "nCantidad": 1.0,
        "tDescripcion": "Pipeline Engineering ,263 $ - ,306",
        "nPrecioUnitario": 15.0,
        "nPrecioTotal": 15.0,
        "_currency": "$",
        "_source_line": 13,
        "_auto_extracted": true
      },
      {
        "nCantidad": 1.0,
        "tDescripcion": "Pipeline Engineering ,263 $ - ,306 $",
        "nPrecioUnitario": 15.0,
        "nPrecioTotal": 15.0,
        "_currency": "USD",
        "_source_line": 13,
        "_auto_extracted": true
      },
      {
        "nCantidad": 1.0,
        "tDescripcion": "G&HES ,059 $ - ,883",
        "nPrecioUnitario": 14.0,
        "nPrecioTotal": 14.0,
        "_currency": "$",
        "_source_line": 11,
        "_auto_extracted": true
      },
      {
        "nCantidad": 1.0,
        "tDescripcion": "G&HES ,059 $ - ,883 $",
        "nPrecioUnitario": 14.0,
        "nPrecioTotal": 14.0,
        "_currency": "USD",
        "_source_line": 11,
        "_auto_extracted": true
      },
      {
        "nCantidad": 1.0,
        "tDescripcion": "Field Engineering",
        "nPrecioUnitario": 12.0,
        "nPrecioTotal": 12.0,
        "_currency": "$",
        "_source_line": 26,
        "_auto_extracted": true
      },
      {
        "nCantidad": 1.0,
        "tDescripcion": "Field Engineering $",
        "nPrecioUnitario": 12.0,
        "nPrecioTotal": 12.0,
        "_currency": "USD",
        "_source_line": 26,
        "_auto_extracted": true
      },
      {
        "nCantidad": 1.0,
        "tDescripcion": "Construction ,053 $ -",
        "nPrecioUnitario": 11.0,
        "nPrecioTotal": 11.0,
        "_currency": "$",
        "_source_line": 23,
        "_auto_extracted": true
      },
      {
        "nCantidad": 1.0,
        "tDescripcion": "Construction ,053 $ - $",
        "nPrecioUnitario": 11.0,
        "nPrecioTotal": 11.0,
        "_currency": "USD",
        "_source_line": 23,
        "_auto_extracted": true
      },
      {
        "nCantidad": 1.0,
        "tDescripcion": "Engineering Automation ,339 $ - ,306",
        "nPrecioUnitario": 10.0,
        "nPrecioTotal": 10.0,
        "_currency": "$",
        "_source_line": 15,
        "_auto_extracted": true
      },
      {
        "nCantidad": 1.0,
        "tDescripcion": "Engineering Automation ,339 $ - ,306 $",
        "nPrecioUnitario": 10.0,
        "nPrecioTotal": 10.0,
        "_currency": "USD",
        "_source_line": 15,
        "_auto_extracted": true
      },
      {
        "nCantidad": 1.0,
        "tDescripcion": "Engineering Management ,008 $ - ,118",
        "nPrecioUnitario": 9.0,
        "nPrecioTotal": 9.0,
        "_currency": "$",
        "_source_line": 12,
        "_auto_extracted": true
      },
      {
        "nCantidad": 1.0,
        "tDescripcion": "Engineering Management ,008 $ - ,118 $",
        "nPrecioUnitario": 9.0,
        "nPrecioTotal": 9.0,
        "_currency": "USD",
        "_source_line": 12,
        "_auto_extracted": true
      },
      {
        "nCantidad": 1.0,
        "tDescripcion": "Contracts",
        "nPrecioUnitario": 8.0,
        "nPrecioTotal": 8.0,
        "_currency": "$",
        "_source_line": 24,
        "_auto_extracted": true
      },
      {
        "nCantidad": 1.0,
        "tDescripcion": "Contracts $",
        "nPrecioUnitario": 8.0,
        "nPrecioTotal": 8.0,
        "_currency": "USD",
        "_source_line": 24,
        "_auto_extracted": true
      },
      {
        "nCantidad": 1.0,
        "tDescripcion": "Construction ,053 $ - ,769",
        "nPrecioUnitario": 7.0,
        "nPrecioTotal": 7.0,
        "_currency": "$",
        "_source_line": 23,
        "_auto_extracted": true
      },
      {
        "nCantidad": 1.0,
        "tDescripcion": "Construction ,053 $ - ,769 $",
        "nPrecioUnitario": 7.0,
        "nPrecioTotal": 7.0,
        "_currency": "USD",
        "_source_line": 23,
        "_auto_extracted": true
      },
      {
        "nCantidad": 1.0,
        "tDescripcion": "Plant Design & Piping ,328 $ - ,013 ,755 ,096",
        "nPrecioUnitario": 6.0,
        "nPrecioTotal": 6.0,
        "_currency": "USD",
        "_source_line": 14,
        "_auto_extracted": true
      },
      {
        "nCantidad": 1.0,
        "tDescripcion": "Contracts ,272 $ - ,753",
        "nPrecioUnitario": 6.0,
        "nPrecioTotal": 6.0,
        "_currency": "$",
        "_source_line": 24,
        "_auto_extracted": true
      },
      {
        "nCantidad": 1.0,
        "tDescripcion": "Engineering Civil/Structural/Architectural Engineering ,049 $ - ,939 ,006 ,995",
        "nPrecioUnitario": 5.0,
        "nPrecioTotal": 5.0,
        "_currency": "USD",
        "_source_line": 9,
        "_auto_extracted": true
      },
      {
        "nCantidad": 1.0,
        "tDescripcion": "ES&H",
        "nPrecioUnitario": 5.0,
        "nPrecioTotal": 5.0,
        "_currency": "$",
        "_source_line": 25,
        "_auto_extracted": true
      },
      {
        "nCantidad": 1.0,
        "tDescripcion": "Electrical Engineering ,192 $ - ,721 ,999 ,913",
        "nPrecioUnitario": 4.0,
        "nPrecioTotal": 4.0,
        "_currency": "USD",
        "_source_line": 10,
        "_auto_extracted": true
      },
      {
        "nCantidad": 1.0,
        "tDescripcion": "Materials Engineering Technology ,106 $ - ,079",
        "nPrecioUnitario": 4.0,
        "nPrecioTotal": 4.0,
        "_currency": "$",
        "_source_line": 18,
        "_auto_extracted": true
      },
      {
        "nCantidad": 1.0,
        "tDescripcion": "Control Systems Engineering ,071 $ - ,662 ,597 ,329",
        "nPrecioUnitario": 3.0,
        "nPrecioTotal": 3.0,
        "_currency": "USD",
        "_source_line": 17,
        "_auto_extracted": true
      },
      {
        "nCantidad": 1.0,
        "tDescripcion": "ES&H ,407 $ - ,905",
        "nPrecioUnitario": 3.0,
        "nPrecioTotal": 3.0,
        "_currency": "$",
        "_source_line": 25,
        "_auto_extracted": true
      },
      {
        "nCantidad": 1.0,
        "tDescripcion": "Procurement ,516 ,260 ,677 ,757 ,210",
        "nPrecioUnitario": 2.0,
        "nPrecioTotal": 2.0,
        "_currency": "USD",
        "_source_line": 29,
        "_auto_extracted": true
      },
      {
        "nCantidad": 1.0,
        "tDescripcion": "Tanks - Field",
        "nPrecioUnitario": 2.0,
        "nPrecioTotal": 2.0,
        "_currency": "$",
        "_source_line": 34,
        "_auto_extracted": true
      },
      {
        "nCantidad": 1.0,
        "tDescripcion": "Tanks Engineering ,845 $ - ,998 ,321 ,163",
        "nPrecioUnitario": 1.0,
        "nPrecioTotal": 1.0,
        "_currency": "USD",
        "_source_line": 20,
        "_auto_extracted": true
      },
      {
        "nCantidad": 1.0,
        "tDescripcion": "Engineering Total ,126 $ - ,309 ,000",
        "nPrecioUnitario": 1.0,
        "nPrecioTotal": 1.0,
        "_currency": "$",
        "_source_line": 21,
        "_auto_extracted": true
      }
    ],
    "mresumen": [],
    "mcomprobante": [],
    "mjornada": [],
    "mjornada_empleado": [],
    "marchivo_tipo": [],
    "munidad_medida": []
  }
}