{
  "metadata": {
    "version": "1.0.0",
    "parser": "ExtractorOCR",
    "extraction_date": "2025-11-18T14:21:07.931997",
    "type": "structured",
    "email": "mariadelosangeles.abanto@newmont.com",
    "year": 2025,
    "month": "Octubre",
    "request_id": "eada6176-0aa0-4362-b8ab-f4f1b641fff8",
    "processed_at": "2025-11-18T14:25:11.827917",
    "api_version": "1.0.0",
    "periodo_id": "string"
  },
  "hoja": {
    "tJson": "BSQE\nBS0003\nMEAL\nUNAI\nNo.:\n日期\nTankh 19/6/25\n摘要\n数量 价目 银额\nJENIS BARANG-BARANG\nBANYAK HARGA JUMLAH\n18.70\nUSD 4.55\n总计 RM 18.70\nJUMLAH\nTandatangan 经手人\nUni",
    "tJsonTraducido": null,
    "lFormato": false,
    "iMIdioma": 5,
    "iMDocumentoTipo": 1,
    "tSequentialNumber": "BS0003"
  },
  "additional_data": {
    "mcomprobante": [
      {
        "_stamp_name": "BSQE",
        "_sequential_number": "BS0003",
        "tNumero": null,
        "tSerie": null,
        "fEmision": "19/6/25",
        "nPrecioTotal": 18.7,
        "tCliente": null
      }
    ],
    "mcomprobante_detalle": [
      {
        "nCantidad": 1.0,
        "tDescripcion": "总计 RM",
        "nPrecioUnitario": 18.7,
        "nPrecioTotal": 18.7
      },
      {
        "nCantidad": 1.0,
        "tDescripcion": "JUMLAH",
        "nPrecioUnitario": 4.55,
        "nPrecioTotal": 4.55
      }
    ],
    "midioma": [
      {
        "iMIdioma": 5,
        "tIdioma": "Chino"
      }
    ],
    "mdocumento_tipo": [
      {
        "iMDocumentoTipo": 1,
        "tTipo": "Comprobante"
      }
    ],
    "mdivisa": [
      {
        "tDivisa": "RM"
      },
      {
        "tDivisa": "USD"
      }
    ],
    "mnaturaleza": [
      {
        "tNaturaleza": "Alimentación"
      }
    ],
    "mproveedor": [
      {
        "tRazonSocial": "JENIS BARANG"
      }
    ],
    "mresumen": [],
    "mjornada": [],
    "mjornada_empleado": [],
    "marchivo_tipo": [],
    "munidad_medida": []
  }
}