{
  "metadata": {
    "version": "1.0.0",
    "parser": "ExtractorOCR",
    "extraction_date": "2025-11-18T14:24:44.224402",
    "type": "structured",
    "email": "mariadelosangeles.abanto@newmont.com",
    "year": 2025,
    "month": "Octubre",
    "request_id": "eada6176-0aa0-4362-b8ab-f4f1b641fff8",
    "processed_at": "2025-11-18T14:25:11.827917",
    "api_version": "1.0.0",
    "periodo_id": "string"
  },
  "hoja": {
    "tJson": "BSQE AUSTRALIA ENTRIES\nInvoice No. Report/Emp Number Technical Specialist Supplier Supplier PO Country PPE / Date Date Period Charge No/Sub No Units Type Rate Total Curr\nSQR 082156 Obaid Shaikh 26232-115 Australia 7/6/2025 PSQ Support 18.0 Hours 154 2,772.00 AUD\nSOR 082156 Obaid Shaikh 26232-115 Australia 7/20/2025 26231-540-419211-PY21-YZ-B 27.5 Hours 154 4,235.00 AUD\nSQR 082156 Obaid Shaikh 26232-115 Australia 7/20/2025 26231-540-419211-PY21-YZ-B 6.5 Hours 154 1,001.00 AUD\nSQR 082156 Obaid Shaikh 26232-115 Australia 7/20/2025 26231-540-419211-PY21-YZ-C 8.0 Hours 154 1,232.00 AUD\nSQR 082156 Obaid Shaikh 26232-115 Australia 7/20/2025 PSQ Support 4.0 Hours 154 616.00 AUD\nSQR 195606 Giovanni Aringay 26439-712 Australia 7/6/2025 26439-100-100001-MHRO-YZ-G 42.0 Hours 154 6,468.00 AUD\nSQR 195606 Giovanni Aringay 26439-712 Australia 7/6/2025 26439-100-430222-ΕΤΡΟ-ΥΖ-Β 83.0 Hours 154 12,782.00 AUD\nSQR 195606 Giovanni Aringay 26439-712 Australia 7/6/2025 26439-AAA-430378-EZOO-YZ-B 6.0 Hours 154 924.00 AUD\nSQR 195606 Giovanni Aringay 26439-712 Australia 7/20/2025 26439-AAA-430378-EZOO-YZ-B 111.0 Hours 154 17,094.00 AUD\nSQR 082156 Obaid Shaikh 26439-712 Australia 7/6/2025 26439-100-100001-MHRO-YZ-H 4.0 Hours 154 616.00 AUD\nSQR 196988 Richard Webber 26439-712 Australia 7/6/2025 26439-100-430222-ΕΤΡΟ-ΥΖ-Α 3.0 Hours 154 462.00 AUD\nPSQ 196988 Richard Webber 26439-712 Australia 7/6/2025 PSQ Support 55.0 Hours 159 8,745.00 AUD\nSQR 196988 Richard Webber 26439-712 Australia 7/20/2025 26439-100-100001-MHRO-YZ-G 18.0 Hours 154 2,772.00 AUD\nSQR 196988 Richard Webber 26439-712 Australia 7/20/2025 26439-100-100001-MHRO-YZ-G 6.0 Hours 154 924.00 AUD\nSQR 196988 Richard Webber 26439-712 Australia 7/20/2025 26439-100-430222-ΕΤΡΟ-ΥΖ-Α 40.0 Hours 154 6,160.00 AUD\nSQR 196988 Richard Webber 26439-712 Australia 7/20/2025 26439-100-430222-ΕΤΡΟ-YZ-A 16.0 Hours 154 2,464.00 AUD\nPSQ 196988 Richard Webber 26439-712 Australia 7/20/2025 PSQ Support 20.0 Hours 159 3,180.00 AUD\nSQR 082156 Obaid Shaikh 26629-310 Australia 7/20/2025 PSQ Support 17.0 Hours 154 2,618.00 AUD\nPSQ 196979 David Cook 26711-110 Australia 7/6/2025 PSQ Support 6.0 Hours 159 954.00 AUD\nPSQ 196979 David Cook 26711-110 Australia 7/20/2025 PSQ Support 15.0 Hours 159 2,385.00 AUD\nSQR 082156 Obaid Shaikh 26711-110 Australia 7/6/2025 PSQ Support 57.0 Hours 154 8,778.00 AUD\nSQR 082156 Obaid Shaikh 26711-110 Australia 7/20/2025 PSQ Support 23.5 Hours 154 3,619.00 AUD\n135451 Howard Wilson AGC Industries Pty Ltd Australia 5/16/2025 26231-540-498183-PSO2-YZ-A 6.0 Hours 154 924.00 AUD\n135451 Howard Wilson AGC Industries Pty Ltd Australia 5/19/2025 26231-540-498183-PSO2-YZ-A 6.0 Hours 154 924.00 AUD\n135451 Howard Wilson AGC Industries Pty Ltd Australia 5/21/2025 26231-540-498183-PS02-YZ-A 6.0 Hours 154 924.00 AUD\n135451 Howard Wilson AGC Industries Pty Ltd Australia 5/26/2025 26231-540-498183-PS02-YZ-A 8.5 Hours 154 1,309.00 AUD\n135451 Howard Wilson AGC Industries Pty Ltd Australia 5/28/2025 26231-540-498183-PSO2-YZ-A 6.5 Hours 154 1,001.00 AUD\n135451 Howard Wilson AGC Industries Pty Ltd Australia 6/5/2025 26231-540-498183-PS02-YZ-A 6.5 Hours 154 1,001.00 AUD\n135451 Howard Wilson AGC Industries Pty Ltd Australia 6/6/2025 26231-540-498183-PSO2-YZ-A 6.5 Hours 154 1,001.00 AUD\n135453 Howard Wilson Plummers Industries Pty Ltd Australia 6/4/2025 26439-100-430378-EZOO-ΥΖΑ 6.0 Hours 154 924.00 AUD\n135453 Howard Wilson Plummers Industries Pty Ltd Australia 6/17/2025 26439-100-430378-EZOO-ΥΖΑ 6.0 Hours 154 924.00 AUD\n135478 Howard Wilson Conveyor Products & Solutions Australia 6/20/2025 26439-100-100001-MHRO-YZ-I 9.0 Hours 154 1,386.00 AUD\n135478 Howard Wilson Conveyor Products & Solutions Australia 6/27/2025 26439-100-100001-MHRO-YZ-I 9.0 Hours 154 1,386.00 AUD\n135480 Howard Wilson Cavotec / Kerr Engineering Australia 5/27/2025 26439-100-100001-MHRO-YZ-B 6.0 Hours 154 924.00 AUD\n135480 Howard Wilson Cavotec / Kerr Engineering Australia 5/29/2025 26439-100-100001-MHRO-YZ-B 10.0 Hours 154 1,540.00 AUD\n135480 Howard Wilson Cavotec / Kerr Engineering Australia 5/30/2025 26439-100-100001-MHRO-YZ-B 6.0 Hours 154 924.00 AUD\n135480 Howard Wilson Cavotec / Kerr Engineering Australia 6/3/2025 26439-100-100001-MHRO-YZ-B 6.0 Hours 154 924.00 AUD\n135480 Howard Wilson Cavotec / Kerr Engineering Australia 6/5/2025 26439-100-100001-MHRO-YZ-B 6.0 Hours 154 924.00 AUD\n135480 Howard Wilson Cavotec / Kerr Engineering Australia 6/6/2025 26439-100-100001-MHRO-YZ-B 6.0 Hours 154 924.00 AUD\n135480 Howard Wilson Cavotec / Kerr Engineering Australia 6/12/2025 26439-100-100001-MHRO-YZ-B 6.0 Hours 154 924.00 AUD\n135480 Howard Wilson Cavotec / Kerr Engineering Australia 6/13/2025 26439-100-100001-MHRO-YZ-B 6.5 Hours 154 1,001.00 AUD\n135480 Howard Wilson Cavotec / Kerr Engineering Australia 6/17/2025 26439-100-100001-MHRO-YZ-B 6.5 Hours 154 1,001.00 AUD\n135480 Howard Wilson Cavotec / Kerr Engineering Australia 6/19/2025 26439-100-100001-MHRO-YZ-B 6.5 Hours 154 1,001.00 AUD\nSQR 196988 Richard Webber 26442-223 Australia 7/6/2025 26442-220-YZA-MLGT-1D001 22.0 Hours 100 2,200.00 USD\nSQR 196988 Richard Webber 26442-223 Australia 7/6/2025 26442-220-YZA-MLGT-1D001 4.0 Hours 100 400.00 USD\n728.0 112,592.00 AUD\n26.0 2,600.00 USD",
    "tJsonTraducido": null,
    "lFormato": false,
    "iMIdioma": 2,
    "iMDocumentoTipo": 1,
    "tSequentialNumber": "BS082156"
  },
  "additional_data": {
    "mcomprobante": [
      {
        "_stamp_name": "BSQE",
        "_sequential_number": "BS082156",
        "tNumero": "Report/Emp",
        "tSerie": null,
        "fEmision": "7/6/2025",
        "tCliente": null
      }
    ],
    "mcomprobante_detalle": [
      {
        "nCantidad": 18.0,
        "tDescripcion": "PSQ Support",
        "nPrecioUnitario": 154.0,
        "nPrecioTotal": 2772.0
      },
      {
        "nCantidad": 27.5,
        "tDescripcion": "26231-540-419211-PY21-YZ-B",
        "nPrecioUnitario": 154.0,
        "nPrecioTotal": 4235.0
      },
      {
        "nCantidad": 6.5,
        "tDescripcion": "26231-540-419211-PY21-YZ-B",
        "nPrecioUnitario": 154.0,
        "nPrecioTotal": 1001.0
      },
      {
        "nCantidad": 8.0,
        "tDescripcion": "26231-540-419211-PY21-YZ-C",
        "nPrecioUnitario": 154.0,
        "nPrecioTotal": 1232.0
      },
      {
        "nCantidad": 4.0,
        "tDescripcion": "PSQ Support",
        "nPrecioUnitario": 154.0,
        "nPrecioTotal": 616.0
      },
      {
        "nCantidad": 42.0,
        "tDescripcion": "26439-100-100001-MHRO-YZ-G",
        "nPrecioUnitario": 154.0,
        "nPrecioTotal": 6468.0
      },
      {
        "nCantidad": 83.0,
        "tDescripcion": "26439-100-430222-ΕΤΡΟ-ΥΖ-Β",
        "nPrecioUnitario": 154.0,
        "nPrecioTotal": 12782.0
      },
      {
        "nCantidad": 6.0,
        "tDescripcion": "26439-AAA-430378-EZOO-YZ-B",
        "nPrecioUnitario": 154.0,
        "nPrecioTotal": 924.0
      },
      {
        "nCantidad": 111.0,
        "tDescripcion": "26439-AAA-430378-EZOO-YZ-B",
        "nPrecioUnitario": 154.0,
        "nPrecioTotal": 17094.0
      },
      {
        "nCantidad": 4.0,
        "tDescripcion": "26439-100-100001-MHRO-YZ-H",
        "nPrecioUnitario": 154.0,
        "nPrecioTotal": 616.0
      },
      {
        "nCantidad": 3.0,
        "tDescripcion": "26439-100-430222-ΕΤΡΟ-ΥΖ-Α",
        "nPrecioUnitario": 154.0,
        "nPrecioTotal": 462.0
      },
      {
        "nCantidad": 55.0,
        "tDescripcion": "PSQ Support",
        "nPrecioUnitario": 159.0,
        "nPrecioTotal": 8745.0
      },
      {
        "nCantidad": 18.0,
        "tDescripcion": "26439-100-100001-MHRO-YZ-G",
        "nPrecioUnitario": 154.0,
        "nPrecioTotal": 2772.0
      },
      {
        "nCantidad": 6.0,
        "tDescripcion": "26439-100-100001-MHRO-YZ-G",
        "nPrecioUnitario": 154.0,
        "nPrecioTotal": 924.0
      },
      {
        "nCantidad": 40.0,
        "tDescripcion": "26439-100-430222-ΕΤΡΟ-ΥΖ-Α",
        "nPrecioUnitario": 154.0,
        "nPrecioTotal": 6160.0
      },
      {
        "nCantidad": 16.0,
        "tDescripcion": "26439-100-430222-ΕΤΡΟ-YZ-A",
        "nPrecioUnitario": 154.0,
        "nPrecioTotal": 2464.0
      },
      {
        "nCantidad": 20.0,
        "tDescripcion": "PSQ Support",
        "nPrecioUnitario": 159.0,
        "nPrecioTotal": 3180.0
      },
      {
        "nCantidad": 17.0,
        "tDescripcion": "PSQ Support",
        "nPrecioUnitario": 154.0,
        "nPrecioTotal": 2618.0
      },
      {
        "nCantidad": 6.0,
        "tDescripcion": "PSQ Support",
        "nPrecioUnitario": 159.0,
        "nPrecioTotal": 954.0
      },
      {
        "nCantidad": 15.0,
        "tDescripcion": "PSQ Support",
        "nPrecioUnitario": 159.0,
        "nPrecioTotal": 2385.0
      },
      {
        "nCantidad": 57.0,
        "tDescripcion": "PSQ Support",
        "nPrecioUnitario": 154.0,
        "nPrecioTotal": 8778.0
      },
      {
        "nCantidad": 23.5,
        "tDescripcion": "PSQ Support",
        "nPrecioUnitario": 154.0,
        "nPrecioTotal": 3619.0
      },
      {
        "nCantidad": 6.0,
        "tDescripcion": "26231-540-498183-PSO2-YZ-A",
        "nPrecioUnitario": 154.0,
        "nPrecioTotal": 924.0
      },
      {
        "nCantidad": 6.0,
        "tDescripcion": "26231-540-498183-PSO2-YZ-A",
        "nPrecioUnitario": 154.0,
        "nPrecioTotal": 924.0
      },
      {
        "nCantidad": 6.0,
        "tDescripcion": "26231-540-498183-PS02-YZ-A",
        "nPrecioUnitario": 154.0,
        "nPrecioTotal": 924.0
      },
      {
        "nCantidad": 8.5,
        "tDescripcion": "26231-540-498183-PS02-YZ-A",
        "nPrecioUnitario": 154.0,
        "nPrecioTotal": 1309.0
      },
      {
        "nCantidad": 6.5,
        "tDescripcion": "26231-540-498183-PSO2-YZ-A",
        "nPrecioUnitario": 154.0,
        "nPrecioTotal": 1001.0
      },
      {
        "nCantidad": 6.5,
        "tDescripcion": "26231-540-498183-PS02-YZ-A",
        "nPrecioUnitario": 154.0,
        "nPrecioTotal": 1001.0
      },
      {
        "nCantidad": 6.5,
        "tDescripcion": "26231-540-498183-PSO2-YZ-A",
        "nPrecioUnitario": 154.0,
        "nPrecioTotal": 1001.0
      },
      {
        "nCantidad": 6.0,
        "tDescripcion": "26439-100-430378-EZOO-ΥΖΑ",
        "nPrecioUnitario": 154.0,
        "nPrecioTotal": 924.0
      },
      {
        "nCantidad": 6.0,
        "tDescripcion": "26439-100-430378-EZOO-ΥΖΑ",
        "nPrecioUnitario": 154.0,
        "nPrecioTotal": 924.0
      },
      {
        "nCantidad": 9.0,
        "tDescripcion": "26439-100-100001-MHRO-YZ-I",
        "nPrecioUnitario": 154.0,
        "nPrecioTotal": 1386.0
      },
      {
        "nCantidad": 9.0,
        "tDescripcion": "26439-100-100001-MHRO-YZ-I",
        "nPrecioUnitario": 154.0,
        "nPrecioTotal": 1386.0
      },
      {
        "nCantidad": 6.0,
        "tDescripcion": "26439-100-100001-MHRO-YZ-B",
        "nPrecioUnitario": 154.0,
        "nPrecioTotal": 924.0
      },
      {
        "nCantidad": 10.0,
        "tDescripcion": "26439-100-100001-MHRO-YZ-B",
        "nPrecioUnitario": 154.0,
        "nPrecioTotal": 1540.0
      },
      {
        "nCantidad": 6.0,
        "tDescripcion": "26439-100-100001-MHRO-YZ-B",
        "nPrecioUnitario": 154.0,
        "nPrecioTotal": 924.0
      },
      {
        "nCantidad": 6.0,
        "tDescripcion": "26439-100-100001-MHRO-YZ-B",
        "nPrecioUnitario": 154.0,
        "nPrecioTotal": 924.0
      },
      {
        "nCantidad": 6.0,
        "tDescripcion": "26439-100-100001-MHRO-YZ-B",
        "nPrecioUnitario": 154.0,
        "nPrecioTotal": 924.0
      },
      {
        "nCantidad": 6.0,
        "tDescripcion": "26439-100-100001-MHRO-YZ-B",
        "nPrecioUnitario": 154.0,
        "nPrecioTotal": 924.0
      },
      {
        "nCantidad": 6.0,
        "tDescripcion": "26439-100-100001-MHRO-YZ-B",
        "nPrecioUnitario": 154.0,
        "nPrecioTotal": 924.0
      },
      {
        "nCantidad": 6.5,
        "tDescripcion": "26439-100-100001-MHRO-YZ-B",
        "nPrecioUnitario": 154.0,
        "nPrecioTotal": 1001.0
      },
      {
        "nCantidad": 6.5,
        "tDescripcion": "26439-100-100001-MHRO-YZ-B",
        "nPrecioUnitario": 154.0,
        "nPrecioTotal": 1001.0
      },
      {
        "nCantidad": 6.5,
        "tDescripcion": "26439-100-100001-MHRO-YZ-B",
        "nPrecioUnitario": 154.0,
        "nPrecioTotal": 1001.0
      },
      {
        "nCantidad": 22.0,
        "tDescripcion": "26442-220-YZA-MLGT-1D001",
        "nPrecioUnitario": 100.0,
        "nPrecioTotal": 2200.0
      },
      {
        "nCantidad": 4.0,
        "tDescripcion": "26442-220-YZA-MLGT-1D001",
        "nPrecioUnitario": 100.0,
        "nPrecioTotal": 400.0
      },
      {
        "nCantidad": 1.0,
        "tDescripcion": "728.0",
        "nPrecioUnitario": 112592.0,
        "nPrecioTotal": 112592.0,
        "_currency": "USD",
        "_source_line": 48,
        "_auto_extracted": true
      },
      {
        "nCantidad": 1.0,
        "tDescripcion": "26.0",
        "nPrecioUnitario": 2600.0,
        "nPrecioTotal": 2600.0,
        "_currency": "USD",
        "_source_line": 49,
        "_auto_extracted": true
      }
    ],
    "midioma": [
      {
        "iMIdioma": 2,
        "tIdioma": "Inglés"
      }
    ],
    "mdocumento_tipo": [
      {
        "iMDocumentoTipo": 1,
        "tTipo": "Comprobante"
      }
    ],
    "mdivisa": [
      {
        "tDivisa": "USD"
      }
    ],
    "mnaturaleza": [
      {
        "tNaturaleza": "Otro"
      }
    ],
    "mproveedor": [
      {
        "tRazonSocial": "BSQE AUSTRALIA ENTRIES"
      }
    ],
    "mresumen": [],
    "mjornada": [],
    "mjornada_empleado": [],
    "marchivo_tipo": [],
    "munidad_medida": []
  }
}