{
  "metadata": {
    "version": "1.0.0",
    "parser": "ExtractorOCR",
    "extraction_date": "2025-11-18T14:21:30.648306",
    "type": "structured",
    "email": "mariadelosangeles.abanto@newmont.com",
    "year": 2025,
    "month": "Octubre",
    "request_id": "eada6176-0aa0-4362-b8ab-f4f1b641fff8",
    "processed_at": "2025-11-18T14:25:11.827917",
    "api_version": "1.0.0",
    "periodo_id": "string"
  },
  "hoja": {
    "tJson": "BSQE\nBS0003\nM/S\nMEL\nTARIKH 28/6/2025\nNO.\nNO. 数量 KUANTITI 摘要 JENIS BARANG - BARANG 價目 HARGA 銀額 JUMLAH\n1\n2 25-20\n3\n4\n5\n6\n7\n8\n9 USD6.10\n貨物出門,恕不退换。\nBarang yang sudah dijual tidak boleh dikembalikan.\nJUMLAH/總計 25.20\n收貨人\n經手人\nDiterima Oleh. Disahkan Oleh..",
    "tJsonTraducido": null,
    "lFormato": false,
    "iMIdioma": 5,
    "iMDocumentoTipo": 1,
    "tSequentialNumber": "BS0003"
  },
  "additional_data": {
    "mcomprobante": [
      {
        "_stamp_name": "BSQE",
        "_sequential_number": "BS0003",
        "tNumero": null,
        "tSerie": null,
        "fEmision": "28/6/2025",
        "tCliente": null,
        "nPrecioTotal": 6.1
      }
    ],
    "mcomprobante_detalle": [
      {
        "nCantidad": 1.0,
        "tDescripcion": "Item 9 (USD)",
        "nPrecioUnitario": 6.1,
        "nPrecioTotal": 6.1
      },
      {
        "nCantidad": 2.0,
        "tDescripcion": "25-20",
        "nPrecioUnitario": 6.1,
        "nPrecioTotal": 6.1
      },
      {
        "nCantidad": 1.0,
        "tDescripcion": "JUMLAH/總計",
        "nPrecioUnitario": 25.2,
        "nPrecioTotal": 25.2,
        "_currency": "USD",
        "_source_line": 19,
        "_auto_extracted": true
      },
      {
        "nCantidad": 1.0,
        "tDescripcion": "9",
        "nPrecioUnitario": 6.0,
        "nPrecioTotal": 6.0,
        "_currency": "USD",
        "_source_line": 16,
        "_auto_extracted": true
      }
    ],
    "midioma": [
      {
        "iMIdioma": 5,
        "tIdioma": "Chino"
      }
    ],
    "mdocumento_tipo": [
      {
        "iMDocumentoTipo": 1,
        "tTipo": "Comprobante"
      }
    ],
    "mdivisa": [
      {
        "tDivisa": "USD"
      }
    ],
    "mnaturaleza": [
      {
        "tNaturaleza": "Otro"
      }
    ],
    "mresumen": [],
    "mjornada": [],
    "mjornada_empleado": [],
    "mproveedor": [],
    "marchivo_tipo": [],
    "munidad_medida": []
  }
}