{
  "metadata": {
    "version": "1.0.0",
    "parser": "ExtractorOCR",
    "extraction_date": "2025-11-18T14:22:41.325541",
    "type": "structured",
    "email": "mariadelosangeles.abanto@newmont.com",
    "year": 2025,
    "month": "Octubre",
    "request_id": "eada6176-0aa0-4362-b8ab-f4f1b641fff8",
    "processed_at": "2025-11-18T14:25:11.827917",
    "api_version": "1.0.0",
    "periodo_id": "string"
  },
  "hoja": {
    "tJson": "BSQE\nBS0004\n天津客运出租汽车专用发票\nTIANJIN PASSENGER\nTAXI SPECIAL INVOICE\n发票联\nINVOICE\n代码112001960321\nINVOICE CODE\n号码 65628415\nINVOICE NO\n开票日期:2025年06月25日\nDATE\n单位:\nSECTION\n税号: 911208000\nTAX PAYER'S FILE N000835499\n电话: 87092616\nTEL\n车号:\nREGISTION MARK No. E.21807\n起止时间: 07:46 08:49\nTIME\n单价: 4.25元/km\nUNIT PRICE\n里程: 42.0km\nKILOMETRE\n等候时间: 00:08.00\nWAITING TIME\n附加费: 0.00元\nADDITIONAL FEE\n金额: 160.00元\nAMOUNT\n卡号:\nCARD No.\n卡原额:\nCARD ORIGINAL SUM\n卡余额:\nCARD BALANCE SUM\n存根\n天津客运出租汽车专用发票\nTIANJIN PASSENGER\nTAXI SPECIAL INVOIce\n发票联\nINVOICE\n代码112002060221\nINVOICE CODE\n号码 32006329\nINVOICE No.\n开票日期: 2025-06-25\nDATE\n单位: G002\nSECTION\n税号: 911200000\nTAX PAYER'S FILE No 000064329\n电话: 88908890\nTEL\n车号:\nREGISTION MARK No. E.15644\n起止时间:17:58 19:01\nTIME\n单价: 4.25\nUNIT PRICE\n里程: 42.0\nKILOMETRE\n等候时间: 00:08:00\nWAITING TIME\n附加费: ¥0.00\nADDITIONAL FEE\n金额: ¥160.00\nAMOUNT\n卡号:\nCARD No.\n卡原额:\nCARD ORIGINAL SUM\n卡余额:\nCARD BALANCE SUM\n天津市客运出\n000000000000000000\n发票专用章\n存根\n天津客运出租汽车专用发票\nPLANJIN PASSENGER\nTAXI SPECIAL INVOICE\n发票联\nINVOICE\n代码112002060221\nINVOICE CODE\n号码 04472972\nINVOICE No.\n开票日期: 2025年06月26日\nDATE\n单位: J004\nSECTION\n税号: 911200000\nTAX PAYER'S FILE No 000032841\n电话: 87092616\nTEL\n车号:\nREGISTION MARK No. E.17287\n起止时间:07:39:42\nTIME\n单价: 4.25元/km\nUNIT PRICE\n里程: 42.0km\nKILOMETRE\n等候时间: 00:08.00\nWAITING TIME\n附加费: 0.00元\nADDITIONAL FEE\n金额: 160.00元\nAMOUNT\n卡号:\nCARD No.\n卡原额:\nCARD ORIGINAL SUM\n卡余额:\nCARD BALANCE SUM\n存根\n天津家运出租汽车专用发票\nPLANJIN PASSENGER\nWTAXI SPECIAL, INVOICE\n发票联\nINVOICE\n代码112002060221\nINVOICE CODE\n号码: 04472589\nINVOICE No.\n开票日期:2025年06月26日\nDATE\n单位: 01\nSECTION\n税号: 911203000\nTAX PAYER'S FILE N000382460\n电话: 87092616\nTEL\n车号:\nREGISTION MARK No. E.34126\n起止时间: 17:48 18:51\nTIME\n单价: 4.25元/km\nUNLT PRICE\n里程: 42.0km\nKILOMETRE\n等候时间: 00:08.00\nWAITING TIME\n附加费: 0.00元\nADDITIONAL FEE\n金额: 160.00元\nAMOXINE\n卡号:\nCARD No\n-卡原频:\nCARD ORIGINAL SI000000000000000000\n卡余额:\nCARD BALANCE SO\n报\n2025-06-25\nTrowery to and from Tamz\n¥:320\n2025-06-26\nTravery to god from 72人かで\n¥:320\nP7\nPage 7 of 8",
    "tJsonTraducido": null,
    "lFormato": false,
    "iMIdioma": 5,
    "iMDocumentoTipo": 1,
    "tSequentialNumber": "BS0004"
  },
  "additional_data": {
    "mcomprobante": [
      {
        "_stamp_name": "BSQE",
        "_sequential_number": "BS0004",
        "tNumero": "CODE",
        "tSerie": null,
        "tCliente": null
      }
    ],
    "mcomprobante_detalle": [
      {
        "nCantidad": 42.0,
        "tDescripcion": "KILOMETRE",
        "nPrecioUnitario": 4.25,
        "nPrecioTotal": 160.0
      },
      {
        "nCantidad": 42.0,
        "tDescripcion": "KILOMETRE",
        "nPrecioUnitario": 4.25,
        "nPrecioTotal": 160.0
      },
      {
        "nCantidad": 42.0,
        "tDescripcion": "KILOMETRE",
        "nPrecioUnitario": 4.25,
        "nPrecioTotal": 160.0
      },
      {
        "nCantidad": 42.0,
        "tDescripcion": "KILOMETRE",
        "nPrecioUnitario": 4.25,
        "nPrecioTotal": 160.0
      },
      {
        "nCantidad": 1.0,
        "tDescripcion": "等候时间: 00:",
        "nPrecioUnitario": 8.0,
        "nPrecioTotal": 8.0,
        "_currency": "USD",
        "_source_line": 28,
        "_auto_extracted": true
      }
    ],
    "midioma": [
      {
        "iMIdioma": 5,
        "tIdioma": "Chino"
      }
    ],
    "mdocumento_tipo": [
      {
        "iMDocumentoTipo": 1,
        "tTipo": "Comprobante"
      }
    ],
    "mdivisa": [
      {
        "tDivisa": "CNY"
      }
    ],
    "mnaturaleza": [
      {
        "tNaturaleza": "Otro"
      }
    ],
    "mproveedor": [
      {
        "tRazonSocial": "TIANJIN PASSENGER"
      }
    ],
    "mresumen": [],
    "mjornada": [],
    "mjornada_empleado": [],
    "marchivo_tipo": [],
    "munidad_medida": []
  }
}