{
  "metadata": {
    "version": "1.0.0",
    "parser": "ExtractorOCR",
    "extraction_date": "2025-11-18T14:25:03.799062",
    "type": "structured",
    "email": "mariadelosangeles.abanto@newmont.com",
    "year": 2025,
    "month": "Octubre",
    "request_id": "eada6176-0aa0-4362-b8ab-f4f1b641fff8",
    "processed_at": "2025-11-18T14:25:11.827917",
    "api_version": "1.0.0",
    "periodo_id": "string"
  },
  "hoja": {
    "tJson": "7/22/25, 8:47 AM\nBechtel OBARS Validation Report Report Date: 22-JUL-25 08:40:17\ncusp.oci.becpsn.com/OA_CGI/FNDWRR.exe?temp_id=1831061983\nOTRE\nOR0001\nTransaction Source: OBARS BWATC\nBatchName Job SJob ProductCode OriginalTransRef RejectionReason\nAll records for file id 49334 are validated, No Error was found.\nTotal number of records imported to the interface table: 20\nTotal Cost for USD: 49,660.00\nhttps://cusp.oci.becpsn.com/OA_CGI/FNDWRR.exe?temp_id=1831061983\n1/1",
    "tJsonTraducido": null,
    "lFormato": false,
    "iMIdioma": 1,
    "iMDocumentoTipo": 4,
    "tSequentialNumber": "OR0001"
  },
  "additional_data": {
    "mresumen": [
      {
        "tjobno": null,
        "ttype": "Expense Report",
        "tsourcereference": null,
        "tsourcerefid": null,
        "tdescription": "Bechtel Expense Report",
        "nImporte": null,
        "tStampname": "OTRE",
        "tsequentialnumber": "OR0001",
        "_expense_report_data": {
          "report_key": null,
          "report_number": null,
          "employee_id": null,
          "employee_name": null,
          "org_code": null,
          "default_approver": null,
          "final_approver": null,
          "report_name": null,
          "report_date": "22-JUL-25 08",
          "report_purpose": null,
          "report_total": null,
          "bechtel_owes_card": null,
          "bechtel_owes_employee": null,
          "policy": null
        }
      }
    ],
    "midioma": [
      {
        "iMIdioma": 1,
        "tIdioma": "Español"
      }
    ],
    "mdocumento_tipo": [
      {
        "iMDocumentoTipo": 4,
        "tTipo": "Expense Report"
      }
    ],
    "mdivisa": [
      {
        "tDivisa": "USD"
      }
    ],
    "mnaturaleza": [
      {
        "tNaturaleza": "Otro"
      }
    ],
    "mproveedor": [
      {
        "tRazonSocial": "AM\nBechtel OBARS Validation Report Report Date"
      }
    ],
    "mcomprobante_detalle": [
      {
        "nCantidad": 1.0,
        "tDescripcion": "Total Cost for USD:",
        "nPrecioUnitario": 49660.0,
        "nPrecioTotal": 49660.0,
        "_currency": "USD",
        "_source_line": 10,
        "_auto_extracted": true
      },
      {
        "nCantidad": 1.0,
        "tDescripcion": "Total Cost for USD:",
        "nPrecioUnitario": 49.0,
        "nPrecioTotal": 49.0,
        "_currency": "USD",
        "_source_line": 10,
        "_auto_extracted": true
      },
      {
        "nCantidad": 1.0,
        "tDescripcion": "Total number of records imported to the interface table:",
        "nPrecioUnitario": 20.0,
        "nPrecioTotal": 20.0,
        "_currency": "USD",
        "_source_line": 9,
        "_auto_extracted": true
      }
    ],
    "mcomprobante": [],
    "mjornada": [],
    "mjornada_empleado": [],
    "marchivo_tipo": [],
    "munidad_medida": []
  }
}