{
  "metadata": {
    "version": "1.0.0",
    "parser": "ExtractorOCR",
    "extraction_date": "2025-11-18T14:25:11.824171",
    "type": "structured",
    "email": "mariadelosangeles.abanto@newmont.com",
    "year": 2025,
    "month": "Octubre",
    "request_id": "eada6176-0aa0-4362-b8ab-f4f1b641fff8",
    "processed_at": "2025-11-18T14:25:11.827917",
    "api_version": "1.0.0",
    "periodo_id": "string"
  },
  "hoja": {
    "tJson": "Torres Ferreira, Lorena\nSubject: Recovery Plan - WTP ON PLANT / Bechtel\nLocation: Hotel Costa Del Sol - Cajamarca / conexión via TEAMS; STO-Alcantara-10th Floor-02-Suri (10)-VC\nStart: martes 10-06-2025 12:00\nEnd: martes 10-06-2025 20:00\nRecurrence: (none)\nMeeting Status: Accepted\nOrganizer: Hilbck Peschiera, Roberto\nRequired Attendees: Hilbck Peschiera, Roberto; INGRID DEMARIA; BURMESTER, ENRIQUE (Newmont); Cerna, Juan (Newmont); Johm\nFelipe Mendoza Sanchez; Ruiz Ulloa, Maria Eliana; Garabito Maldonado, 'Daniel; Gonzalez Altamirano, Arturo; Rojas\nCordova, Juan; Morales Padilla, Carlos; Donkersloot, Ronald; Moya Cruz, Patricio; Flores Fuentes, Fanny; Rivas Ureta,\nFernando\nOptional Attendees: Palacios Hernandez, Juan Carlos; Quiero Salazar, Mauro; Guzman Barron, Alberto (Newmont); Baldini, Sergio;\nCisternas Rojas, Andres; Lara Yanez, Gabriel; Fajardo Ruiz, Luis; Benavente Velasquez, Juan; Larrain, Juan Pablo;\nRicardo Arenas; Daniel Miranda; Masuji Cespedes; Parikh, Tejas; Johanna Pacheco; Parra Caamano, Marco; Dotson,\nJames; Hosea, Robert; ROBERTO MUNOZ; Corvalan Vergara, Pablo\nResources: STO-Alcantara-10th Floor-02-Suri (10)-VC\n-----Original Appointment-----\nFrom: Hilbck Peschiera, Roberto <rhilbck@Bechtel.com>\nSent: domingo, 8 de junio de 2025 12:58\nTo: Hilbck Peschiera, Roberto; INGRID DEMARIA; BURMESTER, ENRIQUE (Newmont); Cerna, Juan (Newmont); Johm\nFelipe Mendoza Sanchez; Ruiz Ulloa, Maria Eliana; Garabito Maldonado, Daniel; Gonzalez Altamirano, Arturo; Rojas\nCordova, Juan; Morales Padilla, Carlos; Donkersloot, Ronald; Moya Cruz, Patricio; Flores Fuentes, Fanny; Rivas Ureta,\nFernando\nCc: Palacios Hernandez, Juan Carlos; Quiero Salazar, Mauro; Guzman Barron, Alberto (Newmont); Baldini, Sergio;\nCisternas Rojas, Andres; Lara Yanez, Gabriel; Fajardo Ruiz, Luis; Benavente Velasquez, Juan; Larrain, Juan Pablo; Ricardo\nArenas; Daniel Miranda; Masuji Cespedes; Parikh, Tejas\nSubject: Recovery Plan - WTP ON PLANT / Bechtel\nWhen: martes, 10 de junio de 2025 11:00-19:00 (UTC-05:00) Bogota, Lima, Quito, Rio Branco.\nWhere: Hotel Costa Del Sol - Cajamarca / conexión via TEAMS; STO-Alcantara-10th Floor-02-Suri (10)-VC\nOTEM\nOE0002\nDia Agenda de Trabajo - Recovery Plan Meeting Hora Duración Expositor\n1.1 Momento de Valor - Introducción - 11:00 15' Maria Eliana Ruiz\nRevisión Agenda AM\n1.2 Project Control - Reseña y Bases Plan 11:15 45' Maria Eliana Ruiz / Daniel\nRecuperación WTP ON PLANT AM Garabito\n1.3 Plan de Recuperación - INGENIERIA 12:00 1h Patricio Moya\nPM\nMartes\n1.4 Almuerzo (Comedor Hotel) 1:00 PM 1h\n10.Jun\n1.5 Plan de Recuperación – PROCURA 2:00 PM 1h Fanny Flores\n1.6 Resumen y Análisis Oportunidades - ENG 3:00 PM 30΄ Project Control - Maria\n+ PROC Eliana / Fernando Rivas\n1.7 Plan de Recuperación - 3:30 PM 15΄ Roberto Hilbck\nCONSTRUCCION – Bases y Criterios\nasumidos\n1",
    "tJsonTraducido": null,
    "lFormato": true,
    "iMIdioma": 4,
    "iMDocumentoTipo": 2,
    "tSequentialNumber": "OE0002"
  },
  "additional_data": {
    "midioma": [
      {
        "iMIdioma": 4,
        "tIdioma": "Otro"
      }
    ],
    "mdocumento_tipo": [
      {
        "iMDocumentoTipo": 2,
        "tTipo": "Resumen"
      }
    ],
    "mnaturaleza": [
      {
        "tNaturaleza": "Otro"
      }
    ],
    "mproveedor": [
      {
        "tRazonSocial": "Lorena\nSubject"
      }
    ],
    "mresumen": [],
    "mcomprobante": [],
    "mcomprobante_detalle": [],
    "mjornada": [],
    "mjornada_empleado": [],
    "marchivo_tipo": [],
    "mdivisa": [],
    "munidad_medida": []
  }
}