{
  "metadata": {
    "version": "1.0.0",
    "parser": "ExtractorOCR",
    "extraction_date": "2025-11-18T14:20:24.364748",
    "type": "structured",
    "email": "mariadelosangeles.abanto@newmont.com",
    "year": 2025,
    "month": "Octubre",
    "request_id": "eada6176-0aa0-4362-b8ab-f4f1b641fff8",
    "processed_at": "2025-11-18T14:25:11.827917",
    "api_version": "1.0.0",
    "periodo_id": "string"
  },
  "hoja": {
    "tJson": "BECHTEL JOBS NO. : 26443\nProject: Yanacocha AWTP Onshore\nATTACHMENT TO INVOICE NO.\n333/25\nResource Vendor Assignment no. Report Number Request Type of Activity Date of visit hrs hrly rate km/ miles mileage rate Expenses Total Labor Total Expenses Total Amount Annex No.\nGERMANY\nMartin Loges Duchting Pumpen, Witten, Germany 26443-220-YZA-MPVE-1C001 26443-220-YQA-MPVE-1C001 29018 Inspection 11-Jun-25 12 90 $ 0.67 $ - $ 60.30 $ 60.30\nMartin Loges Duchting Pumpen, Witten, Germany 26443-220-YZA-MPVE-1C001 26443-220-YQA-MPVE-1C002 29018 Inspection 30-Jun-25 10 90 $ 0.67 $ - $ 60.30 $ 60.30\nTOTAL AMOUNT IN US$ 22 180 $ - $ - $ 120.60 $ 120.60\nBSQE\nBS0002",
    "tJsonTraducido": null,
    "lFormato": false,
    "iMIdioma": 2,
    "iMDocumentoTipo": 1,
    "tSequentialNumber": "BS0002"
  },
  "additional_data": {
    "mcomprobante": [
      {
        "_stamp_name": "BSQE",
        "_sequential_number": "BS0002",
        "tNumero": "333/25",
        "tSerie": null,
        "tCliente": null,
        "nPrecioTotal": 120.6
      }
    ],
    "mcomprobante_detalle": [
      {
        "nCantidad": 1.0,
        "tDescripcion": "Martin Loges - Duchting Pumpen, Witten, Germany",
        "nPrecioUnitario": 60.3,
        "nPrecioTotal": 60.3
      },
      {
        "nCantidad": 1.0,
        "tDescripcion": "Martin Loges - Duchting Pumpen, Witten, Germany",
        "nPrecioUnitario": 60.3,
        "nPrecioTotal": 60.3
      },
      {
        "nCantidad": 12.0,
        "tDescripcion": "Martin Loges Duchting Pumpen, Witten, Germany 26443-220-YZA-MPVE-1C001 26443-220-YQA-MPVE-1C001 29018 Inspection 11-Jun-25",
        "nPrecioUnitario": 90.0,
        "nPrecioTotal": 60.3
      },
      {
        "nCantidad": 10.0,
        "tDescripcion": "Martin Loges Duchting Pumpen, Witten, Germany 26443-220-YZA-MPVE-1C001 26443-220-YQA-MPVE-1C002 29018 Inspection 30-Jun-25",
        "nPrecioUnitario": 90.0,
        "nPrecioTotal": 60.3
      },
      {
        "nCantidad": 1.0,
        "tDescripcion": "TOTAL AMOUNT IN US 180 $ - $ -",
        "nPrecioUnitario": 120.6,
        "nPrecioTotal": 120.6,
        "_currency": "$",
        "_source_line": 9,
        "_auto_extracted": true
      },
      {
        "nCantidad": 1.0,
        "tDescripcion": "TOTAL AMOUNT IN US 180 $ - $ - $",
        "nPrecioUnitario": 120.6,
        "nPrecioTotal": 120.6,
        "_currency": "USD",
        "_source_line": 9,
        "_auto_extracted": true
      },
      {
        "nCantidad": 1.0,
        "tDescripcion": "TOTAL AMOUNT IN US 180 $ - $ -",
        "nPrecioUnitario": 120.0,
        "nPrecioTotal": 120.0,
        "_currency": "$",
        "_source_line": 9,
        "_auto_extracted": true
      },
      {
        "nCantidad": 1.0,
        "tDescripcion": "Martin Loges Duchting Pumpen, Witten, Germany 26443-220-YZA-MPVE-1C001 26443-220-YQA-MPVE-1C001 2901",
        "nPrecioUnitario": 67.0,
        "nPrecioTotal": 67.0,
        "_currency": "USD",
        "_source_line": 7,
        "_auto_extracted": true
      },
      {
        "nCantidad": 1.0,
        "tDescripcion": "Martin Loges Duchting Pumpen, Witten, Germany 26443-220-YZA-MPVE-1C001 26443-220-YQA-MPVE-1C001 2901",
        "nPrecioUnitario": 60.0,
        "nPrecioTotal": 60.0,
        "_currency": "$",
        "_source_line": 7,
        "_auto_extracted": true
      },
      {
        "nCantidad": 1.0,
        "tDescripcion": "Martin Loges Duchting Pumpen, Witten, Germany 26443-220-YZA-MPVE-1C001 26443-220-YQA-MPVE-1C001 2901",
        "nPrecioUnitario": 60.0,
        "nPrecioTotal": 60.0,
        "_currency": "USD",
        "_source_line": 7,
        "_auto_extracted": true
      },
      {
        "nCantidad": 1.0,
        "tDescripcion": "Martin Loges Duchting Pumpen, Witten, Germany 26443-220-YZA-MPVE-1C001 26443-220-YQA-MPVE-1C001 2901",
        "nPrecioUnitario": 30.0,
        "nPrecioTotal": 30.0,
        "_currency": "USD",
        "_source_line": 7,
        "_auto_extracted": true
      },
      {
        "nCantidad": 1.0,
        "tDescripcion": "TOTAL AMOUNT IN US",
        "nPrecioUnitario": 22.0,
        "nPrecioTotal": 22.0,
        "_currency": "$",
        "_source_line": 9,
        "_auto_extracted": true
      },
      {
        "nCantidad": 1.0,
        "tDescripcion": "TOTAL AMOUNT IN US$",
        "nPrecioUnitario": 22.0,
        "nPrecioTotal": 22.0,
        "_currency": "USD",
        "_source_line": 9,
        "_auto_extracted": true
      },
      {
        "nCantidad": 1.0,
        "tDescripcion": "Martin Loges Duchting Pumpen, Witten, Germany 26443-220-YZA-MPVE-1C001 26443-220-YQA-MPVE-1C001 2901",
        "nPrecioUnitario": 0.67,
        "nPrecioTotal": 0.67,
        "_currency": "$",
        "_source_line": 7,
        "_auto_extracted": true
      }
    ],
    "midioma": [
      {
        "iMIdioma": 2,
        "tIdioma": "Inglés"
      }
    ],
    "mdocumento_tipo": [
      {
        "iMDocumentoTipo": 1,
        "tTipo": "Comprobante"
      }
    ],
    "mdivisa": [
      {
        "tDivisa": "USD"
      }
    ],
    "mnaturaleza": [
      {
        "tNaturaleza": "Otro"
      }
    ],
    "mproveedor": [
      {
        "tRazonSocial": "BECHTEL JOBS NO."
      }
    ],
    "mresumen": [],
    "mjornada": [],
    "mjornada_empleado": [],
    "marchivo_tipo": [],
    "munidad_medida": []
  }
}