{
  "metadata": {
    "version": "1.0.0",
    "parser": "ExtractorOCR",
    "extraction_date": "2025-11-18T14:24:46.277547",
    "type": "structured",
    "email": "mariadelosangeles.abanto@newmont.com",
    "year": 2025,
    "month": "Octubre",
    "request_id": "eada6176-0aa0-4362-b8ab-f4f1b641fff8",
    "processed_at": "2025-11-18T14:25:11.827917",
    "api_version": "1.0.0",
    "periodo_id": "string"
  },
  "hoja": {
    "tJson": "Concur Expense - Viaje a USA Mayo 2025\nTax 0\nSubtotal 1,838,816.00\nReport Total 1,838,816.00\nAttendee Detail\nMay 28, 2025 - Business Meeting meal/Refreshments\nAttendee Name Title Company\nfanny flores bechtel bechtel\nmario gambra newmont newmont\nMay 30, 2025 - Business Meeting meal/Refreshments\nfanny flores behtel bechtel\nmario gambra newmont newmont\ntejas parikh bechtel bechtel\nLine Entry\nComments\nTransaction Expense Type Comment Commenter's Comment\nDate Date/ Name\nTime\nMay 26, Local Transportation - Jul 1, TORRES FERREIRA, traslado aeropuerto a hotel\n2025 Taxi 2025 LORENA VALERIA\n10:40 PM\nMay 27, Local Transportation - Jul 1, TORRES FERREIRA, traslado en uber\n2025 Taxi 2025 LORENA VALERIA desde hotel a oficina del proveedor\n10:41 PM\nMay 28, Business Meeting Jul 1, TORRES FERREIRA, almuerzo con cliente\n2025 meal/Refreshments 2025 LORENA VALERIA\n10:50 PM\nMay 28, Credit Card Transaction Jul 1, TORRES FERREIRA, fee uso tarjeta de credito Master card\n2025 Fee 2025 LORENA VALERIA\n10:33 PM\nMay 28, Local Transportation - Jul 1, TORRES FERREIRA, traslado en uber desde hotel a redtaurant para cena\n2025 Taxi 2025 LORENA VALERIA\n10:41 PM\nMay 28, Local Transportation - Jul 1, TORRES FERREIRA, traslado uber desde aeropuerto en minneapolis a minnesota USA\n2025 Taxi 2025 LORENA VALERIA\n10:42 PM\nMay 30, Business Meeting Jul 1, TORRES FERREIRA, almuerzo con el cliente\n2025 meal/Refreshments 2025 LORENA VALERIA\n10:48 PM\nMay 31, Meals - Travel Jul 1, TORRES FERREIRA, desayuno\n2025 2025 LORENA VALERIA\n10:49 PM\nOTEM\nOE0001\nJul 8, 2025 3 11:08:01 AM",
    "tJsonTraducido": null,
    "lFormato": false,
    "iMIdioma": 2,
    "iMDocumentoTipo": 4,
    "tSequentialNumber": "OE0001"
  },
  "additional_data": {
    "mcomprobante": [
      {
        "tNumero": "OE0001",
        "tSerie": null,
        "nPrecioTotal": 1838816.0,
        "_stamp_name": "OTEM",
        "_sequential_number": "OE0001",
        "_concur_expense": true,
        "_report_name": "Viaje a USA Mayo 2025",
        "_job_section": null
      }
    ],
    "mresumen": [
      {
        "tjobno": null,
        "ttype": "Concur Expense - Tax",
        "tsourcereference": "OE0001",
        "tsourcerefid": null,
        "tdescription": "Tax: 0.00",
        "nImporte": 0.0,
        "tStampname": "OTEM",
        "tsequentialnumber": "OE0001",
        "_concur_total": true,
        "_total_type": "tax",
        "_report_name": "Viaje a USA Mayo 2025"
      },
      {
        "tjobno": null,
        "ttype": "Concur Expense - Subtotal",
        "tsourcereference": "OE0001",
        "tsourcerefid": null,
        "tdescription": "Subtotal: 1,838,816.00",
        "nImporte": 1838816.0,
        "tStampname": "OTEM",
        "tsequentialnumber": "OE0001",
        "_concur_total": true,
        "_total_type": "subtotal",
        "_report_name": "Viaje a USA Mayo 2025"
      },
      {
        "tjobno": null,
        "ttype": "Concur Expense - Report Total",
        "tsourcereference": "OE0001",
        "tsourcerefid": null,
        "tdescription": "Report Total: 1,838,816.00",
        "nImporte": 1838816.0,
        "tStampname": "OTEM",
        "tsequentialnumber": "OE0001",
        "_concur_total": true,
        "_total_type": "report_total",
        "_report_name": "Viaje a USA Mayo 2025"
      }
    ],
    "midioma": [
      {
        "iMIdioma": 2,
        "tIdioma": "Inglés"
      }
    ],
    "mdocumento_tipo": [
      {
        "iMDocumentoTipo": 4,
        "tTipo": "Concur Expense Report"
      }
    ],
    "mdivisa": [
      {
        "tDivisa": "USD"
      }
    ],
    "mnaturaleza": [
      {
        "tNaturaleza": "Alimentación"
      }
    ],
    "mproveedor": [
      {
        "tRazonSocial": "eshments\nAttendee Name Title Company\nfanny flores bechtel bechtel\nmario gambra newmont newmont\nMay"
      }
    ],
    "departments": [
      {
        "name": "IT Services",
        "amount": null,
        "pattern_found": "it"
      }
    ],
    "disciplines": [],
    "mcomprobante_detalle": [
      {
        "nCantidad": 1.0,
        "tDescripcion": "Subtotal",
        "nPrecioUnitario": 1838816.0,
        "nPrecioTotal": 1838816.0,
        "_currency": "USD",
        "_source_line": 3,
        "_auto_extracted": true
      },
      {
        "nCantidad": 1.0,
        "tDescripcion": "May",
        "nPrecioUnitario": 28.0,
        "nPrecioTotal": 28.0,
        "_currency": "USD",
        "_source_line": 28,
        "_auto_extracted": true
      },
      {
        "nCantidad": 1.0,
        "tDescripcion": "Subtotal",
        "nPrecioUnitario": 1.0,
        "nPrecioTotal": 1.0,
        "_currency": "USD",
        "_source_line": 3,
        "_auto_extracted": true
      }
    ],
    "mjornada": [],
    "mjornada_empleado": [],
    "marchivo_tipo": [],
    "munidad_medida": []
  }
}