{
  "metadata": {
    "version": "1.0.0",
    "parser": "ExtractorOCR",
    "extraction_date": "2025-11-18T14:24:34.295619",
    "type": "structured",
    "email": "mariadelosangeles.abanto@newmont.com",
    "year": 2025,
    "month": "Octubre",
    "request_id": "eada6176-0aa0-4362-b8ab-f4f1b641fff8",
    "processed_at": "2025-11-18T14:25:11.827917",
    "api_version": "1.0.0",
    "periodo_id": "string"
  },
  "hoja": {
    "tJson": "(Pedro) for review.\nCompilation of data collected during FAT & completing reporting in SPOT\nTravel from Sydney to Brisbane",
    "tJsonTraducido": null,
    "lFormato": false,
    "iMIdioma": 4,
    "iMDocumentoTipo": 99,
    "tSequentialNumber": null
  },
  "additional_data": {
    "midioma": [
      {
        "iMIdioma": 4,
        "tIdioma": "Otro"
      }
    ],
    "mdocumento_tipo": [
      {
        "iMDocumentoTipo": 99,
        "tTipo": "Desconocido"
      }
    ],
    "mnaturaleza": [
      {
        "tNaturaleza": "Otro"
      }
    ],
    "mresumen": [],
    "mcomprobante": [],
    "mcomprobante_detalle": [],
    "mjornada": [],
    "mjornada_empleado": [],
    "mproveedor": [],
    "marchivo_tipo": [],
    "mdivisa": [],
    "munidad_medida": []
  }
}