{
  "metadata": {
    "version": "1.0.0",
    "parser": "ExtractorOCR",
    "extraction_date": "2025-11-18T14:23:30.761812",
    "type": "structured",
    "email": "mariadelosangeles.abanto@newmont.com",
    "year": 2025,
    "month": "Octubre",
    "request_id": "eada6176-0aa0-4362-b8ab-f4f1b641fff8",
    "processed_at": "2025-11-18T14:25:11.827917",
    "api_version": "1.0.0",
    "periodo_id": "string"
  },
  "hoja": {
    "tJson": "河北通用机打发票(1)\n出租车卷式\n国家制务总局\n发河北票外联\n发票代码:113002334010\n发票号码:41269710\n识别码:3CH59776×499\n(手写无效)\n出租汽车\n11110000\n0\n公司\n电话:\n车号:冀 J39385\n证号:\n0\n日期:2025年06月26日\n上车:\n08:29\n下午消出 09:53\n单价:\n2.25元\n里程:\n46.5公里\n22.20\n发票专用章\n状态:\n金额:\n0\n110.20元\n河北交通票证印刷厂2023年10月印\n18.69万卷32910001-51600000\n河北通用机打发票(1)\n出租车卷式\n国家利务总局\n发河北票务局胜\n发票代码:113002334010\n发票号码:43979809\n识别码:2973F44FCNXS\n(手写无效)\n出租汽车\n公司\n电话:\n车号:冀J-B5101\n证号:\n11875\n日期: 2025-06-26\n上车(K0660)13:07\n下午出14:13\n单价:\n里只程:\n2.25元\n46.4km\n00:05.22\n候发票专用章\n状态\n金额:\n104.20元\n河北交通票证印刷厂2023年10月印\n18.69万卷32910001-51600000\nBSQE\nBS0004\nTaxi 26, Jun. 2025 (110RMB)\nTaxi 26, Jun. 2025 (104RMB)\nSTUB\n天津家に出租汽车专用发票\nTIANJIN PASSENGER\nTAXI SPECIAL INVOICE\n发票膳\nINVOICE\n代码112002060121\nINVOICE CODE\n号码 52810371\nINVOICE No.\n开票日期:2025年06月23日\nDATE\n非单位:\nSECTION\n無税号:\nJ15.3\n911201026\n975479930\nTAX PAYER'S FILE No.\n88908890\nAF.R0620\nREGISTION MARK No.\n电话:\nTEL\n车号:\n穿起止时间:07:39 08:50\n制\n印TIME\n机单价:\n打UNIT PRICE\n里程:\n享等候时间:\nKILOMETRE\n手\nWAITING TIME\nTO\n3.74元/km\n41.2km\n00:17.29\n0.00元\n附加费:\nADDITIONAL FEE\n金额:\nAMOUNT\n卡号:\nCARD No.\n卡原额:\nCARD ORIGINAL SUM\n卡余额:\nCARD BALANCE SUM\n146.00元\nSTUB\n天津家出租汽车专用发票\nMANTIN PASSENGER\nTAXA SPECIAL DAYOTEN\n发票膳\n代码112001960321\nINVOICE CODE\n号码 89385051\nINVOICE No.\n开票日期:2025年06月28日\nDATE\n丰单位:\nSECTION\n税号:\nTAX PAYER'S FILE No.\n服电话:\nTEL\n车号:\nREGISTION MARK No.\nJ266\n27381937\n277501\n88908890\nAA.A4052\n穿起止时间:17:57 19:19\nTIME\n单价:\n打UNIT PRICE\n签里程:\nKILOMETRE\n享等候时间:\nWAITING TIME\n附加费:\nADDITIONAL FER\n金额:\nAMOUNT\n卡号:\nCARD No.\n多卡原额:\nCARD ORIGINAL SUM\n卡余额:\nCARD BALANCE SUM\nTO\n3.74元/km\n40.6km\n00:28.10\n0.00元\n151.00元\n市春运出\n0000\nTaxi 28, Jun. 2025 (146RMB)\nTaxi 28, Jun. 2025 (151RMB)\n存根",
    "tJsonTraducido": null,
    "lFormato": false,
    "iMIdioma": 5,
    "iMDocumentoTipo": 1,
    "tSequentialNumber": "BS0004"
  },
  "additional_data": {
    "mcomprobante": [
      {
        "_stamp_name": "BSQE",
        "_sequential_number": "BS0004",
        "tNumero": "41269710",
        "tSerie": null,
        "tCliente": null
      }
    ],
    "mcomprobante_detalle": [
      {
        "nCantidad": 1.0,
        "tDescripcion": "出租汽车",
        "nPrecioUnitario": 110.2,
        "nPrecioTotal": 110.2
      },
      {
        "nCantidad": 1.0,
        "tDescripcion": "出租汽车",
        "nPrecioUnitario": 104.2,
        "nPrecioTotal": 104.2
      },
      {
        "nCantidad": 1.0,
        "tDescripcion": "里程",
        "nPrecioUnitario": 146.0,
        "nPrecioTotal": 146.0
      },
      {
        "nCantidad": 1.0,
        "tDescripcion": "里程",
        "nPrecioUnitario": 151.0,
        "nPrecioTotal": 151.0
      },
      {
        "nCantidad": 1.0,
        "tDescripcion": "00:",
        "nPrecioUnitario": 28.1,
        "nPrecioTotal": 28.1,
        "_currency": "USD",
        "_source_line": 161,
        "_auto_extracted": true
      },
      {
        "nCantidad": 1.0,
        "tDescripcion": "Valor monetario línea 25",
        "nPrecioUnitario": 22.2,
        "nPrecioTotal": 22.2,
        "_currency": "USD",
        "_source_line": 25,
        "_auto_extracted": true
      },
      {
        "nCantidad": 1.0,
        "tDescripcion": "00:",
        "nPrecioUnitario": 17.29,
        "nPrecioTotal": 17.29,
        "_currency": "USD",
        "_source_line": 103,
        "_auto_extracted": true
      },
      {
        "nCantidad": 1.0,
        "tDescripcion": "00:",
        "nPrecioUnitario": 5.22,
        "nPrecioTotal": 5.22,
        "_currency": "USD",
        "_source_line": 54,
        "_auto_extracted": true
      }
    ],
    "midioma": [
      {
        "iMIdioma": 5,
        "tIdioma": "Chino"
      }
    ],
    "mdocumento_tipo": [
      {
        "iMDocumentoTipo": 1,
        "tTipo": "Comprobante"
      }
    ],
    "mdivisa": [
      {
        "tDivisa": "CNY"
      }
    ],
    "mnaturaleza": [
      {
        "tNaturaleza": "Otro"
      }
    ],
    "mresumen": [],
    "mjornada": [],
    "mjornada_empleado": [],
    "mproveedor": [],
    "marchivo_tipo": [],
    "munidad_medida": []
  }
}