{
  "metadata": {
    "version": "1.0.0",
    "parser": "ExtractorOCR",
    "extraction_date": "2025-11-18T14:21:41.216849",
    "type": "structured",
    "email": "mariadelosangeles.abanto@newmont.com",
    "year": 2025,
    "month": "Octubre",
    "request_id": "eada6176-0aa0-4362-b8ab-f4f1b641fff8",
    "processed_at": "2025-11-18T14:25:11.827917",
    "api_version": "1.0.0",
    "periodo_id": "string"
  },
  "hoja": {
    "tJson": "BECHTEL\nInvoice Approval Report\nBSQE\nBS0004\nReport Date - 23-Jul-25\nPage 1 of 2\nSupplier Data\nSupplier Name Supplier Number Operating Unit\nSGS-CSTC STANDARDS TECHNICAL SERVICES SHANGHAI CO., 1000000434 82\nLTD\nInvoice Group Detail\nInvoice Group INV Group ID Invoice Number\nBSQEUSD 751662 SHINSCS2500775B01\nBSQEUSD 751662 SHINSCS2500784B01\nInvoice Data\nInvoice Number PO Number Invoice Date Invoice Amount Invoice Description\nSHINSCS2500784B01 07-JUL-25 3764.35\nLine Line Nat Job Sub Cost Acct Sale Acct Sale Acct Sale Red Red Net Inv Comments\nType Amount Class Job Code Tax Rate Tax Basis Tax Amt Type Amount Amount\n1210.92 890 264 223\n42\n51.85 890 265 205\n29\n1110.15 890 265 205\n29\n98.15 890 261 45S\n96\n51.08 890 264 223\n42\n61.85 890 262 140\n51\n306.31 890 265 205\n29\n112 890 266 214\n07\n32.98 890 266 214\n07\n45.69 890 252 004\n72\n65.62 890 262 140\n51\n34.92 890 266 214\n07\n220.92 890 264 130\n97\n53.85 890 264 223\n42\n30 890 264 223\n42\n114.98 890 264 223\n42\n163.08 890 266 42A\n10",
    "tJsonTraducido": null,
    "lFormato": false,
    "iMIdioma": 2,
    "iMDocumentoTipo": 4,
    "tSequentialNumber": "BS0004"
  },
  "additional_data": {
    "mresumen": [
      {
        "tjobno": null,
        "ttype": "Expense Report",
        "tsourcereference": null,
        "tsourcerefid": null,
        "tdescription": "Bechtel Expense Report",
        "nImporte": null,
        "tStampname": "BSQE",
        "tsequentialnumber": "BS0004",
        "_expense_report_data": {
          "report_key": null,
          "report_number": null,
          "employee_id": null,
          "employee_name": null,
          "org_code": null,
          "default_approver": null,
          "final_approver": null,
          "report_name": null,
          "report_date": null,
          "report_purpose": null,
          "report_total": null,
          "bechtel_owes_card": null,
          "bechtel_owes_employee": null,
          "policy": null
        }
      }
    ],
    "midioma": [
      {
        "iMIdioma": 2,
        "tIdioma": "Inglés"
      }
    ],
    "mdocumento_tipo": [
      {
        "iMDocumentoTipo": 4,
        "tTipo": "Expense Report"
      }
    ],
    "mdivisa": [
      {
        "tDivisa": "USD"
      }
    ],
    "mnaturaleza": [
      {
        "tNaturaleza": "Otro"
      }
    ],
    "mproveedor": [
      {
        "tRazonSocial": "Supplier Number Operating Unit\nSGS"
      }
    ],
    "departments": [
      {
        "name": "IT Services",
        "amount": null,
        "pattern_found": "it"
      }
    ],
    "disciplines": [],
    "mcomprobante_detalle": [
      {
        "nCantidad": 1.0,
        "tDescripcion": "SHINSCS2500784B01 07-JUL-25",
        "nPrecioUnitario": 3764.35,
        "nPrecioTotal": 3764.35,
        "_currency": "USD",
        "_source_line": 17,
        "_auto_extracted": true
      },
      {
        "nCantidad": 1.0,
        "tDescripcion": "890 264 223",
        "nPrecioUnitario": 1210.92,
        "nPrecioTotal": 1210.92,
        "_currency": "USD",
        "_source_line": 20,
        "_auto_extracted": true
      },
      {
        "nCantidad": 1.0,
        "tDescripcion": "890 265 205",
        "nPrecioUnitario": 1110.15,
        "nPrecioTotal": 1110.15,
        "_currency": "USD",
        "_source_line": 24,
        "_auto_extracted": true
      },
      {
        "nCantidad": 1.0,
        "tDescripcion": "890 265 205",
        "nPrecioUnitario": 306.31,
        "nPrecioTotal": 306.31,
        "_currency": "USD",
        "_source_line": 32,
        "_auto_extracted": true
      },
      {
        "nCantidad": 1.0,
        "tDescripcion": "890 264 130",
        "nPrecioUnitario": 220.92,
        "nPrecioTotal": 220.92,
        "_currency": "USD",
        "_source_line": 44,
        "_auto_extracted": true
      },
      {
        "nCantidad": 1.0,
        "tDescripcion": "890 266 42A",
        "nPrecioUnitario": 163.08,
        "nPrecioTotal": 163.08,
        "_currency": "USD",
        "_source_line": 52,
        "_auto_extracted": true
      },
      {
        "nCantidad": 1.0,
        "tDescripcion": "890 264 223",
        "nPrecioUnitario": 114.98,
        "nPrecioTotal": 114.98,
        "_currency": "USD",
        "_source_line": 50,
        "_auto_extracted": true
      },
      {
        "nCantidad": 1.0,
        "tDescripcion": "890 261 45S",
        "nPrecioUnitario": 98.15,
        "nPrecioTotal": 98.15,
        "_currency": "USD",
        "_source_line": 26,
        "_auto_extracted": true
      },
      {
        "nCantidad": 1.0,
        "tDescripcion": "890 262 140",
        "nPrecioUnitario": 65.62,
        "nPrecioTotal": 65.62,
        "_currency": "USD",
        "_source_line": 40,
        "_auto_extracted": true
      },
      {
        "nCantidad": 1.0,
        "tDescripcion": "890 262 140",
        "nPrecioUnitario": 61.85,
        "nPrecioTotal": 61.85,
        "_currency": "USD",
        "_source_line": 30,
        "_auto_extracted": true
      },
      {
        "nCantidad": 1.0,
        "tDescripcion": "890 264 223",
        "nPrecioUnitario": 53.85,
        "nPrecioTotal": 53.85,
        "_currency": "USD",
        "_source_line": 46,
        "_auto_extracted": true
      },
      {
        "nCantidad": 1.0,
        "tDescripcion": "890 265 205",
        "nPrecioUnitario": 51.85,
        "nPrecioTotal": 51.85,
        "_currency": "USD",
        "_source_line": 22,
        "_auto_extracted": true
      },
      {
        "nCantidad": 1.0,
        "tDescripcion": "890 264 223",
        "nPrecioUnitario": 51.08,
        "nPrecioTotal": 51.08,
        "_currency": "USD",
        "_source_line": 28,
        "_auto_extracted": true
      },
      {
        "nCantidad": 1.0,
        "tDescripcion": "890 252 004",
        "nPrecioUnitario": 45.69,
        "nPrecioTotal": 45.69,
        "_currency": "USD",
        "_source_line": 38,
        "_auto_extracted": true
      },
      {
        "nCantidad": 1.0,
        "tDescripcion": "890 266 214",
        "nPrecioUnitario": 34.92,
        "nPrecioTotal": 34.92,
        "_currency": "USD",
        "_source_line": 42,
        "_auto_extracted": true
      },
      {
        "nCantidad": 1.0,
        "tDescripcion": "890 266 214",
        "nPrecioUnitario": 32.98,
        "nPrecioTotal": 32.98,
        "_currency": "USD",
        "_source_line": 36,
        "_auto_extracted": true
      }
    ],
    "mcomprobante": [],
    "mjornada": [],
    "mjornada_empleado": [],
    "marchivo_tipo": [],
    "munidad_medida": []
  }
}