{
  "metadata": {
    "version": "1.0.0",
    "parser": "ExtractorOCR",
    "extraction_date": "2025-11-18T14:24:58.865595",
    "type": "structured",
    "email": "mariadelosangeles.abanto@newmont.com",
    "year": 2025,
    "month": "Octubre",
    "request_id": "eada6176-0aa0-4362-b8ab-f4f1b641fff8",
    "processed_at": "2025-11-18T14:25:11.827917",
    "api_version": "1.0.0",
    "periodo_id": "string"
  },
  "hoja": {
    "tJson": "Residence Inn® Saint Cloud\n450 Division Street, Waite Park, MN 56387 P 320.640.0200\nMarriott.com/STCWP\nOTEM\nOE0001\nFannylorena Floresfuentes\nFamily\nRoom: 414\nRoom Type: STKT\nNumber of Guests: 1\nRate: $239.00\nClerk: BEM\nArrive: 28May25\nTime: 10:18PM\nDepart: 31May25\nTime: 09:49AM\nFolio Number: 64910\nDATE DESCRIPTION CHARGES CREDITS\n28May25 Market Frozen Food 4.50\n28May25 Sales Tax 0.37\n28May25 Room Charge 229.00\n28May25 State Occupancy Tax 15.74\n28May25 City Tax 8.02\n28May25 County Tax 1.43\n28May25 Waite Park Tax 1.15\n29May25 Room Charge 244.00\n29May25 State Occupancy Tax 16.78\n29May25 City Tax 8.54\n29May25 County Tax 1.53\n29May25 Waite Park Tax 1.22\n30May25 Room Charge 239.00\n30May25 State Occupancy Tax 16.43\n30May25 City Tax 8.37\n30May25 County Tax 1.49\n30May25 Waite Park Tax 1.20\n31May25 Master Card 798.77\nCard #: MCXXXXXXXXXXXX9743/XXXX\nCard Type: MASTERCARD Card Entry: CHIP Approval Code: 419682\nPIN Verified App Label: Mastercard AID: A0000000041010\nBALANCE: 0.00\nAs a Marriott Bonvoy Member, you could have earned points towards your free dream vacation today. Start earning points and Elite status,\nplus enjoy exclusive member offers. Enroll today at the front desk.\nSee our \"Privacy & Cookie Statement\" on Marriott.com.\nOperated under license from Marriott International, Inc. or one of its affiliates.\nTo plan your next stay, visit ResidenceInn.com.",
    "tJsonTraducido": null,
    "lFormato": false,
    "iMIdioma": 2,
    "iMDocumentoTipo": 99,
    "tSequentialNumber": "OE0001"
  },
  "additional_data": {
    "midioma": [
      {
        "iMIdioma": 2,
        "tIdioma": "Inglés"
      }
    ],
    "mdocumento_tipo": [
      {
        "iMDocumentoTipo": 99,
        "tTipo": "Desconocido"
      }
    ],
    "mdivisa": [
      {
        "tDivisa": "USD"
      }
    ],
    "mnaturaleza": [
      {
        "tNaturaleza": "Alimentación"
      }
    ],
    "mcomprobante_detalle": [
      {
        "nCantidad": 1.0,
        "tDescripcion": "31May25 Master Card",
        "nPrecioUnitario": 798.77,
        "nPrecioTotal": 798.77,
        "_currency": "USD",
        "_source_line": 36,
        "_auto_extracted": true
      },
      {
        "nCantidad": 1.0,
        "tDescripcion": "29May25 Room Charge",
        "nPrecioUnitario": 244.0,
        "nPrecioTotal": 244.0,
        "_currency": "USD",
        "_source_line": 26,
        "_auto_extracted": true
      },
      {
        "nCantidad": 1.0,
        "tDescripcion": "Rate:",
        "nPrecioUnitario": 239.0,
        "nPrecioTotal": 239.0,
        "_currency": "$",
        "_source_line": 11,
        "_auto_extracted": true
      },
      {
        "nCantidad": 1.0,
        "tDescripcion": "Rate: $",
        "nPrecioUnitario": 239.0,
        "nPrecioTotal": 239.0,
        "_currency": "USD",
        "_source_line": 11,
        "_auto_extracted": true
      },
      {
        "nCantidad": 1.0,
        "tDescripcion": "28May25 Room Charge",
        "nPrecioUnitario": 229.0,
        "nPrecioTotal": 229.0,
        "_currency": "USD",
        "_source_line": 21,
        "_auto_extracted": true
      },
      {
        "nCantidad": 1.0,
        "tDescripcion": "29May25 State Occupancy Tax",
        "nPrecioUnitario": 16.78,
        "nPrecioTotal": 16.78,
        "_currency": "USD",
        "_source_line": 27,
        "_auto_extracted": true
      },
      {
        "nCantidad": 1.0,
        "tDescripcion": "30May25 State Occupancy Tax",
        "nPrecioUnitario": 16.43,
        "nPrecioTotal": 16.43,
        "_currency": "USD",
        "_source_line": 32,
        "_auto_extracted": true
      },
      {
        "nCantidad": 1.0,
        "tDescripcion": "28May25 State Occupancy Tax",
        "nPrecioUnitario": 15.74,
        "nPrecioTotal": 15.74,
        "_currency": "USD",
        "_source_line": 22,
        "_auto_extracted": true
      }
    ],
    "mresumen": [],
    "mcomprobante": [],
    "mjornada": [],
    "mjornada_empleado": [],
    "mproveedor": [],
    "marchivo_tipo": [],
    "munidad_medida": []
  }
}