{
  "metadata": {
    "version": "1.0.0",
    "parser": "ExtractorOCR",
    "extraction_date": "2025-11-18T14:24:54.530714",
    "type": "structured",
    "email": "mariadelosangeles.abanto@newmont.com",
    "year": 2025,
    "month": "Octubre",
    "request_id": "eada6176-0aa0-4362-b8ab-f4f1b641fff8",
    "processed_at": "2025-11-18T14:25:11.827917",
    "api_version": "1.0.0",
    "periodo_id": "string"
  },
  "hoja": {
    "tJson": "Urban Cantina\n200 East Madison Street\nTampa, FL 33602\nServer: Kelia L\nCheck #55 Table T6\nGuest Count: 2\nOrdered: 5/28/25 12:50 PM\n2 DIET COKE $5.00\n1 CHIPS AND SALSA $4.95\n1 CARNE ASADA $19.95\n1 CANTINA BOWL $12.95\n$STEAK $2.00\n1 Espresso $3.50\nSubtotal $48.35\nTax $3.63\nTip $10.40\nTotal $62.38\nCredit Card Contactless\nMastercard xxxxxxxx9743\nTime 1:58 PM\nTransaction Type Sale\nAuthorization Approved\nApproval Code 264548\nPayment ID PzgytpJ7cgJF\nApplication ID A0000000041010\nApplication Label Mastercard\nCard Reader BBPOS\nENJOY 20% off AT OUR\nCOFFEE/COCKTAIL BAR\nNEXT DOOR, LITTLE TINA!\nOTEM\nOE0001\nFanny deores\nmano Lambre\nnewmone",
    "tJsonTraducido": null,
    "lFormato": false,
    "iMIdioma": 2,
    "iMDocumentoTipo": 99,
    "tSequentialNumber": "OE0001"
  },
  "additional_data": {
    "midioma": [
      {
        "iMIdioma": 2,
        "tIdioma": "Inglés"
      }
    ],
    "mdocumento_tipo": [
      {
        "iMDocumentoTipo": 99,
        "tTipo": "Desconocido"
      }
    ],
    "mdivisa": [
      {
        "tDivisa": "USD"
      }
    ],
    "mnaturaleza": [
      {
        "tNaturaleza": "Alimentación"
      }
    ],
    "mcomprobante_detalle": [
      {
        "nCantidad": 1.0,
        "tDescripcion": "1 CHIPS AND SALSA .",
        "nPrecioUnitario": 95.0,
        "nPrecioTotal": 95.0,
        "_currency": "USD",
        "_source_line": 9,
        "_auto_extracted": true
      },
      {
        "nCantidad": 1.0,
        "tDescripcion": "Tax .",
        "nPrecioUnitario": 63.0,
        "nPrecioTotal": 63.0,
        "_currency": "USD",
        "_source_line": 15,
        "_auto_extracted": true
      },
      {
        "nCantidad": 1.0,
        "tDescripcion": "Total",
        "nPrecioUnitario": 62.38,
        "nPrecioTotal": 62.38,
        "_currency": "$",
        "_source_line": 17,
        "_auto_extracted": true
      },
      {
        "nCantidad": 1.0,
        "tDescripcion": "Total $",
        "nPrecioUnitario": 62.38,
        "nPrecioTotal": 62.38,
        "_currency": "USD",
        "_source_line": 17,
        "_auto_extracted": true
      },
      {
        "nCantidad": 1.0,
        "tDescripcion": "Total",
        "nPrecioUnitario": 62.0,
        "nPrecioTotal": 62.0,
        "_currency": "$",
        "_source_line": 17,
        "_auto_extracted": true
      },
      {
        "nCantidad": 1.0,
        "tDescripcion": "Total $",
        "nPrecioUnitario": 62.0,
        "nPrecioTotal": 62.0,
        "_currency": "USD",
        "_source_line": 17,
        "_auto_extracted": true
      },
      {
        "nCantidad": 1.0,
        "tDescripcion": "1 Espresso .",
        "nPrecioUnitario": 50.0,
        "nPrecioTotal": 50.0,
        "_currency": "USD",
        "_source_line": 13,
        "_auto_extracted": true
      },
      {
        "nCantidad": 1.0,
        "tDescripcion": "Subtotal",
        "nPrecioUnitario": 48.35,
        "nPrecioTotal": 48.35,
        "_currency": "$",
        "_source_line": 14,
        "_auto_extracted": true
      },
      {
        "nCantidad": 1.0,
        "tDescripcion": "Subtotal $",
        "nPrecioUnitario": 48.35,
        "nPrecioTotal": 48.35,
        "_currency": "USD",
        "_source_line": 14,
        "_auto_extracted": true
      },
      {
        "nCantidad": 1.0,
        "tDescripcion": "Subtotal",
        "nPrecioUnitario": 48.0,
        "nPrecioTotal": 48.0,
        "_currency": "$",
        "_source_line": 14,
        "_auto_extracted": true
      },
      {
        "nCantidad": 1.0,
        "tDescripcion": "Subtotal $",
        "nPrecioUnitario": 48.0,
        "nPrecioTotal": 48.0,
        "_currency": "USD",
        "_source_line": 14,
        "_auto_extracted": true
      },
      {
        "nCantidad": 1.0,
        "tDescripcion": "Tip .",
        "nPrecioUnitario": 40.0,
        "nPrecioTotal": 40.0,
        "_currency": "USD",
        "_source_line": 16,
        "_auto_extracted": true
      },
      {
        "nCantidad": 1.0,
        "tDescripcion": "Total .",
        "nPrecioUnitario": 38.0,
        "nPrecioTotal": 38.0,
        "_currency": "USD",
        "_source_line": 17,
        "_auto_extracted": true
      },
      {
        "nCantidad": 1.0,
        "tDescripcion": "Subtotal .",
        "nPrecioUnitario": 35.0,
        "nPrecioTotal": 35.0,
        "_currency": "USD",
        "_source_line": 14,
        "_auto_extracted": true
      },
      {
        "nCantidad": 1.0,
        "tDescripcion": "1 CARNE ASADA",
        "nPrecioUnitario": 19.95,
        "nPrecioTotal": 19.95,
        "_currency": "$",
        "_source_line": 10,
        "_auto_extracted": true
      },
      {
        "nCantidad": 1.0,
        "tDescripcion": "1 CARNE ASADA $",
        "nPrecioUnitario": 19.95,
        "nPrecioTotal": 19.95,
        "_currency": "USD",
        "_source_line": 10,
        "_auto_extracted": true
      },
      {
        "nCantidad": 1.0,
        "tDescripcion": "1 CARNE ASADA",
        "nPrecioUnitario": 19.0,
        "nPrecioTotal": 19.0,
        "_currency": "$",
        "_source_line": 10,
        "_auto_extracted": true
      },
      {
        "nCantidad": 1.0,
        "tDescripcion": "1 CARNE ASADA $",
        "nPrecioUnitario": 19.0,
        "nPrecioTotal": 19.0,
        "_currency": "USD",
        "_source_line": 10,
        "_auto_extracted": true
      },
      {
        "nCantidad": 1.0,
        "tDescripcion": "1 CANTINA BOWL",
        "nPrecioUnitario": 12.95,
        "nPrecioTotal": 12.95,
        "_currency": "$",
        "_source_line": 11,
        "_auto_extracted": true
      },
      {
        "nCantidad": 1.0,
        "tDescripcion": "1 CANTINA BOWL $",
        "nPrecioUnitario": 12.95,
        "nPrecioTotal": 12.95,
        "_currency": "USD",
        "_source_line": 11,
        "_auto_extracted": true
      },
      {
        "nCantidad": 1.0,
        "tDescripcion": "1 CANTINA BOWL",
        "nPrecioUnitario": 12.0,
        "nPrecioTotal": 12.0,
        "_currency": "$",
        "_source_line": 11,
        "_auto_extracted": true
      },
      {
        "nCantidad": 1.0,
        "tDescripcion": "1 CANTINA BOWL $",
        "nPrecioUnitario": 12.0,
        "nPrecioTotal": 12.0,
        "_currency": "USD",
        "_source_line": 11,
        "_auto_extracted": true
      },
      {
        "nCantidad": 1.0,
        "tDescripcion": "Tip",
        "nPrecioUnitario": 10.4,
        "nPrecioTotal": 10.4,
        "_currency": "$",
        "_source_line": 16,
        "_auto_extracted": true
      },
      {
        "nCantidad": 1.0,
        "tDescripcion": "Tip $",
        "nPrecioUnitario": 10.4,
        "nPrecioTotal": 10.4,
        "_currency": "USD",
        "_source_line": 16,
        "_auto_extracted": true
      },
      {
        "nCantidad": 1.0,
        "tDescripcion": "Tip",
        "nPrecioUnitario": 10.0,
        "nPrecioTotal": 10.0,
        "_currency": "$",
        "_source_line": 16,
        "_auto_extracted": true
      },
      {
        "nCantidad": 1.0,
        "tDescripcion": "Tip $",
        "nPrecioUnitario": 10.0,
        "nPrecioTotal": 10.0,
        "_currency": "USD",
        "_source_line": 16,
        "_auto_extracted": true
      },
      {
        "nCantidad": 1.0,
        "tDescripcion": "2 DIET COKE",
        "nPrecioUnitario": 5.0,
        "nPrecioTotal": 5.0,
        "_currency": "$",
        "_source_line": 8,
        "_auto_extracted": true
      },
      {
        "nCantidad": 1.0,
        "tDescripcion": "2 DIET COKE $",
        "nPrecioUnitario": 5.0,
        "nPrecioTotal": 5.0,
        "_currency": "USD",
        "_source_line": 8,
        "_auto_extracted": true
      },
      {
        "nCantidad": 1.0,
        "tDescripcion": "1 CHIPS AND SALSA",
        "nPrecioUnitario": 4.95,
        "nPrecioTotal": 4.95,
        "_currency": "$",
        "_source_line": 9,
        "_auto_extracted": true
      },
      {
        "nCantidad": 1.0,
        "tDescripcion": "1 CHIPS AND SALSA",
        "nPrecioUnitario": 4.0,
        "nPrecioTotal": 4.0,
        "_currency": "$",
        "_source_line": 9,
        "_auto_extracted": true
      },
      {
        "nCantidad": 1.0,
        "tDescripcion": "1 CHIPS AND SALSA $",
        "nPrecioUnitario": 4.0,
        "nPrecioTotal": 4.0,
        "_currency": "USD",
        "_source_line": 9,
        "_auto_extracted": true
      },
      {
        "nCantidad": 1.0,
        "tDescripcion": "Tax",
        "nPrecioUnitario": 3.63,
        "nPrecioTotal": 3.63,
        "_currency": "$",
        "_source_line": 15,
        "_auto_extracted": true
      },
      {
        "nCantidad": 1.0,
        "tDescripcion": "1 Espresso",
        "nPrecioUnitario": 3.5,
        "nPrecioTotal": 3.5,
        "_currency": "$",
        "_source_line": 13,
        "_auto_extracted": true
      },
      {
        "nCantidad": 1.0,
        "tDescripcion": "1 Espresso",
        "nPrecioUnitario": 3.0,
        "nPrecioTotal": 3.0,
        "_currency": "$",
        "_source_line": 13,
        "_auto_extracted": true
      },
      {
        "nCantidad": 1.0,
        "tDescripcion": "1 Espresso $",
        "nPrecioUnitario": 3.0,
        "nPrecioTotal": 3.0,
        "_currency": "USD",
        "_source_line": 13,
        "_auto_extracted": true
      },
      {
        "nCantidad": 1.0,
        "tDescripcion": "2 DIET COKE",
        "nPrecioUnitario": 2.0,
        "nPrecioTotal": 2.0,
        "_currency": "USD",
        "_source_line": 8,
        "_auto_extracted": true
      },
      {
        "nCantidad": 1.0,
        "tDescripcion": "$STEAK",
        "nPrecioUnitario": 2.0,
        "nPrecioTotal": 2.0,
        "_currency": "$",
        "_source_line": 12,
        "_auto_extracted": true
      },
      {
        "nCantidad": 1.0,
        "tDescripcion": "1 CHIPS AND SALSA",
        "nPrecioUnitario": 1.0,
        "nPrecioTotal": 1.0,
        "_currency": "USD",
        "_source_line": 9,
        "_auto_extracted": true
      }
    ],
    "mresumen": [],
    "mcomprobante": [],
    "mjornada": [],
    "mjornada_empleado": [],
    "mproveedor": [],
    "marchivo_tipo": [],
    "munidad_medida": []
  }
}