{
  "metadata": {
    "version": "1.0.0",
    "parser": "ExtractorOCR",
    "extraction_date": "2025-11-18T14:24:41.839275",
    "type": "structured",
    "email": "mariadelosangeles.abanto@newmont.com",
    "year": 2025,
    "month": "Octubre",
    "request_id": "eada6176-0aa0-4362-b8ab-f4f1b641fff8",
    "processed_at": "2025-11-18T14:25:11.827917",
    "api_version": "1.0.0",
    "periodo_id": "string"
  },
  "hoja": {
    "tJson": "BECHTEL\nDavid John Cook (196979)\nRun Date: 30 Jul 2025\nPeriod Schedule Overtime Org Code CO PR Office\n07 Jul 2025 - 20 Jul 2025 E (M-S 8 hour Days) STO 8NJ-2500 E9 6M\nApproved Signed\nJuly 18, 2025 04:37:56 (UTC July 18, 2025 11:37:56) July 17, 2025 12:51:53 (UTC July 17, 2025 19:51:53)\nSmith, Gilbert Mooche Cook, David John\nCharge Code Project Assignment Add. Info Total Mon Tue Wed Thu Fri Sat Sun Mon Tue Wed Thu Fri Sat Sun\nWorked No.\n7 8 9 10 11 12 13 14 15 16 17 18 19 20\nREG-24084PAY 26711110 BSQE PSQ 15 2 2 5 2 2 2\nActivities\nREG-24084REG 24084REG 61 8 6 8 4 8 6 3 6 6 6\nPersonal Carers 4 4\nLeave\nGrand Total 80 8 8 8 8 8 8 8 8 8 8\nStraight Time 80 8 8 8 8 8 8 8 8 8 8\nOver Time",
    "tJsonTraducido": null,
    "lFormato": false,
    "iMIdioma": 2,
    "iMDocumentoTipo": 1,
    "tSequentialNumber": null
  },
  "additional_data": {
    "mcomprobante": [
      {
        "_stamp_name": "BSQE",
        "tNumero": null,
        "tSerie": null,
        "fEmision": "30 Jul 2025",
        "nPrecioTotal": 80.0,
        "tCliente": null
      }
    ],
    "mcomprobante_detalle": [
      {
        "nCantidad": 15.0,
        "tDescripcion": "REG-24084PAY 26711110 BSQE PSQ",
        "nPrecioUnitario": 15.0,
        "nPrecioTotal": 15.0
      },
      {
        "nCantidad": 61.0,
        "tDescripcion": "REG-24084REG 24084REG",
        "nPrecioUnitario": 61.0,
        "nPrecioTotal": 61.0
      },
      {
        "nCantidad": 1.0,
        "tDescripcion": "Grand Total",
        "nPrecioUnitario": 80.0,
        "nPrecioTotal": 80.0,
        "_currency": "USD",
        "_source_line": 17,
        "_auto_extracted": true
      },
      {
        "nCantidad": 1.0,
        "tDescripcion": "Grand Total 80",
        "nPrecioUnitario": 8.0,
        "nPrecioTotal": 8.0,
        "_currency": "USD",
        "_source_line": 17,
        "_auto_extracted": true
      }
    ],
    "midioma": [
      {
        "iMIdioma": 2,
        "tIdioma": "Inglés"
      }
    ],
    "mdocumento_tipo": [
      {
        "iMDocumentoTipo": 1,
        "tTipo": "Comprobante"
      }
    ],
    "mdivisa": [
      {
        "tDivisa": "USD"
      }
    ],
    "mnaturaleza": [
      {
        "tNaturaleza": "Otro"
      }
    ],
    "mproveedor": [
      {
        "tRazonSocial": "BECHTEL\nDavid John Cook"
      }
    ],
    "mresumen": [],
    "mjornada": [],
    "mjornada_empleado": [],
    "marchivo_tipo": [],
    "munidad_medida": []
  }
}