{
  "metadata": {
    "version": "1.0.0",
    "parser": "ExtractorOCR",
    "extraction_date": "2025-11-18T14:21:17.495829",
    "type": "structured",
    "email": "mariadelosangeles.abanto@newmont.com",
    "year": 2025,
    "month": "Octubre",
    "request_id": "eada6176-0aa0-4362-b8ab-f4f1b641fff8",
    "processed_at": "2025-11-18T14:25:11.827917",
    "api_version": "1.0.0",
    "periodo_id": "string"
  },
  "hoja": {
    "tJson": "M/S\n日期\nDATE / TARIKH 22.6.25\nNO. 號碼\n號碼 摘要 數量 價目 銀額\nNO PARTICULARS QUANTITY UNIT PRICE AMOUNT\nBUTIR-BUTIR KUANTITI HARGA JUMLAH\n1\n2 21.50\n3\n4\n5\n6\n7\n8\n9\n10 USD 20\n貨物出門,恕不退換。 總計 21-50\nGoods said are not returnable. TOTAL\nBarang yang sudah dijual tidak boleh dikembalikan. JUMLAH\nReceived by / Diterima olsh / 收貨人 Signature / Tandatangan / 經手人\nBSQE\nBS0003",
    "tJsonTraducido": null,
    "lFormato": false,
    "iMIdioma": 5,
    "iMDocumentoTipo": 1,
    "tSequentialNumber": "BS0003"
  },
  "additional_data": {
    "mcomprobante": [
      {
        "_stamp_name": "BSQE",
        "_sequential_number": "BS0003",
        "tNumero": null,
        "tSerie": null,
        "tCliente": null
      }
    ],
    "mcomprobante_detalle": [
      {
        "nCantidad": 2.0,
        "tDescripcion": "21.50",
        "nPrecioUnitario": 21.5,
        "nPrecioTotal": 21.5
      },
      {
        "nCantidad": 10.0,
        "tDescripcion": "USD 20",
        "nPrecioUnitario": 20.0,
        "nPrecioTotal": 20.0
      }
    ],
    "midioma": [
      {
        "iMIdioma": 5,
        "tIdioma": "Chino"
      }
    ],
    "mdocumento_tipo": [
      {
        "iMDocumentoTipo": 1,
        "tTipo": "Comprobante"
      }
    ],
    "mdivisa": [
      {
        "tDivisa": "USD"
      }
    ],
    "mnaturaleza": [
      {
        "tNaturaleza": "Otro"
      }
    ],
    "mproveedor": [
      {
        "tRazonSocial": "NO PARTICULARS QUANTITY UNIT PRICE AMOUNT"
      }
    ],
    "mresumen": [],
    "mjornada": [],
    "mjornada_empleado": [],
    "marchivo_tipo": [],
    "munidad_medida": []
  }
}