{
  "metadata": {
    "version": "1.0.0",
    "parser": "ExtractorOCR",
    "extraction_date": "2025-11-18T14:25:06.586927",
    "type": "structured",
    "email": "mariadelosangeles.abanto@newmont.com",
    "year": 2025,
    "month": "Octubre",
    "request_id": "eada6176-0aa0-4362-b8ab-f4f1b641fff8",
    "processed_at": "2025-11-18T14:25:11.827917",
    "api_version": "1.0.0",
    "periodo_id": "string"
  },
  "hoja": {
    "tJson": "7/22/25, 8:47 AM\nPeriod : JUL-2025\nPosted Status: Posted\nPosted Date :\nSource : OBR\nCategory : Original JVs\nFunct. Curr. : USD\nEntered Curr.: USD\nCurrency Type: Corporate\nCurrency Rate : 1\nCurrency Date: 22-JUL-25\nLine Ent- Sub- Nat Sub Perform Entered\nNo. Off Cre Acct Cls Job Job Org Debits\n1 YD1A 000 0000 080 55600 430 DNT0609 4,410.00\n2 YD1A 000 0000 890 26196 530 8NT0309 45,250.00\n3 YD1A 000 0000 890 26442 421 8NT0309\ncusp.oci.becpsn.com/OA_CGI/FNDWRR.exe?temp_id=61389287\nOBR Journal Details\nBatch Name: 49334-072220250839\nJournal Name: JUL-25 Usage Cost USD\nSource Ref : OBARSS2507BWB1\nJournal Desc: OBARS BWATC\nTransaction Date: 22-JUL-25\nEntered Funct Equiv Funct Equiv R Sub Emp Bill Line Description\nCredits Debits Credits O Sub No To\n49,660.00 RECOVERY-JOB\nBWATC-Test Booth/Lab\n49,660.00 BWATC-Test Booth/Lab\n49,660.00\nhttps://cusp.oci.becpsn.com/OA_CGI/FNDWRR.exe?temp_id=61389287\nPage No. : 1\nRun Date : 22-Jul-2025\nRun Time : 08:07:02\nOTRE\nOR0001\n1/1",
    "tJsonTraducido": null,
    "lFormato": false,
    "iMIdioma": 2,
    "iMDocumentoTipo": 1,
    "tSequentialNumber": "OR0001"
  },
  "additional_data": {
    "mcomprobante": [
      {
        "_stamp_name": "OTRE",
        "_sequential_number": "OR0001",
        "tNumero": null,
        "tSerie": null,
        "fEmision": "7/22/25",
        "tCliente": null,
        "nPrecioTotal": 94910.0
      }
    ],
    "mcomprobante_detalle": [
      {
        "nCantidad": 1.0,
        "tDescripcion": "YD1A 000 0000 080 55600 430 DNT0609",
        "nPrecioUnitario": 4410.0,
        "nPrecioTotal": 4410.0
      },
      {
        "nCantidad": 2.0,
        "tDescripcion": "YD1A 000 0000 890 26196 530 8NT0309",
        "nPrecioUnitario": 45250.0,
        "nPrecioTotal": 90500.0
      },
      {
        "nCantidad": 1.0,
        "tDescripcion": "YD1A 000 0000 890 26196 530 8NT0309",
        "nPrecioUnitario": 45250.0,
        "nPrecioTotal": 45250.0
      },
      {
        "nCantidad": 1.0,
        "tDescripcion": "YD1A 000 0000 890 26442 421 8NT0309 cusp.oci.becpsn.com/OA_CGI/FNDWRR.exe?temp_id=61389287",
        "nPrecioUnitario": 49660.0,
        "nPrecioTotal": 49660.0
      },
      {
        "nCantidad": 1.0,
        "tDescripcion": "RECOVERY-JOB BWATC-Test Booth/Lab",
        "nPrecioUnitario": 49660.0,
        "nPrecioTotal": 49660.0
      },
      {
        "nCantidad": 1.0,
        "tDescripcion": "BWATC-Test Booth/Lab",
        "nPrecioUnitario": 49660.0,
        "nPrecioTotal": 49660.0
      },
      {
        "nCantidad": 1.0,
        "tDescripcion": "Currency Rate :",
        "nPrecioUnitario": 1.0,
        "nPrecioTotal": 1.0,
        "_currency": "USD",
        "_source_line": 10,
        "_auto_extracted": true
      }
    ],
    "midioma": [
      {
        "iMIdioma": 2,
        "tIdioma": "Inglés"
      }
    ],
    "mdocumento_tipo": [
      {
        "iMDocumentoTipo": 1,
        "tTipo": "Comprobante"
      }
    ],
    "mdivisa": [
      {
        "tDivisa": "USD"
      }
    ],
    "mnaturaleza": [
      {
        "tNaturaleza": "Otro"
      }
    ],
    "mresumen": [],
    "mjornada": [],
    "mjornada_empleado": [],
    "mproveedor": [],
    "marchivo_tipo": [],
    "munidad_medida": []
  }
}