{
  "metadata": {
    "version": "1.0.0",
    "parser": "ExtractorOCR",
    "extraction_date": "2025-11-18T14:24:59.176312",
    "type": "structured",
    "email": "mariadelosangeles.abanto@newmont.com",
    "year": 2025,
    "month": "Octubre",
    "request_id": "eada6176-0aa0-4362-b8ab-f4f1b641fff8",
    "processed_at": "2025-11-18T14:25:11.827917",
    "api_version": "1.0.0",
    "periodo_id": "string"
  },
  "hoja": {
    "tJson": "BECHTEL\nNewmonOTEM\nYANACOCHA\nOE0001\nYanacocha Water Treatment Project – Stage 2B Update\nTRAVEL AUTHORIZATION (TAR)\nN° Bechtel 26442-220-G96-GAM-01380\nFecha: 28-Apr-25\nEsta solicitud autorizará los viajes de las siguientes personas:\nNombre Cargo Centro de Costo Numero Empleado\nFanny Flores Supplay Chain Manager 26442-007 792855\n***Solo para Expatriados***\nPaís de residencia Numero de País donde se Numero de Visa de\nPasaporte emitió pasaporte Negocios\nFanny Flores F39568172 Chile\nFecha de Inicio: Fecha de regreso:\n25 mayo 2025 01 junio 2025\nOrigen: Destino:\nSantiago 25 mayo Tampa - USA\nTampa - USA 28 mayo Minnesota - USA\nMinnesota - USA 01 junio Santiago\nTipo de Viaje:\nAsignación a terreno Visita a terreno Acreditación para terreno Home Leave Approved\nViaje de Negocios Gasto Reembolsable Gasto NO Reembolsable Gasto Compartido\nOtros (especificar).\nPropósito del Viaje: (***Personal expatriado: Incluir copia de Visa de Negocios y detalle de actividades***)\nMinnesota: Visit to Legacy fabrication location to verify progress\nTampa: Visit To BWWA UF/RO Vendor\nTransporte / Alojamiento y Comidas:\nArriendo de Camioneta Arriendo de Minibús o Van Compra de pasajes en Avión\nBus Taxi o Radiotaxi Alojamiento: Hotel Campamento Comidas\nAprobaciones:\nDigitally signed by: Pankh, Tejas\nParikh, DN CN = Pankh, Tejas email =\npankh@bechtel.com OU =\nAprobado Bechtel Tejas 01 Users, AMERS, STO Fecha:\nDate: 2025.04.28 17:32:21-04:00'\nTejas Parikh\nProject Manager - E&P Technical\nLarrain Digitally signed by Larrain Raglianti,\nJuan (JPLARRAI)\nDN CN = Larrain Raglianti, Juan\nRaglianti, Juan (JPLARRAI) email =\nJPLARRAI@bechtel.com OU =\n01 Users, AMERS, STO\n(JBarARRA) Lalal 25.04.29 11:31:09-04'00 Fecha:\nCommercial Manager\nNewmont.\nDocument Number\n26442-220-696-GAM-01380\nRevisión 000\nAprobado\nMr Ricardo Arenas, Newmont Maning Corp\nMay. 04. 2025 4:00 PM GMT-5:00",
    "tJsonTraducido": null,
    "lFormato": false,
    "iMIdioma": 1,
    "iMDocumentoTipo": 3,
    "tSequentialNumber": "OE0001"
  },
  "additional_data": {
    "midioma": [
      {
        "iMIdioma": 1,
        "tIdioma": "Español"
      }
    ],
    "mdocumento_tipo": [
      {
        "iMDocumentoTipo": 3,
        "tTipo": "Jornada"
      }
    ],
    "mdivisa": [
      {
        "tDivisa": "PEN"
      }
    ],
    "mnaturaleza": [
      {
        "tNaturaleza": "Otro"
      }
    ],
    "mproveedor": [
      {
        "tRazonSocial": "BECHTEL\nNewmonOTEM\nYANACOCHA\nOE"
      }
    ],
    "mcomprobante_detalle": [
      {
        "nCantidad": 1.0,
        "tDescripcion": "Date:",
        "nPrecioUnitario": 2025.04,
        "nPrecioTotal": 2025.04,
        "_currency": "USD",
        "_source_line": 37,
        "_auto_extracted": true
      },
      {
        "nCantidad": 1.0,
        "tDescripcion": "(JBarARRA) Lalal",
        "nPrecioUnitario": 25.04,
        "nPrecioTotal": 25.04,
        "_currency": "USD",
        "_source_line": 46,
        "_auto_extracted": true
      }
    ],
    "mresumen": [],
    "mcomprobante": [],
    "mjornada": [],
    "mjornada_empleado": [],
    "marchivo_tipo": [],
    "munidad_medida": []
  }
}