{
  "metadata": {
    "version": "1.0.0",
    "parser": "ExtractorOCR",
    "extraction_date": "2025-11-18T14:22:52.817798",
    "type": "structured",
    "email": "mariadelosangeles.abanto@newmont.com",
    "year": 2025,
    "month": "Octubre",
    "request_id": "eada6176-0aa0-4362-b8ab-f4f1b641fff8",
    "processed_at": "2025-11-18T14:25:11.827917",
    "api_version": "1.0.0",
    "periodo_id": "string"
  },
  "hoja": {
    "tJson": "BSQE\nBS0004\n天津客运出租汽车专用发票\nPLANTIN PASSENGER\nTAXI SPECIAL EVOICE\n发票联\nINVOICE\n天津客运出租汽车专用发票\nMANJIN PASSENGER\nTAXI SPECIAL INVOICE\n发票联\nINVOICE\n天津客运出租汽车专用发票\nTIANJIN PASSENGER\nTAXI SPECIAL INVOICE\n发票联\nINVOICE\n代码112001960221, 代码112002060221 代码112002060221\nINVOICE CODE INVOICE CODE INVOICE CODE\n号码 87289152 号码 04429347 号码 21566046\nINVOICE No. INVOICE No. INVOICE No.\n开票日期:2025-06-27 开票日期:2025年06月27日 开票日期:2025年06月27日\nDATE DATE DATR\n单位: 6004 单位: J001 单位: 05\nSECTION SECTION SECTION\n税号: 911209000 税号: 911204000 税号: 911207000\nTAX PAYER'S FILE N000964715 TAX PAYER'S FILE N000411592 TAX PAYUR'S FILE N900795788\n电话: 88908890 电话: 87092616 电话: 87092616\nTEL TEL TEL\n车号: 车号: 车号:\nREGISTION MARK No. E-24610 REGISTION MARK No. E.12557 REGISTION MARK No E.35355\n起止时间7:58 09:03 起止时间:12:50 13:55 起止时间:18:04 19:07\nTIME TIME TIME\n单价: 4.25元/km 单价: 4.25元/km 单价: 4.25元/km\nFINIT PRICE UNIT PRICE 打 UNIT PRICE\n里程: 43.8 里程: 43.8km 签里程: 42.0km\nKILOMETRE KILOMETRE KILOMETRE\n等候时间: 00:08:24 等候时间: 00:08.24 享等候时间: 00:08:00\nWAITING TIME WAITING TIME RATTING TIME\n附加费: ¥0.00 附加费: 0.00元 附加费: 0.00元\nADDITIONAL FEE ADDITIONAL FEE 4DDITIONAL ULE\n三金额: ¥168.00 金额: ¥160.00 金额: 160.00元\nAMERINT AMOUNT ANOLINT\n兰卡号: 卡号: 卡号:\nCARD No CARD No. CARD No.\n卡原额: 卡原额: 每卡原额:\nCARD ORIGINA SUM CARD ORIGINAL SUMO00000000000000000 CARD ORIGINAL SUM 000000000000000000\n卡余额: 卡余额: 卡余额:\nCARD BALANCE SU CARD BALANCE SU CARD BALANCE SURF\n天津市客运出 天津市客运出租\n发票专象 一发票专用章\n存根STUB\n天津家运出租汽车专用发票\nPIANJIN PASSENGER\nTAXI SPECIAL INVOICE\n发票联\nINVOICE\n代码112001960221\nINVOICE CODE\n号码 87289168\nINVOICE No.\n开票日期:2025年06月30日\nDATE\n这单位: J004\nSECTION\n售税号: 911206000\nTAX PAYEER'S FILE N000634980\n电话: 87092616\nTEL\n三车号:\nREGISTION MARK No. Ε. 13054\n曾起止时间:17:59 19:01\nTIME\n单价: 4.25元/km\n打 UNIT PRICE\n签里程: 42.0km\nKILOMETRE\n三等候时间: 00:08.00\nRATTING TIME\n附加费: 0.00元\nADDITIONAL FEE\n金额: 160.00元\nAMOLINT\n卡号:\nCARD No.\n每卡原额: *\n存根 STUB\n天津客运出租汽车专用发票\nTIANJIN PASSENGER\nTAXI SPECIAL IMOICE\n发票跌\nINVOICE\n代码112002060221\nINVOICE CODE\n号码 32006413\nINVOICE No.\n开票日期:2025-06-30\nDATE\n承单位: G002\nSECTION\n税号: 911209000\nTAX PAL'S FILE 200912433\n电话: 88908890\nTEL\n车号:\nREGISTION MARK No. E24926\n起止时间7:46: 08:49\nTIME\n单价: 4.25\nUNIT PRICE\n签里程: 42.0\nKILOMETRE\n等候时间: 00:08:00\nWAITING TIME\n附加费: ¥0.00\nADDITIONAL FEE\n金额: 168.00元\nAMOLINT\n卡号:\nCARD No.\n每卡原额:\nCARD ORIGINA SLA00000000000000000\n卡余额:\nCARD BALANCE SU\nCARD ORIGINAL SUM 000000000000000000\n卡余额:\nCARD BALANCE SU\nPage 8 of 8\n2025-06-27\nTreveing to and from Tawiz and TGAME\n¥:496\nP8\n2025-06-30\nTraveing to and from 2시る.\n¥:300\nBSQE\nBS0004",
    "tJsonTraducido": null,
    "lFormato": false,
    "iMIdioma": 5,
    "iMDocumentoTipo": 1,
    "tSequentialNumber": "BS0004"
  },
  "additional_data": {
    "mcomprobante": [
      {
        "_stamp_name": "BSQE",
        "_sequential_number": "BS0004",
        "tNumero": "CODE",
        "tSerie": null,
        "tCliente": null
      }
    ],
    "mcomprobante_detalle": [
      {
        "nCantidad": 1.0,
        "tDescripcion": "里程",
        "nPrecioUnitario": 4.25,
        "nPrecioTotal": 4.25
      },
      {
        "nCantidad": 1.0,
        "tDescripcion": "里程",
        "nPrecioUnitario": 4.25,
        "nPrecioTotal": 4.25
      },
      {
        "nCantidad": 1.0,
        "tDescripcion": "里程",
        "nPrecioUnitario": 4.25,
        "nPrecioTotal": 4.25
      },
      {
        "nCantidad": 1.0,
        "tDescripcion": "里程",
        "nPrecioUnitario": 4.25,
        "nPrecioTotal": 4.25
      },
      {
        "nCantidad": 1.0,
        "tDescripcion": "里程",
        "nPrecioUnitario": 4.25,
        "nPrecioTotal": 4.25
      },
      {
        "nCantidad": 1.0,
        "tDescripcion": "三金额: ¥",
        "nPrecioUnitario": 168.0,
        "nPrecioTotal": 168.0,
        "_currency": "USD",
        "_source_line": 42,
        "_auto_extracted": true
      },
      {
        "nCantidad": 1.0,
        "tDescripcion": "三金额: ¥ 金额: ¥",
        "nPrecioUnitario": 160.0,
        "nPrecioTotal": 160.0,
        "_currency": "USD",
        "_source_line": 42,
        "_auto_extracted": true
      },
      {
        "nCantidad": 1.0,
        "tDescripcion": "等候时间: 00:08:24 等候时间: 00:",
        "nPrecioUnitario": 8.24,
        "nPrecioTotal": 8.24,
        "_currency": "USD",
        "_source_line": 38,
        "_auto_extracted": true
      },
      {
        "nCantidad": 1.0,
        "tDescripcion": "三等候时间: 00:",
        "nPrecioUnitario": 8.0,
        "nPrecioTotal": 8.0,
        "_currency": "USD",
        "_source_line": 78,
        "_auto_extracted": true
      }
    ],
    "midioma": [
      {
        "iMIdioma": 5,
        "tIdioma": "Chino"
      }
    ],
    "mdocumento_tipo": [
      {
        "iMDocumentoTipo": 1,
        "tTipo": "Comprobante"
      }
    ],
    "mdivisa": [
      {
        "tDivisa": "CNY"
      }
    ],
    "mnaturaleza": [
      {
        "tNaturaleza": "Otro"
      }
    ],
    "mproveedor": [
      {
        "tRazonSocial": "PLANTIN PASSENGER"
      }
    ],
    "mresumen": [],
    "mjornada": [],
    "mjornada_empleado": [],
    "marchivo_tipo": [],
    "munidad_medida": []
  }
}