{
  "metadata": {
    "version": "1.0.0",
    "parser": "ExtractorOCR",
    "extraction_date": "2025-11-18T14:23:32.468773",
    "type": "structured",
    "email": "mariadelosangeles.abanto@newmont.com",
    "year": 2025,
    "month": "Octubre",
    "request_id": "eada6176-0aa0-4362-b8ab-f4f1b641fff8",
    "processed_at": "2025-11-18T14:25:11.827917",
    "api_version": "1.0.0",
    "periodo_id": "string"
  },
  "hoja": {
    "tJson": "BSQE\nBS0004\n山东通用机打发票\n国家根务总局\n发票联\n发票代码137141930001\n发票号码: 00876671\n德州市出租车\n发源专用意\n机打发票 手写光效\n单位代码: 交通集团\n电话: 0000000\n本号:鲁 NT4001\n证号: 000000\n日期: 2025-06-20\n上车: 15:01\n下4: 15:48\n单价: 2.80\n里程: 29.5km\n等候: 00:08.40\n状态:\n金额: 77.00 元\n卡号: **6.00 工厂一億菜\n密码: ¥77\n山东通用机打发票\n国家航务总局\n发票联\n发票代码137012230001\n发票号码31924807\n济南市出租车\n发派专用章\n机打发票手写无效\n单位代码: 康利\n电话: 88874991\n车号:鲁 AF39621\n证号: 000000\n日期: 2025-06-20\n上车: 06:00\n下本: 06:24\n单价: 3.75\n里程: 15.82km\n等候: 0:03.25\n状态:\n金額: 58.00元\n卡号: 16.2 定食、南西\n密码: ¥58\nTaxi Total 135\nPage 2 of 2",
    "tJsonTraducido": null,
    "lFormato": false,
    "iMIdioma": 5,
    "iMDocumentoTipo": 99,
    "tSequentialNumber": "BS0004"
  },
  "additional_data": {
    "midioma": [
      {
        "iMIdioma": 5,
        "tIdioma": "Chino"
      }
    ],
    "mdocumento_tipo": [
      {
        "iMDocumentoTipo": 99,
        "tTipo": "Desconocido"
      }
    ],
    "mdivisa": [
      {
        "tDivisa": "CNY"
      }
    ],
    "mnaturaleza": [
      {
        "tNaturaleza": "Otro"
      }
    ],
    "mcomprobante_detalle": [
      {
        "nCantidad": 1.0,
        "tDescripcion": "金额:",
        "nPrecioUnitario": 77.0,
        "nPrecioTotal": 77.0,
        "_currency": "USD",
        "_source_line": 22,
        "_auto_extracted": true
      },
      {
        "nCantidad": 1.0,
        "tDescripcion": "等候: 00:",
        "nPrecioUnitario": 8.4,
        "nPrecioTotal": 8.4,
        "_currency": "USD",
        "_source_line": 20,
        "_auto_extracted": true
      },
      {
        "nCantidad": 1.0,
        "tDescripcion": "等候: 0:",
        "nPrecioUnitario": 3.25,
        "nPrecioTotal": 3.25,
        "_currency": "USD",
        "_source_line": 42,
        "_auto_extracted": true
      }
    ],
    "mresumen": [],
    "mcomprobante": [],
    "mjornada": [],
    "mjornada_empleado": [],
    "mproveedor": [],
    "marchivo_tipo": [],
    "munidad_medida": []
  }
}