{
  "metadata": {
    "version": "1.0.0",
    "parser": "ExtractorOCR",
    "extraction_date": "2025-11-18T14:24:40.910017",
    "type": "structured",
    "email": "mariadelosangeles.abanto@newmont.com",
    "year": 2025,
    "month": "Octubre",
    "request_id": "eada6176-0aa0-4362-b8ab-f4f1b641fff8",
    "processed_at": "2025-11-18T14:25:11.827917",
    "api_version": "1.0.0",
    "periodo_id": "string"
  },
  "hoja": {
    "tJson": "David John Cook (196979)\nRun Date: 30 Jul 2025\nPeriod 23 Jun 2025 - 06 Jul 2025\nSchedule E (M-S 8 hour Days)\nOvertime STO\nOrg Code 8NJ-2500\nCO E9\nPR Office 6M\nApproved July 03, 2025 05:46:53 (UTC July 03, 2025 12:46:53)\nSmith, Gilbert Mooche\nSigned July 03, 2025 02:32:30 (UTC July 03, 2025 09:32:30)\nCook, David John\nCharge Code Project Worked Assignment No. Add. Info Total Mon Tue Wed Thu Fri Sat Sun Mon Tue Wed Thu Fri Sat Sun\n23 24 25 26 27 28 29 30 1 2 3 4 5 6\nREG-24084PAY 26711110 BSQE Activities PSQ 6 2 2 1 1\nREG-24084REG 24084REG 71 6 6 8 8 5 7 7 8 8 8\nVacation 3 3\nGrand Total 80 8 8 8 8 8 8 8 8 8 8\nStraight Time 80 8 8 8 8 8 8 8 8 8 8\nOver Time",
    "tJsonTraducido": null,
    "lFormato": false,
    "iMIdioma": 2,
    "iMDocumentoTipo": 1,
    "tSequentialNumber": null
  },
  "additional_data": {
    "mcomprobante": [
      {
        "_stamp_name": "BSQE",
        "tNumero": null,
        "tSerie": null,
        "fEmision": "30 Jul 2025",
        "nPrecioTotal": 80.0,
        "tCliente": null
      }
    ],
    "mcomprobante_detalle": [
      {
        "nCantidad": 6.0,
        "tDescripcion": "REG-24084PAY 26711110 BSQE Activities PSQ",
        "nPrecioUnitario": 1.0,
        "nPrecioTotal": 1.0
      },
      {
        "nCantidad": 71.0,
        "tDescripcion": "REG-24084REG 24084REG",
        "nPrecioUnitario": 1.0,
        "nPrecioTotal": 1.0
      },
      {
        "nCantidad": 1.0,
        "tDescripcion": "Grand Total",
        "nPrecioUnitario": 80.0,
        "nPrecioTotal": 80.0,
        "_currency": "USD",
        "_source_line": 18,
        "_auto_extracted": true
      },
      {
        "nCantidad": 1.0,
        "tDescripcion": "Grand Total 80",
        "nPrecioUnitario": 8.0,
        "nPrecioTotal": 8.0,
        "_currency": "USD",
        "_source_line": 18,
        "_auto_extracted": true
      }
    ],
    "midioma": [
      {
        "iMIdioma": 2,
        "tIdioma": "Inglés"
      }
    ],
    "mdocumento_tipo": [
      {
        "iMDocumentoTipo": 1,
        "tTipo": "Comprobante"
      }
    ],
    "mdivisa": [
      {
        "tDivisa": "USD"
      }
    ],
    "mnaturaleza": [
      {
        "tNaturaleza": "Otro"
      }
    ],
    "mresumen": [],
    "mjornada": [],
    "mjornada_empleado": [],
    "mproveedor": [],
    "marchivo_tipo": [],
    "munidad_medida": []
  }
}