{
  "metadata": {
    "version": "1.0.0",
    "parser": "ExtractorOCR",
    "extraction_date": "2025-11-18T14:21:00.141139",
    "type": "structured",
    "email": "mariadelosangeles.abanto@newmont.com",
    "year": 2025,
    "month": "Octubre",
    "request_id": "eada6176-0aa0-4362-b8ab-f4f1b641fff8",
    "processed_at": "2025-11-18T14:25:11.827917",
    "api_version": "1.0.0",
    "periodo_id": "string"
  },
  "hoja": {
    "tJson": "BSQE\nBS0003\nMBAL\nM/S\n日期\nDate: 15/6\nNo 44684\nNO 银额\nPATICULARS 数量 价格 AMOUNT\nBUTIR-BUTIR QUANTITY UNIT PRICE NILAI\nKLUANTITI HARGA\n1\n2 26.30\n3\n4\n5\n6\n7\n8\n9\n10\n11 USD6.40\n货物出门,恕不退换 TOTAL/总额 26.30\nJUMLAH\nGood sold are not retumable/Sarang yang dijual tidak boleh dikembalikan\nReceived by/Terima Oleh /收货人 Signature/Tandatangan/经手人",
    "tJsonTraducido": null,
    "lFormato": false,
    "iMIdioma": 5,
    "iMDocumentoTipo": 1,
    "tSequentialNumber": "BS0003"
  },
  "additional_data": {
    "mcomprobante": [
      {
        "_stamp_name": "BSQE",
        "_sequential_number": "BS0003",
        "tNumero": null,
        "tSerie": null,
        "tCliente": null,
        "nPrecioTotal": 6.4
      }
    ],
    "mcomprobante_detalle": [
      {
        "nCantidad": 1.0,
        "tDescripcion": "Item 11 (USD)",
        "nPrecioUnitario": 6.4,
        "nPrecioTotal": 6.4
      },
      {
        "nCantidad": 1.0,
        "tDescripcion": "2 26.30",
        "nPrecioUnitario": 26.3,
        "nPrecioTotal": 26.3
      },
      {
        "nCantidad": 11.0,
        "tDescripcion": "USD6.40",
        "nPrecioUnitario": 6.4,
        "nPrecioTotal": 6.4
      },
      {
        "nCantidad": 1.0,
        "tDescripcion": "货物出门,恕不退换 TOTAL/总额 26.",
        "nPrecioUnitario": 30.0,
        "nPrecioTotal": 30.0,
        "_currency": "USD",
        "_source_line": 23,
        "_auto_extracted": true
      },
      {
        "nCantidad": 1.0,
        "tDescripcion": "货物出门,恕不退换 TOTAL/总额",
        "nPrecioUnitario": 26.0,
        "nPrecioTotal": 26.0,
        "_currency": "USD",
        "_source_line": 23,
        "_auto_extracted": true
      },
      {
        "nCantidad": 1.0,
        "tDescripcion": "11",
        "nPrecioUnitario": 6.0,
        "nPrecioTotal": 6.0,
        "_currency": "USD",
        "_source_line": 22,
        "_auto_extracted": true
      }
    ],
    "midioma": [
      {
        "iMIdioma": 5,
        "tIdioma": "Chino"
      }
    ],
    "mdocumento_tipo": [
      {
        "iMDocumentoTipo": 1,
        "tTipo": "Comprobante"
      }
    ],
    "mdivisa": [
      {
        "tDivisa": "USD"
      }
    ],
    "mnaturaleza": [
      {
        "tNaturaleza": "Otro"
      }
    ],
    "mproveedor": [
      {
        "tRazonSocial": "PATICULARS"
      }
    ],
    "mresumen": [],
    "mjornada": [],
    "mjornada_empleado": [],
    "marchivo_tipo": [],
    "munidad_medida": []
  }
}