{
  "metadata": {
    "version": "1.0.0",
    "parser": "ExtractorOCR",
    "extraction_date": "2025-11-18T14:22:49.791898",
    "type": "structured",
    "email": "mariadelosangeles.abanto@newmont.com",
    "year": 2025,
    "month": "Octubre",
    "request_id": "eada6176-0aa0-4362-b8ab-f4f1b641fff8",
    "processed_at": "2025-11-18T14:25:11.827917",
    "api_version": "1.0.0",
    "periodo_id": "string"
  },
  "hoja": {
    "tJson": "发票号码:25329130497000486604 电子发票(铁路电子客票) 开票日期:2025年06月29日\n无锡站 D3005 苏州站\nWuxi Suzhou\n2025年06月17日 16:37开 16车03D号 二等座\n票价:¥16.00\n3702841983****0456 朱超\n电子客票号:3049764086061896861112025 统一社会信用代码:91320594782060891K\n购买方名称:通标标准技术服务有限公司苏州分公司\n买票请到12306 发货请到95306\n中国铁路祝您旅途愉快\n发票号码:25329166328000123411 电子发票(铁路电子客票) 开票日期:2025年06月29日\n苏州园区站 D3056 无锡站\nSuzhouyuanqu Wuxi\n2025年06月17日 07:57开 12车001号A 卧代二等座\n票价:¥19.00\n3702841983****0456 朱超\n电子客票号:6632864086061797284872025\n购买方名称:通标标准技术服务有限公司苏州分公司 统一社会信用代码:91320594782060891K\n买票请到12306 发货请到95306\n中国铁路祝您旅途愉快\nPage 2 of 3\nBSQE\nBS0004",
    "tJsonTraducido": null,
    "lFormato": false,
    "iMIdioma": 5,
    "iMDocumentoTipo": 99,
    "tSequentialNumber": "BS0004"
  },
  "additional_data": {
    "midioma": [
      {
        "iMIdioma": 5,
        "tIdioma": "Chino"
      }
    ],
    "mdocumento_tipo": [
      {
        "iMDocumentoTipo": 99,
        "tTipo": "Desconocido"
      }
    ],
    "mdivisa": [
      {
        "tDivisa": "CNY"
      }
    ],
    "mnaturaleza": [
      {
        "tNaturaleza": "Otro"
      }
    ],
    "mcomprobante_detalle": [
      {
        "nCantidad": 1.0,
        "tDescripcion": "票价:¥",
        "nPrecioUnitario": 19.0,
        "nPrecioTotal": 19.0,
        "_currency": "USD",
        "_source_line": 15,
        "_auto_extracted": true
      },
      {
        "nCantidad": 1.0,
        "tDescripcion": "票价:¥",
        "nPrecioUnitario": 16.0,
        "nPrecioTotal": 16.0,
        "_currency": "USD",
        "_source_line": 5,
        "_auto_extracted": true
      }
    ],
    "mresumen": [],
    "mcomprobante": [],
    "mjornada": [],
    "mjornada_empleado": [],
    "mproveedor": [],
    "marchivo_tipo": [],
    "munidad_medida": []
  }
}