{
  "metadata": {
    "version": "1.0.0",
    "parser": "ExtractorOCR",
    "extraction_date": "2025-11-18T14:24:47.452749",
    "type": "structured",
    "email": "mariadelosangeles.abanto@newmont.com",
    "year": 2025,
    "month": "Octubre",
    "request_id": "eada6176-0aa0-4362-b8ab-f4f1b641fff8",
    "processed_at": "2025-11-18T14:25:11.827917",
    "api_version": "1.0.0",
    "periodo_id": "string"
  },
  "hoja": {
    "tJson": "Concur Expense - Viaje a USA Mayo 2025\nLine Item by Job Section\n26442-007-----\nTransaction Covered Covered\nDate From Date To\nExpense Type\nLocal\nMay 26, Transportation -\n2025 Taxi\nLodging Room\n* May 26,\nRate\n2025\nLocal\nMay 27, Transportation -\n2025 Taxi\nMay 28, Credit Card\n2025 Transaction Fee\nLocal\nMay 28, Transportation-\n2025 Taxi\nLocal\nMay 28, Transportation\n2025 Taxi\nLodging Room\n* May 28,\nRate\n2025\nLodging Room\n* May 29,\nRate\n2025\nLodging Room\n* May 30,\nRate\n2025\nMay 31,\nMeals - Travel\n2025\nTransaction Covered Covered\nDate From Date To\nDate\nMay 28, Business\n2025 Meeting\nmeal/\nRefreshments\nMay 30, Business\n2025 Meeting\nmeal/\nRefreshments\nOTEM\nOE0001\nLocation\nNC Amount Payment Trans Trans\nDetails\nCurrency Amount Currency\nDescription:\nReference Number: 000012428883489 Tampa 660 32,915.00 CLP 35.00 USD\nMerchant: SQ *JEAN FELIX TAXI\nDescription:\nReference\n000012419746873 Tampa 541,605.00 CLP 575.19 USD\nNumber:\nHYATT PLACE TAMPA\nMerchant:\nDTWN\nDescription:\nReference Number: 000012432030369 Tampa 22,448.00 CLP 23.92 USD\nMerchant: UBER *TRIP\nDescription:\nReference\nEstadia USA Tampa 73,566.00 CLP 78.38 USD\nNumber:\n000012441708921\nHYATT PLACE TAMPA\nMerchant:\nDTWN\nDescription:\nReference Number: 000012432030371 Tampa 14,969.00 CLP 15.95 USD\nMerchant: UBER *TRIP\nDescription:\nReference Number: 000012436442535 Tampa 226,647.00 CLP 241.15 USD\nMerchant: SQ *AIR LINE TAXI\nDescription:\nReference Number: 000012451013749 Tampa 250,330.00 CLP 266.25 USD\nMerchant: Residence Inns\nDescription:\nReference Number: 000012451013749 Tampa 250,330.00 CLP 266.25 USD\nMerchant: Residence Inns\nDescription:\nReference Number: 000012451013749 Tampa 250,350.00 CLP 266.27 USD\nMerchant: Residence Inns\nDescription:\nReference Number: 000012451013753 Tampa 46,484.00 CLP 49.44 USD\nMerchant: IHOP # 5446\nTotal for 660 1,709,644.00\nExpense Type Details Location NC Amount Payment Trans Trans\nCurrency Amount Currency\nDescription:\nReference\nalmuerzo con cliente Tampa 690 58,628.00 CLP 62.38 USD\nNumber:\n000012436442533\nTST*NEW- URBAN\nMerchant:\nCANTINA\nDescription:\nReference\nalmuerzo con el cliente Tampa 70,544.00 CLP 75.16 USD\nNumber:\n000012441708923\nTST* LA CASITA -\nMerchant:\nWAITE\nTotal for 690 129,172.00\nAmount Less Tax 1,838,816.00\nJul 8, 2025 2 11:08:01 AM",
    "tJsonTraducido": null,
    "lFormato": false,
    "iMIdioma": 2,
    "iMDocumentoTipo": 4,
    "tSequentialNumber": "OE0001"
  },
  "additional_data": {
    "mresumen": [
      {
        "tjobno": "26442-007-----",
        "ttype": "Concur Expense - Total For 660",
        "tsourcereference": "OE0001",
        "tsourcerefid": null,
        "tdescription": "Total For 660: 1,709,644.00",
        "nImporte": 1709644.0,
        "tStampname": "OTEM",
        "tsequentialnumber": "OE0001",
        "_concur_total": true,
        "_total_type": "total_for_660",
        "_report_name": "Viaje a USA Mayo 2025"
      },
      {
        "tjobno": "26442-007-----",
        "ttype": "Concur Expense - Total For 690",
        "tsourcereference": "OE0001",
        "tsourcerefid": null,
        "tdescription": "Total For 690: 129,172.00",
        "nImporte": 129172.0,
        "tStampname": "OTEM",
        "tsequentialnumber": "OE0001",
        "_concur_total": true,
        "_total_type": "total_for_690",
        "_report_name": "Viaje a USA Mayo 2025"
      },
      {
        "tjobno": "26442-007-----",
        "ttype": "Concur Expense - Amount Less Tax",
        "tsourcereference": "OE0001",
        "tsourcerefid": null,
        "tdescription": "Amount Less Tax: 1,838,816.00",
        "nImporte": 1838816.0,
        "tStampname": "OTEM",
        "tsequentialnumber": "OE0001",
        "_concur_total": true,
        "_total_type": "amount_less_tax",
        "_report_name": "Viaje a USA Mayo 2025"
      }
    ],
    "midioma": [
      {
        "iMIdioma": 2,
        "tIdioma": "Inglés"
      }
    ],
    "mdocumento_tipo": [
      {
        "iMDocumentoTipo": 4,
        "tTipo": "Concur Expense Report"
      }
    ],
    "mdivisa": [
      {
        "tDivisa": "CLP"
      },
      {
        "tDivisa": "USD"
      }
    ],
    "mnaturaleza": [
      {
        "tNaturaleza": "Alimentación"
      }
    ],
    "departments": [
      {
        "name": "IT Services",
        "amount": null,
        "pattern_found": "it"
      }
    ],
    "disciplines": [],
    "mcomprobante_detalle": [
      {
        "nCantidad": 1.0,
        "tDescripcion": "Amount Less Tax",
        "nPrecioUnitario": 1838816.0,
        "nPrecioTotal": 1838816.0,
        "_currency": "USD",
        "_source_line": 116,
        "_auto_extracted": true
      },
      {
        "nCantidad": 1.0,
        "tDescripcion": "Total for 660",
        "nPrecioUnitario": 1709644.0,
        "nPrecioTotal": 1709644.0,
        "_currency": "USD",
        "_source_line": 96,
        "_auto_extracted": true
      },
      {
        "nCantidad": 1.0,
        "tDescripcion": "000012419746873 Tampa",
        "nPrecioUnitario": 541605.0,
        "nPrecioTotal": 541605.0,
        "_currency": "USD",
        "_source_line": 62,
        "_auto_extracted": true
      },
      {
        "nCantidad": 1.0,
        "tDescripcion": "Reference Number: 000012451013749 Tampa",
        "nPrecioUnitario": 250350.0,
        "nPrecioTotal": 250350.0,
        "_currency": "USD",
        "_source_line": 91,
        "_auto_extracted": true
      },
      {
        "nCantidad": 1.0,
        "tDescripcion": "Reference Number: 000012451013749 Tampa",
        "nPrecioUnitario": 250330.0,
        "nPrecioTotal": 250330.0,
        "_currency": "USD",
        "_source_line": 85,
        "_auto_extracted": true
      },
      {
        "nCantidad": 1.0,
        "tDescripcion": "Reference Number: 000012436442535 Tampa",
        "nPrecioUnitario": 226647.0,
        "nPrecioTotal": 226647.0,
        "_currency": "USD",
        "_source_line": 82,
        "_auto_extracted": true
      },
      {
        "nCantidad": 1.0,
        "tDescripcion": "Total for 690",
        "nPrecioUnitario": 129172.0,
        "nPrecioTotal": 129172.0,
        "_currency": "USD",
        "_source_line": 115,
        "_auto_extracted": true
      },
      {
        "nCantidad": 1.0,
        "tDescripcion": "Estadia USA Tampa",
        "nPrecioUnitario": 73566.0,
        "nPrecioTotal": 73566.0,
        "_currency": "USD",
        "_source_line": 72,
        "_auto_extracted": true
      },
      {
        "nCantidad": 1.0,
        "tDescripcion": "almuerzo con el cliente Tampa",
        "nPrecioUnitario": 70544.0,
        "nPrecioTotal": 70544.0,
        "_currency": "USD",
        "_source_line": 109,
        "_auto_extracted": true
      },
      {
        "nCantidad": 1.0,
        "tDescripcion": "almuerzo con cliente Tampa 690",
        "nPrecioUnitario": 58628.0,
        "nPrecioTotal": 58628.0,
        "_currency": "USD",
        "_source_line": 101,
        "_auto_extracted": true
      },
      {
        "nCantidad": 1.0,
        "tDescripcion": "Reference Number: 000012451013753 Tampa",
        "nPrecioUnitario": 46484.0,
        "nPrecioTotal": 46484.0,
        "_currency": "USD",
        "_source_line": 94,
        "_auto_extracted": true
      },
      {
        "nCantidad": 1.0,
        "tDescripcion": "Reference Number: 000012428883489 Tampa 660",
        "nPrecioUnitario": 32915.0,
        "nPrecioTotal": 32915.0,
        "_currency": "USD",
        "_source_line": 58,
        "_auto_extracted": true
      },
      {
        "nCantidad": 1.0,
        "tDescripcion": "Reference Number: 000012432030369 Tampa",
        "nPrecioUnitario": 22448.0,
        "nPrecioTotal": 22448.0,
        "_currency": "USD",
        "_source_line": 68,
        "_auto_extracted": true
      },
      {
        "nCantidad": 1.0,
        "tDescripcion": "Reference Number: 000012432030371 Tampa",
        "nPrecioUnitario": 14969.0,
        "nPrecioTotal": 14969.0,
        "_currency": "USD",
        "_source_line": 79,
        "_auto_extracted": true
      },
      {
        "nCantidad": 1.0,
        "tDescripcion": "000012419746873 Tampa  CLP",
        "nPrecioUnitario": 575.19,
        "nPrecioTotal": 575.19,
        "_currency": "USD",
        "_source_line": 62,
        "_auto_extracted": true
      },
      {
        "nCantidad": 1.0,
        "tDescripcion": "Reference Number: 000012451013749 Tampa  CLP",
        "nPrecioUnitario": 266.27,
        "nPrecioTotal": 266.27,
        "_currency": "USD",
        "_source_line": 91,
        "_auto_extracted": true
      },
      {
        "nCantidad": 1.0,
        "tDescripcion": "Reference Number: 000012451013749 Tampa  CLP",
        "nPrecioUnitario": 266.25,
        "nPrecioTotal": 266.25,
        "_currency": "USD",
        "_source_line": 85,
        "_auto_extracted": true
      },
      {
        "nCantidad": 1.0,
        "tDescripcion": "Reference Number: 000012436442535 Tampa  CLP",
        "nPrecioUnitario": 241.15,
        "nPrecioTotal": 241.15,
        "_currency": "USD",
        "_source_line": 82,
        "_auto_extracted": true
      },
      {
        "nCantidad": 1.0,
        "tDescripcion": "Estadia USA Tampa  CLP",
        "nPrecioUnitario": 78.38,
        "nPrecioTotal": 78.38,
        "_currency": "USD",
        "_source_line": 72,
        "_auto_extracted": true
      },
      {
        "nCantidad": 1.0,
        "tDescripcion": "almuerzo con el cliente Tampa  CLP",
        "nPrecioUnitario": 75.16,
        "nPrecioTotal": 75.16,
        "_currency": "USD",
        "_source_line": 109,
        "_auto_extracted": true
      },
      {
        "nCantidad": 1.0,
        "tDescripcion": "almuerzo con cliente Tampa 690  CLP",
        "nPrecioUnitario": 62.38,
        "nPrecioTotal": 62.38,
        "_currency": "USD",
        "_source_line": 101,
        "_auto_extracted": true
      },
      {
        "nCantidad": 1.0,
        "tDescripcion": "Reference Number: 000012451013753 Tampa  CLP",
        "nPrecioUnitario": 49.44,
        "nPrecioTotal": 49.44,
        "_currency": "USD",
        "_source_line": 94,
        "_auto_extracted": true
      },
      {
        "nCantidad": 1.0,
        "tDescripcion": "Reference Number: 000012428883489 Tampa 660  CLP",
        "nPrecioUnitario": 35.0,
        "nPrecioTotal": 35.0,
        "_currency": "USD",
        "_source_line": 58,
        "_auto_extracted": true
      },
      {
        "nCantidad": 1.0,
        "tDescripcion": "Reference Number: 000012432030369 Tampa  CLP",
        "nPrecioUnitario": 23.92,
        "nPrecioTotal": 23.92,
        "_currency": "USD",
        "_source_line": 68,
        "_auto_extracted": true
      },
      {
        "nCantidad": 1.0,
        "tDescripcion": "Reference Number: 000012432030371 Tampa  CLP",
        "nPrecioUnitario": 15.95,
        "nPrecioTotal": 15.95,
        "_currency": "USD",
        "_source_line": 79,
        "_auto_extracted": true
      },
      {
        "nCantidad": 1.0,
        "tDescripcion": "Total for 660",
        "nPrecioUnitario": 1.0,
        "nPrecioTotal": 1.0,
        "_currency": "USD",
        "_source_line": 96,
        "_auto_extracted": true
      }
    ],
    "mcomprobante": [],
    "mjornada": [],
    "mjornada_empleado": [],
    "mproveedor": [],
    "marchivo_tipo": [],
    "munidad_medida": []
  }
}