{
  "metadata": {
    "version": "1.0.0",
    "parser": "ExtractorOCR",
    "extraction_date": "2025-11-18T14:23:09.208314",
    "type": "structured",
    "email": "mariadelosangeles.abanto@newmont.com",
    "year": 2025,
    "month": "Octubre",
    "request_id": "eada6176-0aa0-4362-b8ab-f4f1b641fff8",
    "processed_at": "2025-11-18T14:25:11.827917",
    "api_version": "1.0.0",
    "periodo_id": "string"
  },
  "hoja": {
    "tJson": "BSQE\nBS0004\n电子发票(普通发票)\n发票号码:25322000000277853122\n开票日期:2025年06月18日\n江苏省税务局\n购买方信息\n名称:通标标准技术服务(上海)有限公司\n统一社会信用代码/纳税人识别号:91310104685465707Q\n销售方信息\n名称:扬州时光社酒店管理有限公司\n统一社会信用代码/纳税人识别号:91321003MACQMPBB0M\n项目名称 规格型号 单位 数量 单价 金额 税率/征收率 税额\n*住宿服务*住宿服务 121.78 1% 1.22\n合计 ¥121.78 ¥1.22\n价税合计(大写) 壹佰贰拾叁圆整 (小写)¥123.00\n备注\n开票人:张燕\nPage 6 of 7",
    "tJsonTraducido": null,
    "lFormato": false,
    "iMIdioma": 5,
    "iMDocumentoTipo": 99,
    "tSequentialNumber": "BS0004"
  },
  "additional_data": {
    "midioma": [
      {
        "iMIdioma": 5,
        "tIdioma": "Chino"
      }
    ],
    "mdocumento_tipo": [
      {
        "iMDocumentoTipo": 99,
        "tTipo": "Desconocido"
      }
    ],
    "mdivisa": [
      {
        "tDivisa": "CNY"
      }
    ],
    "mnaturaleza": [
      {
        "tNaturaleza": "Otro"
      }
    ],
    "mcomprobante_detalle": [
      {
        "nCantidad": 1.0,
        "tDescripcion": "价税合计(大写) 壹佰贰拾叁圆整 (小写)¥",
        "nPrecioUnitario": 123.0,
        "nPrecioTotal": 123.0,
        "_currency": "USD",
        "_source_line": 16,
        "_auto_extracted": true
      },
      {
        "nCantidad": 1.0,
        "tDescripcion": "*住宿服务*住宿服务",
        "nPrecioUnitario": 121.78,
        "nPrecioTotal": 121.78,
        "_currency": "USD",
        "_source_line": 14,
        "_auto_extracted": true
      }
    ],
    "mresumen": [],
    "mcomprobante": [],
    "mjornada": [],
    "mjornada_empleado": [],
    "mproveedor": [],
    "marchivo_tipo": [],
    "munidad_medida": []
  }
}