{
  "metadata": {
    "version": "1.0.0",
    "parser": "ExtractorOCR",
    "extraction_date": "2025-11-18T14:21:21.431641",
    "type": "structured",
    "email": "mariadelosangeles.abanto@newmont.com",
    "year": 2025,
    "month": "Octubre",
    "request_id": "eada6176-0aa0-4362-b8ab-f4f1b641fff8",
    "processed_at": "2025-11-18T14:25:11.827917",
    "api_version": "1.0.0",
    "periodo_id": "string"
  },
  "hoja": {
    "tJson": "BSQE\nBS0003\nMEL\nNASI KANDAR JAMAL MOHD\nREG.NO.: T876544-V\nJALAN KG BENGGALI,12000\nBUTTERWORTH, PG 0002818.\nTEL:017 5822311,012 4258623\nSERV. TAX NO.:P13180831014597\nPRICE SUB TO SERV TAX\nNASI KANDAR JAMAL MOHD\nREG.NO.:T876544-V\nJALAN KG BENGGALI,12000\nBUTTERWORTH, PG 0002818.\nTEL:017 5822311,012 4258623\nSERV TAX NO.: P13180831014597\nPRICE SUB TO SERV TAX\nINVOICE\nTAXNO :697488\nTABLENO :26\nTRAN NO :809918\nDATE :24/Jun/2025 21:16:35\n1 Mee Goreng 6.00 -T\n1 Nasi Kandar 18.00 -T\n1 Limau Panas 1.80 -T\n1 Air Suam .40 -T\nTOTAL : RM 26.20 USD\nSERV. TAX 6% : RM 1.57\nROUNDING : RM -0.02\nNET TOTAL : RM 27.75 7675\nCASH : RM 30.00\nCHANGE : RM 2.25\nSTAFF :ADMIN\nTHANK YOU COME AGAIN",
    "tJsonTraducido": null,
    "lFormato": false,
    "iMIdioma": 2,
    "iMDocumentoTipo": 1,
    "tSequentialNumber": "BS0003"
  },
  "additional_data": {
    "mcomprobante": [
      {
        "_stamp_name": "BSQE",
        "_sequential_number": "BS0003",
        "tNumero": "TAXNO",
        "tSerie": null,
        "tCliente": null
      }
    ],
    "mcomprobante_detalle": [
      {
        "nCantidad": 1.0,
        "tDescripcion": "Mee Goreng",
        "nPrecioUnitario": 6.0,
        "nPrecioTotal": 6.0
      },
      {
        "nCantidad": 1.0,
        "tDescripcion": "Nasi Kandar",
        "nPrecioUnitario": 18.0,
        "nPrecioTotal": 18.0
      },
      {
        "nCantidad": 1.0,
        "tDescripcion": "Limau Panas",
        "nPrecioUnitario": 1.8,
        "nPrecioTotal": 1.8
      },
      {
        "nCantidad": 1.0,
        "tDescripcion": "Air Suam",
        "nPrecioUnitario": 0.4,
        "nPrecioTotal": 0.4
      },
      {
        "nCantidad": 1.0,
        "tDescripcion": "NET TOTAL : RM 27.",
        "nPrecioUnitario": 75.0,
        "nPrecioTotal": 75.0,
        "_currency": "USD",
        "_source_line": 30,
        "_auto_extracted": true
      },
      {
        "nCantidad": 1.0,
        "tDescripcion": "CASH : RM",
        "nPrecioUnitario": 30.0,
        "nPrecioTotal": 30.0,
        "_currency": "USD",
        "_source_line": 31,
        "_auto_extracted": true
      },
      {
        "nCantidad": 1.0,
        "tDescripcion": "NET TOTAL : RM",
        "nPrecioUnitario": 27.75,
        "nPrecioTotal": 27.75,
        "_currency": "USD",
        "_source_line": 30,
        "_auto_extracted": true
      },
      {
        "nCantidad": 1.0,
        "tDescripcion": "NET TOTAL : RM",
        "nPrecioUnitario": 27.0,
        "nPrecioTotal": 27.0,
        "_currency": "USD",
        "_source_line": 30,
        "_auto_extracted": true
      },
      {
        "nCantidad": 1.0,
        "tDescripcion": "TOTAL : RM",
        "nPrecioUnitario": 26.2,
        "nPrecioTotal": 26.2,
        "_currency": "USD",
        "_source_line": 27,
        "_auto_extracted": true
      },
      {
        "nCantidad": 1.0,
        "tDescripcion": "TOTAL : RM",
        "nPrecioUnitario": 26.0,
        "nPrecioTotal": 26.0,
        "_currency": "USD",
        "_source_line": 27,
        "_auto_extracted": true
      },
      {
        "nCantidad": 1.0,
        "tDescripcion": "TOTAL : RM 26.",
        "nPrecioUnitario": 20.0,
        "nPrecioTotal": 20.0,
        "_currency": "USD",
        "_source_line": 27,
        "_auto_extracted": true
      }
    ],
    "midioma": [
      {
        "iMIdioma": 2,
        "tIdioma": "Inglés"
      }
    ],
    "mdocumento_tipo": [
      {
        "iMDocumentoTipo": 1,
        "tTipo": "Comprobante"
      }
    ],
    "mdivisa": [
      {
        "tDivisa": "RM"
      },
      {
        "tDivisa": "USD"
      }
    ],
    "mnaturaleza": [
      {
        "tNaturaleza": "Otro"
      }
    ],
    "mproveedor": [
      {
        "tRazonSocial": "NASI KANDAR JAMAL MOHD"
      }
    ],
    "mresumen": [],
    "mjornada": [],
    "mjornada_empleado": [],
    "marchivo_tipo": [],
    "munidad_medida": []
  }
}