{
  "metadata": {
    "version": "1.0.0",
    "parser": "ExtractorOCR",
    "extraction_date": "2025-11-18T14:21:04.068241",
    "type": "structured",
    "email": "mariadelosangeles.abanto@newmont.com",
    "year": 2025,
    "month": "Octubre",
    "request_id": "eada6176-0aa0-4362-b8ab-f4f1b641fff8",
    "processed_at": "2025-11-18T14:25:11.827917",
    "api_version": "1.0.0",
    "periodo_id": "string"
  },
  "hoja": {
    "tJson": "BSQE\nBS0003\nM/s.\nM3m\n日期\nTamkh 18/6/2025\nNO.\n编号 数量 摘要 价目 银额\nNO KUANTITI JENIS BARANG-BARANG HARGA JUMLAH (RM)\n2 21.00\n3\n4\n5\n6\n7\n8\n9\nUSD 5-10\n10\nCASH / INVOICE 总计 21.00\nJUMLAH RM\nTERIMA OLEH 收货人 DISAHKAN OLEH 经手人",
    "tJsonTraducido": null,
    "lFormato": false,
    "iMIdioma": 5,
    "iMDocumentoTipo": 1,
    "tSequentialNumber": "BS0003"
  },
  "additional_data": {
    "mcomprobante": [
      {
        "_stamp_name": "BSQE",
        "_sequential_number": "BS0003",
        "tNumero": "/",
        "tSerie": null,
        "fEmision": "18/6/2025",
        "nPrecioTotal": 21.0,
        "tCliente": null
      }
    ],
    "mcomprobante_detalle": [
      {
        "nCantidad": 2.0,
        "tDescripcion": "USD 5-10",
        "nPrecioUnitario": 10.5,
        "nPrecioTotal": 21.0
      }
    ],
    "midioma": [
      {
        "iMIdioma": 5,
        "tIdioma": "Chino"
      }
    ],
    "mdocumento_tipo": [
      {
        "iMDocumentoTipo": 1,
        "tTipo": "Comprobante"
      }
    ],
    "mdivisa": [
      {
        "tDivisa": "RM"
      },
      {
        "tDivisa": "USD"
      }
    ],
    "mnaturaleza": [
      {
        "tNaturaleza": "Otro"
      }
    ],
    "mproveedor": [
      {
        "tRazonSocial": "NO KUANTITI JENIS BARANG"
      }
    ],
    "mresumen": [],
    "mjornada": [],
    "mjornada_empleado": [],
    "marchivo_tipo": [],
    "munidad_medida": []
  }
}