{
  "metadata": {
    "version": "1.0.0",
    "parser": "ExtractorOCR",
    "extraction_date": "2025-11-18T14:24:06.644562",
    "type": "structured",
    "email": "mariadelosangeles.abanto@newmont.com",
    "year": 2025,
    "month": "Octubre",
    "request_id": "eada6176-0aa0-4362-b8ab-f4f1b641fff8",
    "processed_at": "2025-11-18T14:25:11.827917",
    "api_version": "1.0.0",
    "periodo_id": "string"
  },
  "hoja": {
    "tJson": "BSQE\nBS0010\nPeriod : JUL-25\nPosted Status : Posted\nPosted Date : 30-JUL-2025\nSource : Spreadsheet\nCategory : Original JVs\nFunct. Curr : AUD\nEntered Curr : USD\nCurrency Type: Corporate\nCurrency Rate: 1.532332209623046\nCurrency Date: 30-JUL-2025\nPrepared By : AMSEMIEN\nApproval Stat: Approved\nApproved By : EMARMSTR\nGL Journal Details\nBatch Name: Web ADI: E9XL-2336732507B0012//USD/30-JUL-2025 Spreadsheet A 4478715 142683\nJournal Name: Original JVs USD Corporate 30-JUL-25 Batch_ID: 10811105\nSource Ref: 2336732507B0012\nJounal Desc: BSQE JUL25 MAR ENTRIES\nTransaction Date: 30-JUL-25\nPage No.: 1\nRun Date: 05-Aug-2025\nRun Time: 13:08:58\nReport No.: XXOGL_JE_LINES_RPT_XML\nLine Ent Sub Nat Sub Perform Entered Entered Funct Equiv Funct Equiv Reference/ R Sub Emp Org Bill Hours Line Description\nNo. Off Cor Acct Cls Job Job Org Debits Credits Debits Credits Invoice Numb O Sub No NC To\ne\n1 E9XL 000 0000 890 26442 223 8NJ2100 2,600.00 0.00 3,984.06 0.00 BSQE JUL25 MAR ENTRIES\n2 E9XL 447 0000 000 24084 PAY 0000000 .00 2,600.00 3.984.06 3,984.06 BSQE JUL25 MAR ENTRIES\n2,600.00 2,600.00 3,984.06 3,984.06\n---",
    "tJsonTraducido": null,
    "lFormato": false,
    "iMIdioma": 2,
    "iMDocumentoTipo": 1,
    "tSequentialNumber": "BS0010"
  },
  "additional_data": {
    "mcomprobante": [
      {
        "_stamp_name": "BSQE",
        "_sequential_number": "BS0010",
        "tNumero": "2336732507B0012",
        "tSerie": null,
        "tCliente": null
      }
    ],
    "mcomprobante_detalle": [
      {
        "nCantidad": 1.0,
        "tDescripcion": "E9XL 000 0000 890 26442 223 8NJ2100 BSQE JUL25 MAR ENTRIES",
        "nPrecioUnitario": 2600.0,
        "nPrecioTotal": 2600.0
      },
      {
        "nCantidad": 1.0,
        "tDescripcion": "2 .00 2,.00 3..06 3,.06",
        "nPrecioUnitario": 3984.06,
        "nPrecioTotal": 3984.06
      },
      {
        "nCantidad": 1.0,
        "tDescripcion": "2,.00 2,.00 3,.06 3,.06",
        "nPrecioUnitario": 3984.06,
        "nPrecioTotal": 3984.06
      },
      {
        "nCantidad": 1.0,
        "tDescripcion": "2 E9XL 447 0000 000 24084 PAY 0000000 .00  3.",
        "nPrecioUnitario": 984.06,
        "nPrecioTotal": 984.06,
        "_currency": "USD",
        "_source_line": 30,
        "_auto_extracted": true
      },
      {
        "nCantidad": 1.0,
        "tDescripcion": "Currency Rate:",
        "nPrecioUnitario": 1.0,
        "nPrecioTotal": 1.0,
        "_currency": "USD",
        "_source_line": 11,
        "_auto_extracted": true
      }
    ],
    "midioma": [
      {
        "iMIdioma": 2,
        "tIdioma": "Inglés"
      }
    ],
    "mdocumento_tipo": [
      {
        "iMDocumentoTipo": 1,
        "tTipo": "Comprobante"
      }
    ],
    "mdivisa": [
      {
        "tDivisa": "USD"
      }
    ],
    "mnaturaleza": [
      {
        "tNaturaleza": "Otro"
      }
    ],
    "mresumen": [],
    "mjornada": [],
    "mjornada_empleado": [],
    "mproveedor": [],
    "marchivo_tipo": [],
    "munidad_medida": []
  }
}