{
  "metadata": {
    "version": "1.0.0",
    "parser": "ExtractorOCR",
    "extraction_date": "2025-11-18T14:22:21.530066",
    "type": "structured",
    "email": "mariadelosangeles.abanto@newmont.com",
    "year": 2025,
    "month": "Octubre",
    "request_id": "eada6176-0aa0-4362-b8ab-f4f1b641fff8",
    "processed_at": "2025-11-18T14:25:11.827917",
    "api_version": "1.0.0",
    "periodo_id": "string"
  },
  "hoja": {
    "tJson": "IN-SH-5801-25P67K\n¥: 7216\nBSQE\nBS0004\n天津客运出租汽车专用发票\nVIANJIN PASSENGER\nTAXI SPECIAL INVOICE\n发票联\nINVOICE\n代码112002060221\nINVOICE CODE\n号码 32006590\nINVOICE No.\n开票日期:2025年06月02日\nDATE\n【单位:\nSECTION\n02\n税号: 911201000\nTAX PAVER'S FILE 200162557\n电话:\n车号:\nREGISTION MARK No.\n87092616\nE. 11773\n起止时间:08:03:06\n单价:\nFUNIT PRICE\n里程:\nKILOMETRE\n臺等候时间:\nRAITING TIME\n附加费:\nADDITIONAL FER\n吕金额:\nAMOUNT\n西卡号:\nCARD No.\n卡原额:\nCARD ORIGINAL SUM\n卡余额:\nCARD BALANCE SU\n4.25元/km\n42.0km\n00:08.00\n0.00元\n160.00元\n发票专用章\n天津客运出租汽车专用发票\nMANJIN PASSENGER\nTAXI SPECIAL INVOICE\n发票联\nINVOICE\n代码112002060221\nINVOICE CODE\n号码 04520838\nINVOICE No.\n开票日期: 2025-06-02\nDATE\n【主单位:\nSECTION\n税号:\nG004\n911208000\nTAX PAMER'S FILE NB00864105\n天津客运出租汽车专用发票 天津路运中租汽车专用发票\nSLANULN PASSENGER\nTAXI SPECIAL INVOICE\n发票联\nTAVOTCE\nTANJIN PASSENGE\nTAX SPECIAL INDICR\n发票联\nINVOICE\n代码112002060221 代码112002060221\nIWOICE COOK\n号码 04429217\nINVOLCE\n开票日期:2025年06月03日\nDATE\n单位:\nJ003\n911202000\nTAX PAYHE'S FILE 000243351\nSECTION\n新税号:\n电话:\n88908890\n车号:\nREGISTION MARK No.\nE-21625\n公TFL\n起止时间17:32 3:35\n机单价:\nUNIT PRICE\n里程:\nKILOMETRE\n专等候时间:\nWALTING TIME\n附加费:\nADDITIONAL FEE\n金额:\nAMAINT\n卡号:\nCARD No.\n卡原额:\n4.25\n42.0\n00:08:00\n¥0.00\n¥160.00\n《津市客运出租\nCARD ORIGINAL SUN000000\n卡余额:\n存\nCARD BALANCE SUM\n电话:\nATEL\n本号:\n87092616\nSREGISTION MARK No. Ε. 29574\n首起止时间:07:52 08:55\n机单价:\nUNIT PRICE\n签里程:\nXILOMETRE\n享等候时间:\nAND WRITING NULL AND\nWAITING TIME\n附加费:\nADDITIONAL PER\n金额:\nAAKOUINT\n卡号:\nCARD No.\n卡原额:\nENVOICE COOL\n号码: 07073453\nINVOICE No.\n开票日期:2025年06月03日\nDATE\n座单位:\n天津家出租汽车专用发票 天津农运出租汽车专用发票\nPLANJIN PASSENGE源\nTAXE SPECIAL INNOTE\n发票联\nTELANJIN PASSENGER\nPAXI SPECIAL INVOICE\n发票購\nINP POTCE\n代码112002060221 代码112002060221\nINVOICE CODE\n号码 32006416\nINVOICE No.\n开票日期:2025年06月04日\nDATE\n单位:\n02\n911208000\nINVOICE CODE\n号码 21565946\nINVOICE No.\n开票日期:2025-06-04\nDATE\n单位:\nSECTION\n售税号:\n6005\n911209000\nTAX PAVER'S FILE N000995603\nJ003\nSECTION\n税号:\n911202000\nTAXPAYER'S\n000243351\nSECTION\n整税号:\n87092616\n我电话:\n电话:\nREGISTION MARK\nE.20524\nTEL\n87092616\n车号:\nREGISTION MARK No.\nΕ.32419\n爱电话:\nTEL\n车号:\n首起止时间:17:45 18:48\nTLE\n单价:\n4.25元/km\nINT PRICE\n4.25元/km\n42.0km\n42.0km\nKILOMETRE\n00:08.00\n00:08.00\n0.00元\n160.00元\nCARD ORIGINA SUMU\n卡余额:\n发票金用來\n存\n根\nCARD BALANCE SU\n三等候时间:\nRRITIES TIKE\n“附加费:\nADDITIONAL PUR\n金额:\n卡号:\nCARD No.\n卡浪额:\nCARD ORIGINA SUU\n卡余额:\n存\n根\nS\nS\nCARD BALANCE NI\n0.00元\n160.00元\nTAX PRYNK'S FILE N000822028\n起止时间:07:56 08:59\nTINH\n机单价:\nJUNIT PRICE\n里程:\nEXILOMETRE\n这等候时间:\nAND WRITING NULL\nWAITING TIME\n附加费:\nADDITIONAL FUE\n金额:\nANOUINT\n卡号:\nCARD No.\n三卡原额:\n卡余额:\nCARD ORIGINAL SUM\n4.25元/km\n42.0km\nCARD BALANCE SOF\n存\n根\n00:08.00\n0.00元\n160.00元\n发票公用を\nTEL\n车号:\n88908890\nWEGISTION MARK No. E-29705\n穿起止时间:\nTIME\n单价:\nINIT PRICE\n17:50 13:53\n登里程:\nKILOMETRE\n等候时间:\nWAITING TIME\n附加费:\nADDITIONAL FLE\n金额:\nAMOUNT\n重卡号:\nCARU No.\n卡原额:\n4.25\n42.0\n00:08:00\n¥0.00\n¥160.00\n天津市客运出,\nCARD ORIGINAL SUM 000000000000000000\n卡余额:\nCARD BALANCE SLA\n2025-06-02\n根\nTraveling to and from TZME\n¥:320\nPage 1 of 8\n2025-06-03\nTraveing to and from IZME\n¥:320\nP1\n2025-06-04\nTroveing to and from TZMZ\n¥320",
    "tJsonTraducido": null,
    "lFormato": false,
    "iMIdioma": 5,
    "iMDocumentoTipo": 1,
    "tSequentialNumber": "BS0004"
  },
  "additional_data": {
    "mcomprobante": [
      {
        "_stamp_name": "BSQE",
        "_sequential_number": "BS0004",
        "tNumero": "CODE",
        "tSerie": null,
        "tCliente": null
      }
    ],
    "mcomprobante_detalle": [
      {
        "nCantidad": 1.0,
        "tDescripcion": "4.25元/km 42.0km 00:08.00 0.00元",
        "nPrecioUnitario": 160.0,
        "nPrecioTotal": 160.0
      },
      {
        "nCantidad": 1.0,
        "tDescripcion": "4.25 42.0 00:08:00 ¥0.00",
        "nPrecioUnitario": 160.0,
        "nPrecioTotal": 160.0
      },
      {
        "nCantidad": 1.0,
        "tDescripcion": "4.25元/km 42.0km 00:08.00 0.00元",
        "nPrecioUnitario": 160.0,
        "nPrecioTotal": 160.0
      },
      {
        "nCantidad": 1.0,
        "tDescripcion": "4.25 42.0 00:08:00 ¥0.00",
        "nPrecioUnitario": 160.0,
        "nPrecioTotal": 160.0
      },
      {
        "nCantidad": 1.0,
        "tDescripcion": "00:",
        "nPrecioUnitario": 8.0,
        "nPrecioTotal": 8.0,
        "_currency": "USD",
        "_source_line": 45,
        "_auto_extracted": true
      }
    ],
    "midioma": [
      {
        "iMIdioma": 5,
        "tIdioma": "Chino"
      }
    ],
    "mdocumento_tipo": [
      {
        "iMDocumentoTipo": 1,
        "tTipo": "Comprobante"
      }
    ],
    "mdivisa": [
      {
        "tDivisa": "CNY"
      }
    ],
    "mnaturaleza": [
      {
        "tNaturaleza": "Otro"
      }
    ],
    "mproveedor": [
      {
        "tRazonSocial": "VIANJIN PASSENGER"
      }
    ],
    "mresumen": [],
    "mjornada": [],
    "mjornada_empleado": [],
    "marchivo_tipo": [],
    "munidad_medida": []
  }
}