{
  "metadata": {
    "version": "1.0.0",
    "parser": "ExtractorOCR",
    "extraction_date": "2025-11-18T14:20:44.871875",
    "type": "structured",
    "email": "mariadelosangeles.abanto@newmont.com",
    "year": 2025,
    "month": "Octubre",
    "request_id": "eada6176-0aa0-4362-b8ab-f4f1b641fff8",
    "processed_at": "2025-11-18T14:25:11.827917",
    "api_version": "1.0.0",
    "periodo_id": "string"
  },
  "hoja": {
    "tJson": "BSQE\nBS0003\nMr Hashim Mohd Shah\nBATU 14\nJALAN AIR KERUH\nBEMBAN MLK 77200\nMalaysia\nL\nTHE\nLIGHT\nHOTEL\nPENANG\nPrint Date 15/06/25\nSST No. P13-1808-32000034\nTTX Reg. No. 071-2017-10000001\nArrival 08/06/25\nDeparture 15/06/25\nINVOICE\nAdult/Child 2/0\nRoom No. 1415\nInvoice No. 16345\nFolio No. 101191\nConf. No.\nPage No. 1 of 2\nCashier No. 43\nUser ID. FOAMIRA,\nGuest Name:\nGroup Code:\nTravel Company Name:\nTravel Agent: The Light Hotel Website\nAccount No.:\nDate Description Charge (MYR) Credits (MYR)\n08-06-25 Master Card 2,667.00\nXXXXXXXXXXXX5789\n08-06-25 Room Charge 378.00\n08-06-25 Local Government Fee 3.00\n09-06-25 Room Charge 378.00\n09-06-25 Local Government Fee 3.00\n10-06-25 Room Charge 378.00\n10-06-25 Local Government Fee 3.00\n11-06-25 Room Charge 378.00\n11-06-25 Local Government Fee 3.00\n12-06-25 Room Charge 378.00\n12-06-25 Local Government Fee 3.00\n13-06-25 Room Charge 378.00\n13-06-25 Local Government Fee 3.00\n14-06-25 Room Charge 378.00\n14-06-25 Local Government Fee 3.00 USD646.00\nTotal MYR 2,667.00 2,667.00\nLocal Govt Fee: 21.00 MYR\nTourism Tax (RM10/Night): 0.00 MYR\nTotal Amount: 2,667.00 MYR\nBalance Due 0.00 MYR\nThank you for staying with us and we look forward to welcoming you again soon.\nAll Payment are to be made payable to \"The Light Hotel (M) Sdn Bhd\"\nBank: Malayan Banking Berhad with Account No: 557166307579\nI agree that my liability for this bill is not waived and agree to be held personally liable in the event that the indicated person / Company or\nAssociation fails to pay for any part of the full amount of the above charges.\nGuest Signature\nBOOK DIRECTI\nLOWEST RATES GUARANTEED\nwww.thaliohthotelpo.com\nTHE LIGHT HOTEL (M) SDN.BHD (Co.No: 201001002534) (887114-P)\nLebuh Tenggiri 2, Bandar Seberang Jaya, 13700 Seberang Jaya, Penang, Malaysia\nTel: +604-382 11111 Fax: +604-399 9333 | Email: reservation@thelighthotetpo.com",
    "tJsonTraducido": null,
    "lFormato": false,
    "iMIdioma": 2,
    "iMDocumentoTipo": 1,
    "tSequentialNumber": "BS0003"
  },
  "additional_data": {
    "mcomprobante": [
      {
        "_stamp_name": "BSQE",
        "_sequential_number": "BS0003",
        "tNumero": "101191",
        "tSerie": null,
        "fEmision": "15/06/25",
        "nPrecioTotal": 2667.0,
        "tCliente": null
      }
    ],
    "mcomprobante_detalle": [
      {
        "nCantidad": 1.0,
        "tDescripcion": "Master Card",
        "nPrecioUnitario": 2667.0,
        "nPrecioTotal": 2667.0
      },
      {
        "nCantidad": 1.0,
        "tDescripcion": "Room Charge",
        "nPrecioUnitario": 378.0,
        "nPrecioTotal": 378.0
      },
      {
        "nCantidad": 1.0,
        "tDescripcion": "Local Government Fee",
        "nPrecioUnitario": 3.0,
        "nPrecioTotal": 3.0
      },
      {
        "nCantidad": 1.0,
        "tDescripcion": "Room Charge",
        "nPrecioUnitario": 378.0,
        "nPrecioTotal": 378.0
      },
      {
        "nCantidad": 1.0,
        "tDescripcion": "Local Government Fee",
        "nPrecioUnitario": 3.0,
        "nPrecioTotal": 3.0
      },
      {
        "nCantidad": 1.0,
        "tDescripcion": "Room Charge",
        "nPrecioUnitario": 378.0,
        "nPrecioTotal": 378.0
      },
      {
        "nCantidad": 1.0,
        "tDescripcion": "Local Government Fee",
        "nPrecioUnitario": 3.0,
        "nPrecioTotal": 3.0
      },
      {
        "nCantidad": 1.0,
        "tDescripcion": "Room Charge",
        "nPrecioUnitario": 378.0,
        "nPrecioTotal": 378.0
      },
      {
        "nCantidad": 1.0,
        "tDescripcion": "Local Government Fee",
        "nPrecioUnitario": 3.0,
        "nPrecioTotal": 3.0
      },
      {
        "nCantidad": 1.0,
        "tDescripcion": "Room Charge",
        "nPrecioUnitario": 378.0,
        "nPrecioTotal": 378.0
      },
      {
        "nCantidad": 1.0,
        "tDescripcion": "Local Government Fee",
        "nPrecioUnitario": 3.0,
        "nPrecioTotal": 3.0
      },
      {
        "nCantidad": 1.0,
        "tDescripcion": "Room Charge",
        "nPrecioUnitario": 378.0,
        "nPrecioTotal": 378.0
      },
      {
        "nCantidad": 1.0,
        "tDescripcion": "Local Government Fee",
        "nPrecioUnitario": 3.0,
        "nPrecioTotal": 3.0
      },
      {
        "nCantidad": 1.0,
        "tDescripcion": "Room Charge",
        "nPrecioUnitario": 378.0,
        "nPrecioTotal": 378.0
      },
      {
        "nCantidad": 1.0,
        "tDescripcion": "Local Government Fee",
        "nPrecioUnitario": 3.0,
        "nPrecioTotal": 3.0
      },
      {
        "nCantidad": 1.0,
        "tDescripcion": "14-06-25 Local Government Fee 3.00",
        "nPrecioUnitario": 646.0,
        "nPrecioTotal": 646.0,
        "_currency": "USD",
        "_source_line": 48,
        "_auto_extracted": true
      },
      {
        "nCantidad": 1.0,
        "tDescripcion": "08-06-",
        "nPrecioUnitario": 25.0,
        "nPrecioTotal": 25.0,
        "_currency": "USD",
        "_source_line": 36,
        "_auto_extracted": true
      },
      {
        "nCantidad": 1.0,
        "tDescripcion": "Local Govt Fee:",
        "nPrecioUnitario": 21.0,
        "nPrecioTotal": 21.0,
        "_currency": "USD",
        "_source_line": 50,
        "_auto_extracted": true
      },
      {
        "nCantidad": 1.0,
        "tDescripcion": "14-06-25 Local Government Fee 3.00",
        "nPrecioUnitario": 14.0,
        "nPrecioTotal": 14.0,
        "_currency": "USD",
        "_source_line": 48,
        "_auto_extracted": true
      },
      {
        "nCantidad": 1.0,
        "tDescripcion": "13-06-25 Local Government Fee 3.00",
        "nPrecioUnitario": 13.0,
        "nPrecioTotal": 13.0,
        "_currency": "USD",
        "_source_line": 46,
        "_auto_extracted": true
      },
      {
        "nCantidad": 1.0,
        "tDescripcion": "12-06-25 Local Government Fee 3.00",
        "nPrecioUnitario": 12.0,
        "nPrecioTotal": 12.0,
        "_currency": "USD",
        "_source_line": 44,
        "_auto_extracted": true
      },
      {
        "nCantidad": 1.0,
        "tDescripcion": "11-06-25 Local Government Fee 3.00",
        "nPrecioUnitario": 11.0,
        "nPrecioTotal": 11.0,
        "_currency": "USD",
        "_source_line": 42,
        "_auto_extracted": true
      },
      {
        "nCantidad": 1.0,
        "tDescripcion": "10-06-25 Local Government Fee 3.00",
        "nPrecioUnitario": 10.0,
        "nPrecioTotal": 10.0,
        "_currency": "USD",
        "_source_line": 40,
        "_auto_extracted": true
      },
      {
        "nCantidad": 1.0,
        "tDescripcion": "09-06-25 Local Government Fee 3.00",
        "nPrecioUnitario": 9.0,
        "nPrecioTotal": 9.0,
        "_currency": "USD",
        "_source_line": 38,
        "_auto_extracted": true
      },
      {
        "nCantidad": 1.0,
        "tDescripcion": "08-06-25 Local Government Fee 3.00",
        "nPrecioUnitario": 8.0,
        "nPrecioTotal": 8.0,
        "_currency": "USD",
        "_source_line": 36,
        "_auto_extracted": true
      },
      {
        "nCantidad": 1.0,
        "tDescripcion": "08-",
        "nPrecioUnitario": 6.0,
        "nPrecioTotal": 6.0,
        "_currency": "USD",
        "_source_line": 36,
        "_auto_extracted": true
      },
      {
        "nCantidad": 1.0,
        "tDescripcion": "Total MYR",
        "nPrecioUnitario": 2.0,
        "nPrecioTotal": 2.0,
        "_currency": "USD",
        "_source_line": 49,
        "_auto_extracted": true
      }
    ],
    "midioma": [
      {
        "iMIdioma": 2,
        "tIdioma": "Inglés"
      }
    ],
    "mdocumento_tipo": [
      {
        "iMDocumentoTipo": 1,
        "tTipo": "Comprobante"
      }
    ],
    "mdivisa": [
      {
        "tDivisa": "MYR"
      },
      {
        "tDivisa": "USD"
      },
      {
        "tDivisa": "RM"
      }
    ],
    "mnaturaleza": [
      {
        "tNaturaleza": "Otro"
      }
    ],
    "mproveedor": [
      {
        "tRazonSocial": "Group Code"
      }
    ],
    "mresumen": [],
    "mjornada": [],
    "mjornada_empleado": [],
    "marchivo_tipo": [],
    "munidad_medida": []
  }
}