{
  "metadata": {
    "version": "1.0.0",
    "parser": "ExtractorOCR",
    "extraction_date": "2025-11-18T14:24:55.836143",
    "type": "structured",
    "email": "mariadelosangeles.abanto@newmont.com",
    "year": 2025,
    "month": "Octubre",
    "request_id": "eada6176-0aa0-4362-b8ab-f4f1b641fff8",
    "processed_at": "2025-11-18T14:25:11.827917",
    "api_version": "1.0.0",
    "periodo_id": "string"
  },
  "hoja": {
    "tJson": "OTEM\nOE0001\nspanny sloves\nTejas laukt\nmaur jambre\nLa Casita - Waite Park\n314 Division Street\nWaite Park, MN 56387\nServer: Cody E\nCheck #236 Table 14\nOrdered: 5/29/25 8:15 PM\n1 Club Soda $3.25\n1 Ice Tea $3.25\n1 Diet Coke $3.25\n1 Tacos Al Pastor $12.99\n1 Steak Fajitas $20.99\n1 Quesadillas $13.99\nSubtotal $57.72\nTax $4.91\nTip $12.53\nTotal $75.16\nInput Type C (EMV Chip Read)\nMastercard XXXXXXXX9743\nTime 9:02 PM\nTransaction Type Sale\nAuthorization Approved\nApproval Code 587847\nPayment ID TgNLtqbzqRdy\nApplication ID A0000000041010\nApplication Label Mastercard\nTerminal ID 85393e09c3ad7528\nCard Reader BBPOS",
    "tJsonTraducido": null,
    "lFormato": false,
    "iMIdioma": 2,
    "iMDocumentoTipo": 99,
    "tSequentialNumber": "OE0001"
  },
  "additional_data": {
    "midioma": [
      {
        "iMIdioma": 2,
        "tIdioma": "Inglés"
      }
    ],
    "mdocumento_tipo": [
      {
        "iMDocumentoTipo": 99,
        "tTipo": "Desconocido"
      }
    ],
    "mdivisa": [
      {
        "tDivisa": "USD"
      }
    ],
    "mnaturaleza": [
      {
        "tNaturaleza": "Alimentación"
      }
    ],
    "mcomprobante_detalle": [
      {
        "nCantidad": 1.0,
        "tDescripcion": "1 Tacos Al Pastor .",
        "nPrecioUnitario": 99.0,
        "nPrecioTotal": 99.0,
        "_currency": "USD",
        "_source_line": 15,
        "_auto_extracted": true
      },
      {
        "nCantidad": 1.0,
        "tDescripcion": "Tax .",
        "nPrecioUnitario": 91.0,
        "nPrecioTotal": 91.0,
        "_currency": "USD",
        "_source_line": 19,
        "_auto_extracted": true
      },
      {
        "nCantidad": 1.0,
        "tDescripcion": "Total",
        "nPrecioUnitario": 75.16,
        "nPrecioTotal": 75.16,
        "_currency": "$",
        "_source_line": 21,
        "_auto_extracted": true
      },
      {
        "nCantidad": 1.0,
        "tDescripcion": "Total $",
        "nPrecioUnitario": 75.16,
        "nPrecioTotal": 75.16,
        "_currency": "USD",
        "_source_line": 21,
        "_auto_extracted": true
      },
      {
        "nCantidad": 1.0,
        "tDescripcion": "Total",
        "nPrecioUnitario": 75.0,
        "nPrecioTotal": 75.0,
        "_currency": "$",
        "_source_line": 21,
        "_auto_extracted": true
      },
      {
        "nCantidad": 1.0,
        "tDescripcion": "Total $",
        "nPrecioUnitario": 75.0,
        "nPrecioTotal": 75.0,
        "_currency": "USD",
        "_source_line": 21,
        "_auto_extracted": true
      },
      {
        "nCantidad": 1.0,
        "tDescripcion": "Subtotal .",
        "nPrecioUnitario": 72.0,
        "nPrecioTotal": 72.0,
        "_currency": "USD",
        "_source_line": 18,
        "_auto_extracted": true
      },
      {
        "nCantidad": 1.0,
        "tDescripcion": "Subtotal",
        "nPrecioUnitario": 57.72,
        "nPrecioTotal": 57.72,
        "_currency": "$",
        "_source_line": 18,
        "_auto_extracted": true
      },
      {
        "nCantidad": 1.0,
        "tDescripcion": "Subtotal $",
        "nPrecioUnitario": 57.72,
        "nPrecioTotal": 57.72,
        "_currency": "USD",
        "_source_line": 18,
        "_auto_extracted": true
      },
      {
        "nCantidad": 1.0,
        "tDescripcion": "Subtotal",
        "nPrecioUnitario": 57.0,
        "nPrecioTotal": 57.0,
        "_currency": "$",
        "_source_line": 18,
        "_auto_extracted": true
      },
      {
        "nCantidad": 1.0,
        "tDescripcion": "Subtotal $",
        "nPrecioUnitario": 57.0,
        "nPrecioTotal": 57.0,
        "_currency": "USD",
        "_source_line": 18,
        "_auto_extracted": true
      },
      {
        "nCantidad": 1.0,
        "tDescripcion": "Tip .",
        "nPrecioUnitario": 53.0,
        "nPrecioTotal": 53.0,
        "_currency": "USD",
        "_source_line": 20,
        "_auto_extracted": true
      },
      {
        "nCantidad": 1.0,
        "tDescripcion": "1 Club Soda .",
        "nPrecioUnitario": 25.0,
        "nPrecioTotal": 25.0,
        "_currency": "USD",
        "_source_line": 12,
        "_auto_extracted": true
      },
      {
        "nCantidad": 1.0,
        "tDescripcion": "1 Steak Fajitas",
        "nPrecioUnitario": 20.99,
        "nPrecioTotal": 20.99,
        "_currency": "$",
        "_source_line": 16,
        "_auto_extracted": true
      },
      {
        "nCantidad": 1.0,
        "tDescripcion": "1 Steak Fajitas $",
        "nPrecioUnitario": 20.99,
        "nPrecioTotal": 20.99,
        "_currency": "USD",
        "_source_line": 16,
        "_auto_extracted": true
      },
      {
        "nCantidad": 1.0,
        "tDescripcion": "1 Steak Fajitas",
        "nPrecioUnitario": 20.0,
        "nPrecioTotal": 20.0,
        "_currency": "$",
        "_source_line": 16,
        "_auto_extracted": true
      },
      {
        "nCantidad": 1.0,
        "tDescripcion": "1 Steak Fajitas $",
        "nPrecioUnitario": 20.0,
        "nPrecioTotal": 20.0,
        "_currency": "USD",
        "_source_line": 16,
        "_auto_extracted": true
      },
      {
        "nCantidad": 1.0,
        "tDescripcion": "Total .",
        "nPrecioUnitario": 16.0,
        "nPrecioTotal": 16.0,
        "_currency": "USD",
        "_source_line": 21,
        "_auto_extracted": true
      },
      {
        "nCantidad": 1.0,
        "tDescripcion": "1 Quesadillas",
        "nPrecioUnitario": 13.99,
        "nPrecioTotal": 13.99,
        "_currency": "$",
        "_source_line": 17,
        "_auto_extracted": true
      },
      {
        "nCantidad": 1.0,
        "tDescripcion": "1 Quesadillas $",
        "nPrecioUnitario": 13.99,
        "nPrecioTotal": 13.99,
        "_currency": "USD",
        "_source_line": 17,
        "_auto_extracted": true
      },
      {
        "nCantidad": 1.0,
        "tDescripcion": "1 Quesadillas",
        "nPrecioUnitario": 13.0,
        "nPrecioTotal": 13.0,
        "_currency": "$",
        "_source_line": 17,
        "_auto_extracted": true
      },
      {
        "nCantidad": 1.0,
        "tDescripcion": "1 Quesadillas $",
        "nPrecioUnitario": 13.0,
        "nPrecioTotal": 13.0,
        "_currency": "USD",
        "_source_line": 17,
        "_auto_extracted": true
      },
      {
        "nCantidad": 1.0,
        "tDescripcion": "1 Tacos Al Pastor",
        "nPrecioUnitario": 12.99,
        "nPrecioTotal": 12.99,
        "_currency": "$",
        "_source_line": 15,
        "_auto_extracted": true
      },
      {
        "nCantidad": 1.0,
        "tDescripcion": "1 Tacos Al Pastor $",
        "nPrecioUnitario": 12.99,
        "nPrecioTotal": 12.99,
        "_currency": "USD",
        "_source_line": 15,
        "_auto_extracted": true
      },
      {
        "nCantidad": 1.0,
        "tDescripcion": "Tip",
        "nPrecioUnitario": 12.53,
        "nPrecioTotal": 12.53,
        "_currency": "$",
        "_source_line": 20,
        "_auto_extracted": true
      },
      {
        "nCantidad": 1.0,
        "tDescripcion": "Tip $",
        "nPrecioUnitario": 12.53,
        "nPrecioTotal": 12.53,
        "_currency": "USD",
        "_source_line": 20,
        "_auto_extracted": true
      },
      {
        "nCantidad": 1.0,
        "tDescripcion": "1 Tacos Al Pastor",
        "nPrecioUnitario": 12.0,
        "nPrecioTotal": 12.0,
        "_currency": "$",
        "_source_line": 15,
        "_auto_extracted": true
      },
      {
        "nCantidad": 1.0,
        "tDescripcion": "1 Tacos Al Pastor $",
        "nPrecioUnitario": 12.0,
        "nPrecioTotal": 12.0,
        "_currency": "USD",
        "_source_line": 15,
        "_auto_extracted": true
      },
      {
        "nCantidad": 1.0,
        "tDescripcion": "Tax",
        "nPrecioUnitario": 4.91,
        "nPrecioTotal": 4.91,
        "_currency": "$",
        "_source_line": 19,
        "_auto_extracted": true
      },
      {
        "nCantidad": 1.0,
        "tDescripcion": "Tax",
        "nPrecioUnitario": 4.0,
        "nPrecioTotal": 4.0,
        "_currency": "$",
        "_source_line": 19,
        "_auto_extracted": true
      },
      {
        "nCantidad": 1.0,
        "tDescripcion": "Tax $",
        "nPrecioUnitario": 4.0,
        "nPrecioTotal": 4.0,
        "_currency": "USD",
        "_source_line": 19,
        "_auto_extracted": true
      },
      {
        "nCantidad": 1.0,
        "tDescripcion": "1 Club Soda",
        "nPrecioUnitario": 3.25,
        "nPrecioTotal": 3.25,
        "_currency": "$",
        "_source_line": 12,
        "_auto_extracted": true
      },
      {
        "nCantidad": 1.0,
        "tDescripcion": "1 Club Soda",
        "nPrecioUnitario": 3.0,
        "nPrecioTotal": 3.0,
        "_currency": "$",
        "_source_line": 12,
        "_auto_extracted": true
      },
      {
        "nCantidad": 1.0,
        "tDescripcion": "1 Club Soda $",
        "nPrecioUnitario": 3.0,
        "nPrecioTotal": 3.0,
        "_currency": "USD",
        "_source_line": 12,
        "_auto_extracted": true
      },
      {
        "nCantidad": 1.0,
        "tDescripcion": "1 Club Soda",
        "nPrecioUnitario": 1.0,
        "nPrecioTotal": 1.0,
        "_currency": "USD",
        "_source_line": 12,
        "_auto_extracted": true
      }
    ],
    "mresumen": [],
    "mcomprobante": [],
    "mjornada": [],
    "mjornada_empleado": [],
    "mproveedor": [],
    "marchivo_tipo": [],
    "munidad_medida": []
  }
}