{
  "metadata": {
    "version": "1.0.0",
    "parser": "ExtractorOCR",
    "extraction_date": "2025-11-18T14:23:48.755769",
    "type": "structured",
    "email": "mariadelosangeles.abanto@newmont.com",
    "year": 2025,
    "month": "Octubre",
    "request_id": "eada6176-0aa0-4362-b8ab-f4f1b641fff8",
    "processed_at": "2025-11-18T14:25:11.827917",
    "api_version": "1.0.0",
    "periodo_id": "string"
  },
  "hoja": {
    "tJson": "IN-SH-5801-25P63K\nBSQE\nBS0004\n湖北各运出租车发票\n创国家税务总局 央\n城北票务联\n发票代码 142012271005\n发票号码 47391697\n发票查询电话:(027) 12366\n发票查询网址: https://etax.hubei.chinatax.gov.cn/fpcy\n手写无效\n车号: AD-00958\n证号: 190024\n日期:2025年06月23日\n上车: 14:06\n下车: 14:58\n单价: 3.00元\n里程: 发票2-庐州\n等候: 00:09.42\n金额: 97.00元\n卡号: 027-01234567\n原额: 0.0元\n余额: 0.0元\n非税印(2022】157号仙福纸业22年07月部\n湖北各运出租车发票\n۱۶\n国统\n国家税务总局\n发北票联\n北省税务\n发票代码 142012271005\n发票号码 47995096\n发票查询电话:(027) 12366\n发票查询网址: https://etax.hubei.chinatax.gov.cn/fpcy\n手写无效\n车号: AD-J4458\n证号: 680494\n日期2025年06月23日\n上车: 08:06\n下车: 09:00\n单价: 3.00元\n里程: 32.49km\n等候: 00:11.59\n金额: 98.00元\n卡号:027-01234567\n原额: 0.0元\n余额: - - -\n非税印(2022)157号仙福纸业22年07月印\nPage 1 of 1",
    "tJsonTraducido": null,
    "lFormato": false,
    "iMIdioma": 5,
    "iMDocumentoTipo": 99,
    "tSequentialNumber": "BS0004"
  },
  "additional_data": {
    "midioma": [
      {
        "iMIdioma": 5,
        "tIdioma": "Chino"
      }
    ],
    "mdocumento_tipo": [
      {
        "iMDocumentoTipo": 99,
        "tTipo": "Desconocido"
      }
    ],
    "mdivisa": [
      {
        "tDivisa": "CNY"
      }
    ],
    "mnaturaleza": [
      {
        "tNaturaleza": "Otro"
      }
    ],
    "mcomprobante_detalle": [
      {
        "nCantidad": 1.0,
        "tDescripcion": "等候: 00:",
        "nPrecioUnitario": 11.59,
        "nPrecioTotal": 11.59,
        "_currency": "USD",
        "_source_line": 43,
        "_auto_extracted": true
      },
      {
        "nCantidad": 1.0,
        "tDescripcion": "等候: 00:",
        "nPrecioUnitario": 9.42,
        "nPrecioTotal": 9.42,
        "_currency": "USD",
        "_source_line": 19,
        "_auto_extracted": true
      }
    ],
    "mresumen": [],
    "mcomprobante": [],
    "mjornada": [],
    "mjornada_empleado": [],
    "mproveedor": [],
    "marchivo_tipo": [],
    "munidad_medida": []
  }
}