{
  "metadata": {
    "version": "1.0.0",
    "parser": "ExtractorOCR",
    "extraction_date": "2025-11-18T14:23:49.934017",
    "type": "structured",
    "email": "mariadelosangeles.abanto@newmont.com",
    "year": 2025,
    "month": "Octubre",
    "request_id": "eada6176-0aa0-4362-b8ab-f4f1b641fff8",
    "processed_at": "2025-11-18T14:25:11.827917",
    "api_version": "1.0.0",
    "periodo_id": "string"
  },
  "hoja": {
    "tJson": "IN-SH-5801-25P84K\n电子发票(铁路电子客票)\n发票号码:25219153520000183900 开票日期:2025年07月01日\n大连北站 G47 沈阳北站\nDalianbei Shenyangbei\n2025年06月17日 08:02开 05车118号 二等座\n票价:¥175.50\n2106821987****0036 赵逸敏\n电子客票号:5352079086061892841892025 始发改签\n购买方名称:通标标准技术服务有限公司大连分公司 统一社会信用代码:91210242X04830765M\n买票请到12306 发货请到95306\n中国铁路祝您旅途愉快\n电子发票《铁路电子客票)\n发票号码:25219163623000053455 开票日期:2025年07月01日\n沈阳南站 G8040 大连站\nShenyangnan Dalian\n2025年06月17日 17:36开 05年11月号 二等座\n票价:¥174.50\n2106621907****0036 赵迪敏\n电子客票号:6362276006061096440452025\n购买方名称:通标标准技术服务有限公司大连分公司 统一社会信用代码:91210242X04830765M\n买票请到12306 发货请到95306\n中国铁路祝您旅途愉快\nPage 1 of 2\nBSQE\nBS0004",
    "tJsonTraducido": null,
    "lFormato": false,
    "iMIdioma": 5,
    "iMDocumentoTipo": 99,
    "tSequentialNumber": "BS0004"
  },
  "additional_data": {
    "midioma": [
      {
        "iMIdioma": 5,
        "tIdioma": "Chino"
      }
    ],
    "mdocumento_tipo": [
      {
        "iMDocumentoTipo": 99,
        "tTipo": "Desconocido"
      }
    ],
    "mdivisa": [
      {
        "tDivisa": "CNY"
      }
    ],
    "mnaturaleza": [
      {
        "tNaturaleza": "Otro"
      }
    ],
    "mcomprobante_detalle": [
      {
        "nCantidad": 1.0,
        "tDescripcion": "票价:¥",
        "nPrecioUnitario": 175.5,
        "nPrecioTotal": 175.5,
        "_currency": "USD",
        "_source_line": 7,
        "_auto_extracted": true
      },
      {
        "nCantidad": 1.0,
        "tDescripcion": "票价:¥",
        "nPrecioUnitario": 174.5,
        "nPrecioTotal": 174.5,
        "_currency": "USD",
        "_source_line": 18,
        "_auto_extracted": true
      }
    ],
    "mresumen": [],
    "mcomprobante": [],
    "mjornada": [],
    "mjornada_empleado": [],
    "mproveedor": [],
    "marchivo_tipo": [],
    "munidad_medida": []
  }
}