{
  "metadata": {
    "version": "1.0.0",
    "parser": "ExtractorOCR",
    "extraction_date": "2025-11-18T14:23:04.592712",
    "type": "structured",
    "email": "mariadelosangeles.abanto@newmont.com",
    "year": 2025,
    "month": "Octubre",
    "request_id": "eada6176-0aa0-4362-b8ab-f4f1b641fff8",
    "processed_at": "2025-11-18T14:25:11.827917",
    "api_version": "1.0.0",
    "periodo_id": "string"
  },
  "hoja": {
    "tJson": "BSQE\nBS0004\nSGS-CSTC Standards Technical Service., Ltd. Shanghai Branch\nProject Monthly Expense\nMonth: Jun-25\nSQR/AEX:Dong Zhichao\nDate Assignment No. Charge No. Report No. Country Type of Activity Type Kilometer Amount Transportation (USD) Hotel (USD) Total (USD)\n1\n2\n3\n4\n5\n6\n7\n8\n9 26529-000-496021-MEA0-YZ-A 26529-205 26251-140-150187-MCCR-YQ-AC-014 China SQR Train+Taxi+Bus ¥382.00 ¥139.00 $80.15\n10 26529-000-496021-MEA0-YZ-A 26529-205 26251-140-150187-MCCR-YQ-AC-014 China SQR Train+Taxi+Bus ¥485.00 $74.62\n11\n12\n13\n14\n15\n16\n17 26529-000-496021-MEA0-YZ-A 26529-205 26529-000-496021-MEA0-YQ-A-02 China SQR Train+Taxi+Bus ¥365.00 ¥123.00 $75.08\n18 26529-000-496021-MEA0-YZ-A 26529-205 26529-000-496021-MEA0-YQ-A-02 China SQR Train+Taxi ¥497.00 $76.46\n19\n20\n21\n22\n23\n24\n25\n26\n27\n28\n29\n30\nTotal China SQR $266.00 $40.31 $306.31\n表格说明\nCURRENCY EXCHANGE RATE: 1USD=6.5RMB\nNIGHT SHIFT-7PM-7AM WILL BE CHARGED AT 1.5 TIMES UNIT RATE\nSATURDAYS WILL BE CHARGED AT 1.25 TIMES UNIT RATE\nSUNDAYS & PUBLIC HOLIDAYS WILL BE CHARGED AT 1.5 TIMES UNIT RATE\nUNIT RATE APPLIES TO ALL INSPECTION. TRAVEL AND REPORTING TIME\nUNIT RATE IS NET OF APPLICABLE LOCAL AND FEDERAL TAXES OF COUNTRY OF EXECUTION (E. G. VAT. ETC)\nMINIMUM CHARGE OF 5 HOURS APPLIES TO EACH EVENT (PER DATE AND SITE)",
    "tJsonTraducido": null,
    "lFormato": false,
    "iMIdioma": 5,
    "iMDocumentoTipo": 1,
    "tSequentialNumber": "BS0004"
  },
  "additional_data": {
    "mcomprobante": [
      {
        "_stamp_name": "BSQE",
        "_sequential_number": "BS0004",
        "tNumero": null,
        "tSerie": null,
        "nPrecioTotal": 1.0,
        "tCliente": null
      }
    ],
    "mcomprobante_detalle": [
      {
        "nCantidad": 1.0,
        "tDescripcion": "Train+Taxi+Bus ¥382.00 ¥139.00",
        "nPrecioUnitario": 80.15,
        "nPrecioTotal": 80.15
      },
      {
        "nCantidad": 1.0,
        "tDescripcion": "Train+Taxi+Bus ¥485.00",
        "nPrecioUnitario": 74.62,
        "nPrecioTotal": 74.62
      },
      {
        "nCantidad": 1.0,
        "tDescripcion": "Train+Taxi+Bus ¥365.00 ¥123.00",
        "nPrecioUnitario": 75.08,
        "nPrecioTotal": 75.08
      },
      {
        "nCantidad": 1.0,
        "tDescripcion": "Train+Taxi ¥497.00",
        "nPrecioUnitario": 76.46,
        "nPrecioTotal": 76.46
      },
      {
        "nCantidad": 1.0,
        "tDescripcion": "18 26529-000-496021-MEA0-YZ-A 26529-205 26529-000-496021-MEA0-YQ-A-02 China SQR Train+Taxi ¥",
        "nPrecioUnitario": 497.0,
        "nPrecioTotal": 497.0,
        "_currency": "USD",
        "_source_line": 25,
        "_auto_extracted": true
      },
      {
        "nCantidad": 1.0,
        "tDescripcion": "10 26529-000-496021-MEA0-YZ-A 26529-205 26251-140-150187-MCCR-YQ-AC-014 China SQR Train+Taxi+Bus ¥",
        "nPrecioUnitario": 485.0,
        "nPrecioTotal": 485.0,
        "_currency": "USD",
        "_source_line": 17,
        "_auto_extracted": true
      },
      {
        "nCantidad": 1.0,
        "tDescripcion": "9 26529-000-496021-MEA0-YZ-A 26529-205 26251-140-150187-MCCR-YQ-AC-014 China SQR Train+Taxi+Bus ¥",
        "nPrecioUnitario": 382.0,
        "nPrecioTotal": 382.0,
        "_currency": "USD",
        "_source_line": 16,
        "_auto_extracted": true
      },
      {
        "nCantidad": 1.0,
        "tDescripcion": "17 26529-000-496021-MEA0-YZ-A 26529-205 26529-000-496021-MEA0-YQ-A-02 China SQR Train+Taxi+Bus ¥",
        "nPrecioUnitario": 365.0,
        "nPrecioTotal": 365.0,
        "_currency": "USD",
        "_source_line": 24,
        "_auto_extracted": true
      },
      {
        "nCantidad": 1.0,
        "tDescripcion": "Total China SQR",
        "nPrecioUnitario": 306.31,
        "nPrecioTotal": 306.31,
        "_currency": "$",
        "_source_line": 38,
        "_auto_extracted": true
      },
      {
        "nCantidad": 1.0,
        "tDescripcion": "Total China SQR   $",
        "nPrecioUnitario": 306.31,
        "nPrecioTotal": 306.31,
        "_currency": "USD",
        "_source_line": 38,
        "_auto_extracted": true
      },
      {
        "nCantidad": 1.0,
        "tDescripcion": "Total China SQR",
        "nPrecioUnitario": 306.0,
        "nPrecioTotal": 306.0,
        "_currency": "$",
        "_source_line": 38,
        "_auto_extracted": true
      },
      {
        "nCantidad": 1.0,
        "tDescripcion": "Total China SQR",
        "nPrecioUnitario": 266.0,
        "nPrecioTotal": 266.0,
        "_currency": "$",
        "_source_line": 38,
        "_auto_extracted": true
      },
      {
        "nCantidad": 1.0,
        "tDescripcion": "Total China SQR $",
        "nPrecioUnitario": 266.0,
        "nPrecioTotal": 266.0,
        "_currency": "USD",
        "_source_line": 38,
        "_auto_extracted": true
      },
      {
        "nCantidad": 1.0,
        "tDescripcion": "9 26529-000-496021-MEA0-YZ-A 26529-205 26251-140-150187-MCCR-YQ-AC-014 China SQR Train+Taxi+Bus ¥ ¥",
        "nPrecioUnitario": 139.0,
        "nPrecioTotal": 139.0,
        "_currency": "USD",
        "_source_line": 16,
        "_auto_extracted": true
      },
      {
        "nCantidad": 1.0,
        "tDescripcion": "17 26529-000-496021-MEA0-YZ-A 26529-205 26529-000-496021-MEA0-YQ-A-02 China SQR Train+Taxi+Bus ¥ ¥",
        "nPrecioUnitario": 123.0,
        "nPrecioTotal": 123.0,
        "_currency": "USD",
        "_source_line": 24,
        "_auto_extracted": true
      },
      {
        "nCantidad": 1.0,
        "tDescripcion": "9 26529-000-496021-MEA0-YZ-A 26529-205 26251-140-150187-MCCR-YQ-AC-014 China SQR Train+Taxi+Bus ¥ ¥",
        "nPrecioUnitario": 80.0,
        "nPrecioTotal": 80.0,
        "_currency": "$",
        "_source_line": 16,
        "_auto_extracted": true
      },
      {
        "nCantidad": 1.0,
        "tDescripcion": "9 26529-000-496021-MEA0-YZ-A 26529-205 26251-140-150187-MCCR-YQ-AC-014 China SQR Train+Taxi+Bus ¥ ¥ ",
        "nPrecioUnitario": 80.0,
        "nPrecioTotal": 80.0,
        "_currency": "USD",
        "_source_line": 16,
        "_auto_extracted": true
      },
      {
        "nCantidad": 1.0,
        "tDescripcion": "18 26529-000-496021-MEA0-YZ-A 26529-205 26529-000-496021-MEA0-YQ-A-02 China SQR Train+Taxi ¥",
        "nPrecioUnitario": 76.0,
        "nPrecioTotal": 76.0,
        "_currency": "$",
        "_source_line": 25,
        "_auto_extracted": true
      },
      {
        "nCantidad": 1.0,
        "tDescripcion": "18 26529-000-496021-MEA0-YZ-A 26529-205 26529-000-496021-MEA0-YQ-A-02 China SQR Train+Taxi ¥ $",
        "nPrecioUnitario": 76.0,
        "nPrecioTotal": 76.0,
        "_currency": "USD",
        "_source_line": 25,
        "_auto_extracted": true
      },
      {
        "nCantidad": 1.0,
        "tDescripcion": "17 26529-000-496021-MEA0-YZ-A 26529-205 26529-000-496021-MEA0-YQ-A-02 China SQR Train+Taxi+Bus ¥ ¥",
        "nPrecioUnitario": 75.0,
        "nPrecioTotal": 75.0,
        "_currency": "$",
        "_source_line": 24,
        "_auto_extracted": true
      },
      {
        "nCantidad": 1.0,
        "tDescripcion": "17 26529-000-496021-MEA0-YZ-A 26529-205 26529-000-496021-MEA0-YQ-A-02 China SQR Train+Taxi+Bus ¥ ¥ $",
        "nPrecioUnitario": 75.0,
        "nPrecioTotal": 75.0,
        "_currency": "USD",
        "_source_line": 24,
        "_auto_extracted": true
      },
      {
        "nCantidad": 1.0,
        "tDescripcion": "10 26529-000-496021-MEA0-YZ-A 26529-205 26251-140-150187-MCCR-YQ-AC-014 China SQR Train+Taxi+Bus ¥",
        "nPrecioUnitario": 74.0,
        "nPrecioTotal": 74.0,
        "_currency": "$",
        "_source_line": 17,
        "_auto_extracted": true
      },
      {
        "nCantidad": 1.0,
        "tDescripcion": "10 26529-000-496021-MEA0-YZ-A 26529-205 26251-140-150187-MCCR-YQ-AC-014 China SQR Train+Taxi+Bus ¥ $",
        "nPrecioUnitario": 74.0,
        "nPrecioTotal": 74.0,
        "_currency": "USD",
        "_source_line": 17,
        "_auto_extracted": true
      },
      {
        "nCantidad": 1.0,
        "tDescripcion": "10 26529-000-496021-MEA0-YZ-A 26529-205 26251-140-150187-MCCR-YQ-AC-014 China SQR Train+Taxi+Bus ¥ .",
        "nPrecioUnitario": 62.0,
        "nPrecioTotal": 62.0,
        "_currency": "USD",
        "_source_line": 17,
        "_auto_extracted": true
      },
      {
        "nCantidad": 1.0,
        "tDescripcion": "18 26529-000-496021-MEA0-YZ-A 26529-205 26529-000-496021-MEA0-YQ-A-02 China SQR Train+Taxi ¥ .",
        "nPrecioUnitario": 46.0,
        "nPrecioTotal": 46.0,
        "_currency": "USD",
        "_source_line": 25,
        "_auto_extracted": true
      },
      {
        "nCantidad": 1.0,
        "tDescripcion": "Total China SQR",
        "nPrecioUnitario": 40.31,
        "nPrecioTotal": 40.31,
        "_currency": "$",
        "_source_line": 38,
        "_auto_extracted": true
      },
      {
        "nCantidad": 1.0,
        "tDescripcion": "Total China SQR  $",
        "nPrecioUnitario": 40.31,
        "nPrecioTotal": 40.31,
        "_currency": "USD",
        "_source_line": 38,
        "_auto_extracted": true
      },
      {
        "nCantidad": 1.0,
        "tDescripcion": "Total China SQR",
        "nPrecioUnitario": 40.0,
        "nPrecioTotal": 40.0,
        "_currency": "$",
        "_source_line": 38,
        "_auto_extracted": true
      },
      {
        "nCantidad": 1.0,
        "tDescripcion": "Total China SQR  $",
        "nPrecioUnitario": 40.0,
        "nPrecioTotal": 40.0,
        "_currency": "USD",
        "_source_line": 38,
        "_auto_extracted": true
      },
      {
        "nCantidad": 1.0,
        "tDescripcion": "Total China SQR  .",
        "nPrecioUnitario": 31.0,
        "nPrecioTotal": 31.0,
        "_currency": "USD",
        "_source_line": 38,
        "_auto_extracted": true
      },
      {
        "nCantidad": 1.0,
        "tDescripcion": "18 26529-000-496021-MEA0-YZ-A 26529-205 26529-000-496021-MEA0-YQ-A-02 China SQR Train+Taxi ¥",
        "nPrecioUnitario": 18.0,
        "nPrecioTotal": 18.0,
        "_currency": "USD",
        "_source_line": 25,
        "_auto_extracted": true
      },
      {
        "nCantidad": 1.0,
        "tDescripcion": "17 26529-000-496021-MEA0-YZ-A 26529-205 26529-000-496021-MEA0-YQ-A-02 China SQR Train+Taxi+Bus ¥ ¥",
        "nPrecioUnitario": 17.0,
        "nPrecioTotal": 17.0,
        "_currency": "USD",
        "_source_line": 24,
        "_auto_extracted": true
      },
      {
        "nCantidad": 1.0,
        "tDescripcion": "9 26529-000-496021-MEA0-YZ-A 26529-205 26251-140-150187-MCCR-YQ-AC-014 China SQR Train+Taxi+Bus ¥ ¥ ",
        "nPrecioUnitario": 15.0,
        "nPrecioTotal": 15.0,
        "_currency": "USD",
        "_source_line": 16,
        "_auto_extracted": true
      },
      {
        "nCantidad": 1.0,
        "tDescripcion": "10 26529-000-496021-MEA0-YZ-A 26529-205 26251-140-150187-MCCR-YQ-AC-014 China SQR Train+Taxi+Bus ¥",
        "nPrecioUnitario": 10.0,
        "nPrecioTotal": 10.0,
        "_currency": "USD",
        "_source_line": 17,
        "_auto_extracted": true
      },
      {
        "nCantidad": 1.0,
        "tDescripcion": "9 26529-000-496021-MEA0-YZ-A 26529-205 26251-140-150187-MCCR-YQ-AC-014 China SQR Train+Taxi+Bus ¥ ¥",
        "nPrecioUnitario": 9.0,
        "nPrecioTotal": 9.0,
        "_currency": "USD",
        "_source_line": 16,
        "_auto_extracted": true
      },
      {
        "nCantidad": 1.0,
        "tDescripcion": "17 26529-000-496021-MEA0-YZ-A 26529-205 26529-000-496021-MEA0-YQ-A-02 China SQR Train+Taxi+Bus ¥ ¥ .",
        "nPrecioUnitario": 8.0,
        "nPrecioTotal": 8.0,
        "_currency": "USD",
        "_source_line": 24,
        "_auto_extracted": true
      },
      {
        "nCantidad": 1.0,
        "tDescripcion": "CURRENCY EXCHANGE RATE: 1USD=",
        "nPrecioUnitario": 6.0,
        "nPrecioTotal": 6.0,
        "_currency": "USD",
        "_source_line": 40,
        "_auto_extracted": true
      }
    ],
    "midioma": [
      {
        "iMIdioma": 5,
        "tIdioma": "Chino"
      }
    ],
    "mdocumento_tipo": [
      {
        "iMDocumentoTipo": 1,
        "tTipo": "Comprobante"
      }
    ],
    "mdivisa": [
      {
        "tDivisa": "USD"
      },
      {
        "tDivisa": "CNY"
      }
    ],
    "mnaturaleza": [
      {
        "tNaturaleza": "Otro"
      }
    ],
    "mproveedor": [
      {
        "tRazonSocial": "BSQE\nBS"
      }
    ],
    "mresumen": [],
    "mjornada": [],
    "mjornada_empleado": [],
    "marchivo_tipo": [],
    "munidad_medida": []
  }
}