{
  "metadata": {
    "version": "1.0.0",
    "parser": "ExtractorOCR",
    "extraction_date": "2025-11-18T14:21:06.012980",
    "type": "structured",
    "email": "mariadelosangeles.abanto@newmont.com",
    "year": 2025,
    "month": "Octubre",
    "request_id": "eada6176-0aa0-4362-b8ab-f4f1b641fff8",
    "processed_at": "2025-11-18T14:25:11.827917",
    "api_version": "1.0.0",
    "periodo_id": "string"
  },
  "hoja": {
    "tJson": "BSQE\nBS0003\nMEAL\nEST: 1907\nHAMEEDIYAH\nDident Nasi Kandar in Malaysia\nHAMELDIYAH EXPRESS\nSDN BHD\n(1162337-K)\nUnit GOA, Medan Perniagaan Pauh Jaya,\nJalan Baru, 13600 Perai,\nPulau Pinang.\nTel: 04-333 9186\nSST No.: P13-1309-32100052\nINVOICE\nTable No: NS18\nInvoice No: JBP_NK/15049\nOrder No : 15049\nDate : 17/06/2025 #1 8:17 PM\nCashier : CASHIER 1\nPRN ON : 17/06/2025 8:18 PM\nQTY ITEM RM\n*** Dine In ***\n1 NASI PUTIH 2.00\n1 AYAM BAWANG BIASA 10.50\n1 TELUR REBUS 1.50\nUSD 3.40\n3 Suplota 14.00\nNet Total [14.00]\nCash *** 17/06/2025 8:18 PM *** 14.00\nTax Summary Taxable Tax\nInclusive Service Tax 6% 13.21 0.79",
    "tJsonTraducido": null,
    "lFormato": false,
    "iMIdioma": 2,
    "iMDocumentoTipo": 1,
    "tSequentialNumber": "BS0003"
  },
  "additional_data": {
    "mcomprobante": [
      {
        "_stamp_name": "BSQE",
        "_sequential_number": "BS0003",
        "tNumero": "Table",
        "tSerie": null,
        "fEmision": "17/06/2025",
        "tCliente": null,
        "nPrecioTotal": 56.0
      }
    ],
    "mcomprobante_detalle": [
      {
        "nCantidad": 1.0,
        "tDescripcion": "NASI PUTIH",
        "nPrecioUnitario": 2.0,
        "nPrecioTotal": 2.0
      },
      {
        "nCantidad": 1.0,
        "tDescripcion": "AYAM BAWANG BIASA",
        "nPrecioUnitario": 10.5,
        "nPrecioTotal": 10.5
      },
      {
        "nCantidad": 1.0,
        "tDescripcion": "TELUR REBUS",
        "nPrecioUnitario": 1.5,
        "nPrecioTotal": 1.5
      },
      {
        "nCantidad": 3.0,
        "tDescripcion": "Suplota",
        "nPrecioUnitario": 14.0,
        "nPrecioTotal": 42.0
      },
      {
        "nCantidad": 3.0,
        "tDescripcion": "Suplota",
        "nPrecioUnitario": 14.0,
        "nPrecioTotal": 14.0
      },
      {
        "nCantidad": 1.0,
        "tDescripcion": "Inclusive Service Tax 6%",
        "nPrecioUnitario": 13.21,
        "nPrecioTotal": 13.21,
        "_currency": "USD",
        "_source_line": 32,
        "_auto_extracted": true
      },
      {
        "nCantidad": 1.0,
        "tDescripcion": "Valor monetario línea 27",
        "nPrecioUnitario": 3.4,
        "nPrecioTotal": 3.4,
        "_currency": "USD",
        "_source_line": 27,
        "_auto_extracted": true
      }
    ],
    "midioma": [
      {
        "iMIdioma": 2,
        "tIdioma": "Inglés"
      }
    ],
    "mdocumento_tipo": [
      {
        "iMDocumentoTipo": 1,
        "tTipo": "Comprobante"
      }
    ],
    "mdivisa": [
      {
        "tDivisa": "RM"
      },
      {
        "tDivisa": "USD"
      }
    ],
    "mnaturaleza": [
      {
        "tNaturaleza": "Alimentación"
      }
    ],
    "mproveedor": [
      {
        "tRazonSocial": "HAMELDIYAH EXPRESS"
      }
    ],
    "mresumen": [],
    "mjornada": [],
    "mjornada_empleado": [],
    "marchivo_tipo": [],
    "munidad_medida": []
  }
}