{
  "metadata": {
    "version": "1.0.0",
    "parser": "ExtractorOCR",
    "extraction_date": "2025-11-18T14:21:10.394065",
    "type": "structured",
    "email": "mariadelosangeles.abanto@newmont.com",
    "year": 2025,
    "month": "Octubre",
    "request_id": "eada6176-0aa0-4362-b8ab-f4f1b641fff8",
    "processed_at": "2025-11-18T14:25:11.827917",
    "api_version": "1.0.0",
    "periodo_id": "string"
  },
  "hoja": {
    "tJson": "MEM\n20 06/2025 15:02 B530422\nQty Descriptions Amount\n1 Ili Hazelnut-R 16.32\n1 Add Espresso Shot 2.64\nCappuccino 13.01\nSTTL 31.97\n6% Gov Tax 1.92\nTTL 33.89\nRounding Adj. 0.01\n2 TOTAL T-AWAY 33.90\nMNCM: 33.90\nUSD 8.20\nWIFI Password\n9kwmtray\n7hr6a8sc\nPlease get your E-Invoice from,\nhttps://coffeebean.einvoiceportal.\nmy/invoice\nInvoices available only after 24\nhours.Invoices will be unavailable\nfor retrieval after the 3rd day of\nthe following month.\nT-OWAY\nsales1.sisfooter\nTBL\nBSQE\nBS0003",
    "tJsonTraducido": null,
    "lFormato": false,
    "iMIdioma": 2,
    "iMDocumentoTipo": 1,
    "tSequentialNumber": "BS0003"
  },
  "additional_data": {
    "mcomprobante": [
      {
        "_stamp_name": "BSQE",
        "_sequential_number": "BS0003",
        "tNumero": null,
        "tSerie": null,
        "tCliente": null,
        "nPrecioTotal": 86.76
      }
    ],
    "mcomprobante_detalle": [
      {
        "nCantidad": 1.0,
        "tDescripcion": "Ili Hazelnut-R",
        "nPrecioUnitario": 16.32,
        "nPrecioTotal": 16.32
      },
      {
        "nCantidad": 1.0,
        "tDescripcion": "Add Espresso Shot",
        "nPrecioUnitario": 2.64,
        "nPrecioTotal": 2.64
      },
      {
        "nCantidad": 2.0,
        "tDescripcion": "TOTAL T-AWAY",
        "nPrecioUnitario": 33.9,
        "nPrecioTotal": 67.8
      },
      {
        "nCantidad": 1.0,
        "tDescripcion": "Cappuccino",
        "nPrecioUnitario": 13.01,
        "nPrecioTotal": 13.01
      },
      {
        "nCantidad": 1.0,
        "tDescripcion": "2 TOTAL T-AWAY 33.",
        "nPrecioUnitario": 90.0,
        "nPrecioTotal": 90.0,
        "_currency": "USD",
        "_source_line": 11,
        "_auto_extracted": true
      },
      {
        "nCantidad": 1.0,
        "tDescripcion": "2 TOTAL T-AWAY",
        "nPrecioUnitario": 33.9,
        "nPrecioTotal": 33.9,
        "_currency": "USD",
        "_source_line": 11,
        "_auto_extracted": true
      },
      {
        "nCantidad": 1.0,
        "tDescripcion": "TTL",
        "nPrecioUnitario": 33.89,
        "nPrecioTotal": 33.89,
        "_currency": "USD",
        "_source_line": 9,
        "_auto_extracted": true
      },
      {
        "nCantidad": 1.0,
        "tDescripcion": "2 TOTAL T-AWAY",
        "nPrecioUnitario": 33.0,
        "nPrecioTotal": 33.0,
        "_currency": "USD",
        "_source_line": 11,
        "_auto_extracted": true
      },
      {
        "nCantidad": 1.0,
        "tDescripcion": "STTL",
        "nPrecioUnitario": 31.97,
        "nPrecioTotal": 31.97,
        "_currency": "USD",
        "_source_line": 7,
        "_auto_extracted": true
      },
      {
        "nCantidad": 1.0,
        "tDescripcion": "Valor monetario línea 13",
        "nPrecioUnitario": 8.2,
        "nPrecioTotal": 8.2,
        "_currency": "USD",
        "_source_line": 13,
        "_auto_extracted": true
      },
      {
        "nCantidad": 1.0,
        "tDescripcion": "2 TOTAL T-AWAY",
        "nPrecioUnitario": 2.0,
        "nPrecioTotal": 2.0,
        "_currency": "USD",
        "_source_line": 11,
        "_auto_extracted": true
      }
    ],
    "midioma": [
      {
        "iMIdioma": 2,
        "tIdioma": "Inglés"
      }
    ],
    "mdocumento_tipo": [
      {
        "iMDocumentoTipo": 1,
        "tTipo": "Comprobante"
      }
    ],
    "mdivisa": [
      {
        "tDivisa": "USD"
      }
    ],
    "mnaturaleza": [
      {
        "tNaturaleza": "Otro"
      }
    ],
    "mresumen": [],
    "mjornada": [],
    "mjornada_empleado": [],
    "mproveedor": [],
    "marchivo_tipo": [],
    "munidad_medida": []
  }
}