{
  "metadata": {
    "version": "1.0.0",
    "parser": "ExtractorOCR",
    "extraction_date": "2025-11-18T14:23:21.068515",
    "type": "structured",
    "email": "mariadelosangeles.abanto@newmont.com",
    "year": 2025,
    "month": "Octubre",
    "request_id": "eada6176-0aa0-4362-b8ab-f4f1b641fff8",
    "processed_at": "2025-11-18T14:25:11.827917",
    "api_version": "1.0.0",
    "periodo_id": "string"
  },
  "hoja": {
    "tJson": "BSQE\nBS0004\nSGS-CSTC Standards Technical Service., Ltd. Shanghai Branch\nProject Monthly Expense\nMonth: Jun-25\nSQR/AEX:Jared Chen\nDate Assignment No. Charge No. Report No. Country Type of Activity Type Kilometer Transportation (USD) Amount Hotel (USD) Total (USD)\n1\n2\n3\n4\n5\n6\n7\n8\n9\n10\n11\n12\n13\n14\n15\n16\n17\n18\n19\n20\n21\n22\n23\n24\n25\n26 26607-220-YZA-PB02-3A001 26607-120 26607-220-YQA-PB02-3A004 China SQR Taxi ¥214.40 $32.98\n27\n28 25272-003-065052-PV09-YZ-A 25272-003 25272-003-065052-PV09-YQ-A-001 China SQR Taxi ¥297.00 $45.69\n29\n30\nTotal China SQR $78.68 $0.00 $78.68\n表格说明\nCURRENCY EXCHANGE RATE: 1USD=6.5RMB\nNIGHT SHIFT-7PM-7AM WILL BE CHARGED AT 1.5 TIMES UNIT RATE\nSATURDAYS WILL BE CHARGED AT 1.25 TIMES UNIT RATE\nSUNDAYS & PUBLIC HOLIDAYS WILL BE CHARGED AT 1.5 TIMES UNIT RATE\nUNIT RATE APPLIES TO ALL INSPECTION. TRAVEL AND REPORTING TIME\nUNIT RATE IS NET OF APPLICABLE LOCAL AND FEDERAL TAXES OF COUNTRY OF EXECUTION (E. G. VAT. ETC)\nMINIMUM CHARGE OF 5 HOURS APPLIES TO EACH EVENT (PER DATE AND SITE)",
    "tJsonTraducido": null,
    "lFormato": false,
    "iMIdioma": 5,
    "iMDocumentoTipo": 1,
    "tSequentialNumber": "BS0004"
  },
  "additional_data": {
    "mcomprobante": [
      {
        "_stamp_name": "BSQE",
        "_sequential_number": "BS0004",
        "tNumero": null,
        "tSerie": null,
        "nPrecioTotal": 1.0,
        "tCliente": null
      }
    ],
    "mcomprobante_detalle": [
      {
        "nCantidad": 1.0,
        "tDescripcion": "Taxi",
        "nPrecioUnitario": 32.98,
        "nPrecioTotal": 32.98
      },
      {
        "nCantidad": 1.0,
        "tDescripcion": "Taxi",
        "nPrecioUnitario": 45.69,
        "nPrecioTotal": 45.69
      },
      {
        "nCantidad": 1.0,
        "tDescripcion": "28 25272-003-065052-PV09-YZ-A 25272-003 25272-003-065052-PV09-YQ-A-001 China SQR Taxi ¥",
        "nPrecioUnitario": 297.0,
        "nPrecioTotal": 297.0,
        "_currency": "USD",
        "_source_line": 35,
        "_auto_extracted": true
      },
      {
        "nCantidad": 1.0,
        "tDescripcion": "26 26607-220-YZA-PB02-3A001 26607-120 26607-220-YQA-PB02-3A004 China SQR Taxi ¥",
        "nPrecioUnitario": 214.4,
        "nPrecioTotal": 214.4,
        "_currency": "USD",
        "_source_line": 33,
        "_auto_extracted": true
      },
      {
        "nCantidad": 1.0,
        "tDescripcion": "26 26607-220-YZA-PB02-3A001 26607-120 26607-220-YQA-PB02-3A004 China SQR Taxi ¥ .",
        "nPrecioUnitario": 98.0,
        "nPrecioTotal": 98.0,
        "_currency": "USD",
        "_source_line": 33,
        "_auto_extracted": true
      },
      {
        "nCantidad": 1.0,
        "tDescripcion": "Total China SQR",
        "nPrecioUnitario": 78.68,
        "nPrecioTotal": 78.68,
        "_currency": "$",
        "_source_line": 38,
        "_auto_extracted": true
      },
      {
        "nCantidad": 1.0,
        "tDescripcion": "Total China SQR $",
        "nPrecioUnitario": 78.68,
        "nPrecioTotal": 78.68,
        "_currency": "USD",
        "_source_line": 38,
        "_auto_extracted": true
      },
      {
        "nCantidad": 1.0,
        "tDescripcion": "Total China SQR",
        "nPrecioUnitario": 78.0,
        "nPrecioTotal": 78.0,
        "_currency": "$",
        "_source_line": 38,
        "_auto_extracted": true
      },
      {
        "nCantidad": 1.0,
        "tDescripcion": "Total China SQR $",
        "nPrecioUnitario": 78.0,
        "nPrecioTotal": 78.0,
        "_currency": "USD",
        "_source_line": 38,
        "_auto_extracted": true
      },
      {
        "nCantidad": 1.0,
        "tDescripcion": "28 25272-003-065052-PV09-YZ-A 25272-003 25272-003-065052-PV09-YQ-A-001 China SQR Taxi ¥ .",
        "nPrecioUnitario": 69.0,
        "nPrecioTotal": 69.0,
        "_currency": "USD",
        "_source_line": 35,
        "_auto_extracted": true
      },
      {
        "nCantidad": 1.0,
        "tDescripcion": "Total China SQR .",
        "nPrecioUnitario": 68.0,
        "nPrecioTotal": 68.0,
        "_currency": "USD",
        "_source_line": 38,
        "_auto_extracted": true
      },
      {
        "nCantidad": 1.0,
        "tDescripcion": "28 25272-003-065052-PV09-YZ-A 25272-003 25272-003-065052-PV09-YQ-A-001 China SQR Taxi ¥",
        "nPrecioUnitario": 45.0,
        "nPrecioTotal": 45.0,
        "_currency": "$",
        "_source_line": 35,
        "_auto_extracted": true
      },
      {
        "nCantidad": 1.0,
        "tDescripcion": "28 25272-003-065052-PV09-YZ-A 25272-003 25272-003-065052-PV09-YQ-A-001 China SQR Taxi ¥ $",
        "nPrecioUnitario": 45.0,
        "nPrecioTotal": 45.0,
        "_currency": "USD",
        "_source_line": 35,
        "_auto_extracted": true
      },
      {
        "nCantidad": 1.0,
        "tDescripcion": "26 26607-220-YZA-PB02-3A001 26607-120 26607-220-YQA-PB02-3A004 China SQR Taxi ¥214.",
        "nPrecioUnitario": 40.0,
        "nPrecioTotal": 40.0,
        "_currency": "USD",
        "_source_line": 33,
        "_auto_extracted": true
      },
      {
        "nCantidad": 1.0,
        "tDescripcion": "26 26607-220-YZA-PB02-3A001 26607-120 26607-220-YQA-PB02-3A004 China SQR Taxi ¥",
        "nPrecioUnitario": 32.0,
        "nPrecioTotal": 32.0,
        "_currency": "$",
        "_source_line": 33,
        "_auto_extracted": true
      },
      {
        "nCantidad": 1.0,
        "tDescripcion": "26 26607-220-YZA-PB02-3A001 26607-120 26607-220-YQA-PB02-3A004 China SQR Taxi ¥ $",
        "nPrecioUnitario": 32.0,
        "nPrecioTotal": 32.0,
        "_currency": "USD",
        "_source_line": 33,
        "_auto_extracted": true
      },
      {
        "nCantidad": 1.0,
        "tDescripcion": "28 25272-003-065052-PV09-YZ-A 25272-003 25272-003-065052-PV09-YQ-A-001 China SQR Taxi ¥",
        "nPrecioUnitario": 28.0,
        "nPrecioTotal": 28.0,
        "_currency": "USD",
        "_source_line": 35,
        "_auto_extracted": true
      },
      {
        "nCantidad": 1.0,
        "tDescripcion": "26 26607-220-YZA-PB02-3A001 26607-120 26607-220-YQA-PB02-3A004 China SQR Taxi ¥",
        "nPrecioUnitario": 26.0,
        "nPrecioTotal": 26.0,
        "_currency": "USD",
        "_source_line": 33,
        "_auto_extracted": true
      },
      {
        "nCantidad": 1.0,
        "tDescripcion": "CURRENCY EXCHANGE RATE: 1USD=",
        "nPrecioUnitario": 6.0,
        "nPrecioTotal": 6.0,
        "_currency": "USD",
        "_source_line": 40,
        "_auto_extracted": true
      }
    ],
    "midioma": [
      {
        "iMIdioma": 5,
        "tIdioma": "Chino"
      }
    ],
    "mdocumento_tipo": [
      {
        "iMDocumentoTipo": 1,
        "tTipo": "Comprobante"
      }
    ],
    "mdivisa": [
      {
        "tDivisa": "USD"
      },
      {
        "tDivisa": "CNY"
      }
    ],
    "mnaturaleza": [
      {
        "tNaturaleza": "Otro"
      }
    ],
    "mproveedor": [
      {
        "tRazonSocial": "BSQE\nBS"
      }
    ],
    "mresumen": [],
    "mjornada": [],
    "mjornada_empleado": [],
    "marchivo_tipo": [],
    "munidad_medida": []
  }
}