{
  "metadata": {
    "version": "1.0.0",
    "parser": "ExtractorOCR",
    "extraction_date": "2025-11-18T14:21:00.459144",
    "type": "structured",
    "email": "mariadelosangeles.abanto@newmont.com",
    "year": 2025,
    "month": "Octubre",
    "request_id": "eada6176-0aa0-4362-b8ab-f4f1b641fff8",
    "processed_at": "2025-11-18T14:25:11.827917",
    "api_version": "1.0.0",
    "periodo_id": "string"
  },
  "hoja": {
    "tJson": "MBAL\n日期\nTarikh 15/6 2025 NO.\n编号 数量 摘要 价目 银额\nNO. KUANTITI JENIS BARANG-BARANG HARGA JUMLAH S\n1\n2 22.50\n3\n4\n5\nB\n7\n8\n9\n10\n11\n12\n13\n14\n15\nCASH / INVOICE USD 5.45\n总计\nJUMLAH S 22-50\nTERIMA OLEH 收貨人 DISAHKAN OLEH 经手人\nBSQE\nBS0003",
    "tJsonTraducido": null,
    "lFormato": false,
    "iMIdioma": 5,
    "iMDocumentoTipo": 1,
    "tSequentialNumber": "BS0003"
  },
  "additional_data": {
    "mcomprobante": [
      {
        "_stamp_name": "BSQE",
        "_sequential_number": "BS0003",
        "tNumero": "/",
        "tSerie": null,
        "tCliente": null
      }
    ],
    "mcomprobante_detalle": [
      {
        "nCantidad": 1.0,
        "tDescripcion": "CASH / INVOICE",
        "nPrecioUnitario": 5.45,
        "nPrecioTotal": 5.45
      },
      {
        "nCantidad": 1.0,
        "tDescripcion": "总计",
        "nPrecioUnitario": 22.5,
        "nPrecioTotal": 22.5
      }
    ],
    "midioma": [
      {
        "iMIdioma": 5,
        "tIdioma": "Chino"
      }
    ],
    "mdocumento_tipo": [
      {
        "iMDocumentoTipo": 1,
        "tTipo": "Comprobante"
      }
    ],
    "mdivisa": [
      {
        "tDivisa": "USD"
      }
    ],
    "mnaturaleza": [
      {
        "tNaturaleza": "Otro"
      }
    ],
    "mproveedor": [
      {
        "tRazonSocial": "NO. KUANTITI JENIS BARANG"
      }
    ],
    "mresumen": [],
    "mjornada": [],
    "mjornada_empleado": [],
    "marchivo_tipo": [],
    "munidad_medida": []
  }
}