{
  "metadata": {
    "version": "1.0.0",
    "parser": "ExtractorOCR",
    "extraction_date": "2025-11-18T14:21:06.228002",
    "type": "structured",
    "email": "mariadelosangeles.abanto@newmont.com",
    "year": 2025,
    "month": "Octubre",
    "request_id": "eada6176-0aa0-4362-b8ab-f4f1b641fff8",
    "processed_at": "2025-11-18T14:25:11.827917",
    "api_version": "1.0.0",
    "periodo_id": "string"
  },
  "hoja": {
    "tJson": "BSQE\nBS0003\nM/S\nMEDL\n日期\nDATE/TARIKΗ: 18/6/25\nNO 號碼\n號碼\nNO.\n摘要\nPARTICULARS\nBUTIR-BUTIR\n數量\nQUANTITY\nKUANTITI\n價目\nUNIT PRICE\nHARGA\n銀額\nAMOUNT\nJUMLAH\n1\n2 18.40\n3\n4\n5\n6\n7\n8\n9\n10 USD 4.45\n貨物出門,恕不退换·\nGoods sold are not returnable.\nBarang yang sudah dijual tidak boleh dikembalikan.\n總計\nTOTAL 18.40\nJUMLAH\nReceived by / Diterima olen/收貨人\nSignature/Tandatangan/手人",
    "tJsonTraducido": null,
    "lFormato": false,
    "iMIdioma": 5,
    "iMDocumentoTipo": 1,
    "tSequentialNumber": "BS0003"
  },
  "additional_data": {
    "mcomprobante": [
      {
        "_stamp_name": "BSQE",
        "_sequential_number": "BS0003",
        "tNumero": null,
        "tSerie": null,
        "fEmision": "18/6/25",
        "nPrecioTotal": 18.0,
        "tCliente": null
      }
    ],
    "mcomprobante_detalle": [
      {
        "nCantidad": 1.0,
        "tDescripcion": "Item 10 (USD)",
        "nPrecioUnitario": 4.45,
        "nPrecioTotal": 4.45
      },
      {
        "nCantidad": 1.0,
        "tDescripcion": "2",
        "nPrecioUnitario": 18.4,
        "nPrecioTotal": 18.4
      },
      {
        "nCantidad": 10.0,
        "tDescripcion": "USD",
        "nPrecioUnitario": 4.45,
        "nPrecioTotal": 4.45
      },
      {
        "nCantidad": 1.0,
        "tDescripcion": "TOTAL 18.",
        "nPrecioUnitario": 40.0,
        "nPrecioTotal": 40.0,
        "_currency": "USD",
        "_source_line": 36,
        "_auto_extracted": true
      },
      {
        "nCantidad": 1.0,
        "tDescripcion": "TOTAL",
        "nPrecioUnitario": 18.0,
        "nPrecioTotal": 18.0,
        "_currency": "USD",
        "_source_line": 36,
        "_auto_extracted": true
      }
    ],
    "midioma": [
      {
        "iMIdioma": 5,
        "tIdioma": "Chino"
      }
    ],
    "mdocumento_tipo": [
      {
        "iMDocumentoTipo": 1,
        "tTipo": "Comprobante"
      }
    ],
    "mdivisa": [
      {
        "tDivisa": "USD"
      }
    ],
    "mnaturaleza": [
      {
        "tNaturaleza": "Otro"
      }
    ],
    "mresumen": [],
    "mjornada": [],
    "mjornada_empleado": [],
    "mproveedor": [],
    "marchivo_tipo": [],
    "munidad_medida": []
  }
}