{
  "metadata": {
    "version": "1.0.0",
    "parser": "ExtractorOCR",
    "extraction_date": "2025-11-18T14:23:19.300284",
    "type": "structured",
    "email": "mariadelosangeles.abanto@newmont.com",
    "year": 2025,
    "month": "Octubre",
    "request_id": "eada6176-0aa0-4362-b8ab-f4f1b641fff8",
    "processed_at": "2025-11-18T14:25:11.827917",
    "api_version": "1.0.0",
    "periodo_id": "string"
  },
  "hoja": {
    "tJson": "BSQE\nBS0004\n电子发票(普通发票)\n发票号码:25332000000247257806\n开票日期:2025年06月11日\n购买方信息\n名称:通标标准技术服务有限公司杭州分公司\n统一社会信用代码/纳税人识别号:91330100759533099R\n销售方信息\n名称:丽水市锦江云栖酒店(普通合伙)\n统一社会信用代码/纳税人识别号:91331102730903543Y\n项目名称 规格型号 单位 数量 单价 金额 税率/征收率 税额\n*住宿服务*住宿费 天 1 247.5247524752475 247.52 1% 2. 48\n合 计 ¥247.52 ¥2.48\n价税合计(大写) ◇贰佰伍拾圆整 (小写)¥250.00\n购方开户银行:一; 银行账号:-;\n销方开户银行:中国建设银行股份有限公司丽水万丰支行; 银行账号:33001696161053001228;\n开票人:吕清荷\nPage 2 of 2",
    "tJsonTraducido": null,
    "lFormato": false,
    "iMIdioma": 5,
    "iMDocumentoTipo": 99,
    "tSequentialNumber": "BS0004"
  },
  "additional_data": {
    "midioma": [
      {
        "iMIdioma": 5,
        "tIdioma": "Chino"
      }
    ],
    "mdocumento_tipo": [
      {
        "iMDocumentoTipo": 99,
        "tTipo": "Desconocido"
      }
    ],
    "mdivisa": [
      {
        "tDivisa": "CNY"
      }
    ],
    "mnaturaleza": [
      {
        "tNaturaleza": "Otro"
      }
    ],
    "mcomprobante_detalle": [
      {
        "nCantidad": 1.0,
        "tDescripcion": "价税合计(大写) ◇贰佰伍拾圆整 (小写)¥",
        "nPrecioUnitario": 250.0,
        "nPrecioTotal": 250.0,
        "_currency": "USD",
        "_source_line": 15,
        "_auto_extracted": true
      },
      {
        "nCantidad": 1.0,
        "tDescripcion": "*住宿服务*住宿费 天 1 247.5247524752475",
        "nPrecioUnitario": 247.52,
        "nPrecioTotal": 247.52,
        "_currency": "USD",
        "_source_line": 13,
        "_auto_extracted": true
      }
    ],
    "mresumen": [],
    "mcomprobante": [],
    "mjornada": [],
    "mjornada_empleado": [],
    "mproveedor": [],
    "marchivo_tipo": [],
    "munidad_medida": []
  }
}