{
  "metadata": {
    "version": "1.0.0",
    "parser": "ExtractorOCR",
    "extraction_date": "2025-11-18T14:21:23.627392",
    "type": "structured",
    "email": "mariadelosangeles.abanto@newmont.com",
    "year": 2025,
    "month": "Octubre",
    "request_id": "eada6176-0aa0-4362-b8ab-f4f1b641fff8",
    "processed_at": "2025-11-18T14:25:11.827917",
    "api_version": "1.0.0",
    "periodo_id": "string"
  },
  "hoja": {
    "tJson": "BSQE\nBS0003\nINVOICE NU: #40110810\nNUMBER OF ITEMS: 2\nDATE: 2025-06-26\nIME: 01:51 PM\nTABLE NO: TAKEAWAY\nTAKEAWAY\nCUSTOMER NAME: NURUL\nQTY ITEM NAME AMOUNT\n1 SET B 13.80\nVARIANT: (CAS PEMBUNGKUSAN\nRMO.50, DADA DAN KEPAK,\nKEPEDASAN: BIASA)\n1 SET C 14.80\nVARIANT: (CAS PEMBUNGKUSAN\nRM0.50, KEPEDASAN :\nPEDAS, PEHA DAN THIGH)\nSUB-TOTAL: RM 28.60\nDISCOUNT: RM 0.00\nTOPUP: USD 6.95 RM 0.00\nTOTAL: RM 28.60\nAMOUNT TO BE PAID: RM 0.00\nThank you for ordering with us. Looking forward\nto having you again.\nPOWERED BY - EASYEAT\nмен",
    "tJsonTraducido": null,
    "lFormato": false,
    "iMIdioma": 2,
    "iMDocumentoTipo": 1,
    "tSequentialNumber": "BS0003"
  },
  "additional_data": {
    "mcomprobante": [
      {
        "_stamp_name": "BSQE",
        "_sequential_number": "BS0003",
        "tNumero": "NU",
        "tSerie": null,
        "tCliente": null,
        "nPrecioTotal": 28.6
      }
    ],
    "mcomprobante_detalle": [
      {
        "nCantidad": 1.0,
        "tDescripcion": "SET B - VARIANT: (CAS PEMBUNGKUSAN",
        "nPrecioUnitario": 13.8,
        "nPrecioTotal": 13.8
      },
      {
        "nCantidad": 1.0,
        "tDescripcion": "SET C - VARIANT: (CAS PEMBUNGKUSAN",
        "nPrecioUnitario": 14.8,
        "nPrecioTotal": 14.8
      },
      {
        "nCantidad": 1.0,
        "tDescripcion": "SET B",
        "nPrecioUnitario": 13.8,
        "nPrecioTotal": 13.8
      },
      {
        "nCantidad": 1.0,
        "tDescripcion": "SET C",
        "nPrecioUnitario": 14.8,
        "nPrecioTotal": 14.8
      },
      {
        "nCantidad": 1.0,
        "tDescripcion": "SUB-TOTAL: RM 28.",
        "nPrecioUnitario": 60.0,
        "nPrecioTotal": 60.0,
        "_currency": "USD",
        "_source_line": 19,
        "_auto_extracted": true
      },
      {
        "nCantidad": 1.0,
        "tDescripcion": "SUB-TOTAL: RM",
        "nPrecioUnitario": 28.6,
        "nPrecioTotal": 28.6,
        "_currency": "USD",
        "_source_line": 19,
        "_auto_extracted": true
      },
      {
        "nCantidad": 1.0,
        "tDescripcion": "SUB-TOTAL: RM",
        "nPrecioUnitario": 28.0,
        "nPrecioTotal": 28.0,
        "_currency": "USD",
        "_source_line": 19,
        "_auto_extracted": true
      },
      {
        "nCantidad": 1.0,
        "tDescripcion": "TOPUP:",
        "nPrecioUnitario": 6.95,
        "nPrecioTotal": 6.95,
        "_currency": "USD",
        "_source_line": 21,
        "_auto_extracted": true
      }
    ],
    "midioma": [
      {
        "iMIdioma": 2,
        "tIdioma": "Inglés"
      }
    ],
    "mdocumento_tipo": [
      {
        "iMDocumentoTipo": 1,
        "tTipo": "Comprobante"
      }
    ],
    "mdivisa": [
      {
        "tDivisa": "RM"
      },
      {
        "tDivisa": "USD"
      }
    ],
    "mnaturaleza": [
      {
        "tNaturaleza": "Alimentación"
      }
    ],
    "mproveedor": [
      {
        "tRazonSocial": "NUMBER OF ITEMS"
      }
    ],
    "mresumen": [],
    "mjornada": [],
    "mjornada_empleado": [],
    "marchivo_tipo": [],
    "munidad_medida": []
  }
}