{
  "metadata": {
    "version": "1.0.0",
    "parser": "ExtractorOCR",
    "extraction_date": "2025-11-18T14:24:59.200022",
    "type": "structured",
    "email": "mariadelosangeles.abanto@newmont.com",
    "year": 2025,
    "month": "Octubre",
    "request_id": "eada6176-0aa0-4362-b8ab-f4f1b641fff8",
    "processed_at": "2025-11-18T14:25:11.827917",
    "api_version": "1.0.0",
    "periodo_id": "string"
  },
  "hoja": {
    "tJson": "Concur Expense - Recovery plan meeting - Lunch\nLine Item by Job Section\n26442-007------\nTransaction Covered Covered\nDate Date Date To\nFrom\nJun 10,\n2025\nExpense Type\nDetails\nLocation NC Amount Payment Trans Trans\nCurrency Amount Currency\nOther\nDescription:\nReference Number:\nMerchant:\nSantiago 990 88,817.00 CLP 88,817.00 CLP\n000012471390947\nFIABSA\nTotal for 990 88,817.00\nAmount Less Tax 88,817.00\nTax 0\nSubtotal 88,817.00\nReport Total 88,817.00\nLine Entry\nComments\nTransaction\nDate\nExpense Type\nJun 10,\n2025\nOther\nJul 3, 2025\nComment Commenter's Name\nDate/\nTime\nJun 24,\nTORRES FERREIRA,\n2025 5:20 LORENA VALERIA\nPM\nRecovery Plan Meeting - Lunch\nParticipantes oficina santiago presencial\n2\nComment\nOTEM\nOE0002\n11:08:01 AM",
    "tJsonTraducido": null,
    "lFormato": false,
    "iMIdioma": 2,
    "iMDocumentoTipo": 4,
    "tSequentialNumber": "OE0002"
  },
  "additional_data": {
    "mcomprobante": [
      {
        "tNumero": "OE0002",
        "tSerie": null,
        "nPrecioTotal": 88817.0,
        "_stamp_name": "OTEM",
        "_sequential_number": "OE0002",
        "_concur_expense": true,
        "_report_name": "Recovery plan meeting - Lunch",
        "_job_section": "26442-007------"
      }
    ],
    "mresumen": [
      {
        "tjobno": "26442-007------",
        "ttype": "Concur Expense - Total For 990",
        "tsourcereference": "OE0002",
        "tsourcerefid": null,
        "tdescription": "Total For 990: 88,817.00",
        "nImporte": 88817.0,
        "tStampname": "OTEM",
        "tsequentialnumber": "OE0002",
        "_concur_total": true,
        "_total_type": "total_for_990",
        "_report_name": "Recovery plan meeting - Lunch"
      },
      {
        "tjobno": "26442-007------",
        "ttype": "Concur Expense - Amount Less Tax",
        "tsourcereference": "OE0002",
        "tsourcerefid": null,
        "tdescription": "Amount Less Tax: 88,817.00",
        "nImporte": 88817.0,
        "tStampname": "OTEM",
        "tsequentialnumber": "OE0002",
        "_concur_total": true,
        "_total_type": "amount_less_tax",
        "_report_name": "Recovery plan meeting - Lunch"
      },
      {
        "tjobno": "26442-007------",
        "ttype": "Concur Expense - Tax",
        "tsourcereference": "OE0002",
        "tsourcerefid": null,
        "tdescription": "Tax: 0.00",
        "nImporte": 0.0,
        "tStampname": "OTEM",
        "tsequentialnumber": "OE0002",
        "_concur_total": true,
        "_total_type": "tax",
        "_report_name": "Recovery plan meeting - Lunch"
      },
      {
        "tjobno": "26442-007------",
        "ttype": "Concur Expense - Subtotal",
        "tsourcereference": "OE0002",
        "tsourcerefid": null,
        "tdescription": "Subtotal: 88,817.00",
        "nImporte": 88817.0,
        "tStampname": "OTEM",
        "tsequentialnumber": "OE0002",
        "_concur_total": true,
        "_total_type": "subtotal",
        "_report_name": "Recovery plan meeting - Lunch"
      },
      {
        "tjobno": "26442-007------",
        "ttype": "Concur Expense - Report Total",
        "tsourcereference": "OE0002",
        "tsourcerefid": null,
        "tdescription": "Report Total: 88,817.00",
        "nImporte": 88817.0,
        "tStampname": "OTEM",
        "tsequentialnumber": "OE0002",
        "_concur_total": true,
        "_total_type": "report_total",
        "_report_name": "Recovery plan meeting - Lunch"
      }
    ],
    "midioma": [
      {
        "iMIdioma": 2,
        "tIdioma": "Inglés"
      }
    ],
    "mdocumento_tipo": [
      {
        "iMDocumentoTipo": 4,
        "tTipo": "Concur Expense Report"
      }
    ],
    "mdivisa": [
      {
        "tDivisa": "CLP"
      }
    ],
    "mnaturaleza": [
      {
        "tNaturaleza": "Otro"
      }
    ],
    "departments": [
      {
        "name": "IT Services",
        "amount": null,
        "pattern_found": "it"
      },
      {
        "name": "Other Services",
        "amount": null,
        "pattern_found": "other"
      }
    ],
    "disciplines": [],
    "mcomprobante_detalle": [
      {
        "nCantidad": 1.0,
        "tDescripcion": "Santiago 990",
        "nPrecioUnitario": 88817.0,
        "nPrecioTotal": 88817.0,
        "_currency": "USD",
        "_source_line": 17,
        "_auto_extracted": true
      },
      {
        "nCantidad": 1.0,
        "tDescripcion": "Total for 990",
        "nPrecioUnitario": 88.0,
        "nPrecioTotal": 88.0,
        "_currency": "USD",
        "_source_line": 20,
        "_auto_extracted": true
      }
    ],
    "mjornada": [],
    "mjornada_empleado": [],
    "mproveedor": [],
    "marchivo_tipo": [],
    "munidad_medida": []
  }
}