{
  "metadata": {
    "version": "1.0.0",
    "parser": "ExtractorOCR",
    "extraction_date": "2025-11-18T14:24:44.010500",
    "type": "structured",
    "email": "mariadelosangeles.abanto@newmont.com",
    "year": 2025,
    "month": "Octubre",
    "request_id": "eada6176-0aa0-4362-b8ab-f4f1b641fff8",
    "processed_at": "2025-11-18T14:25:11.827917",
    "api_version": "1.0.0",
    "periodo_id": "string"
  },
  "hoja": {
    "tJson": "Richard Eugene Webber (196988)\nRun Date: 30 Jul 2025\nPeriod Schedule Overtime Org Code CO PR Office\n07 Jul 2025 - 20 Jul 2025 E (M-S 8 hour Days) STO 8NJ-2500 E9 6M\nApproved Signed\nJuly 17, 2025 12:52:40 (UTC July 17, 2025 19:52:40) July 16, 2025 22:29:07 (UTC July 17, 2025 05:29:07)\nCook, David John Webber, Richard Eugene\nCharge Code Project Assignment Add. Info Total Mon Tue Wed Thu Fri Sat Sun Mon Tue Wed Thu Fri Sat Sun\nWorked No.\n7 8 9 10 11 12 13 14 15 16 17 18 19 20\nREG-24084PAY 26439712 26439-100-1000 18 8 8 2\n01-MHR0-YZ-G\nSTO-24084PAY 26439712 26439-100-1000 6 3 3\n01-MHR0-YZ-G\nREG-24084PAY 26439712 26439-100-4302 40 8 8 8 8 6 2\n22-ΕΤΡΟ-ΥZ-A\nSTO-24084PAY 26439712 26439-100-4302 16 3 3 4 2 4\n22-ETP0-YZ-A\nREG-24084PAY 26439712 PSQ Support Trans 20 6 6 8\nGrand Total 100 11 11 12 10 10 8 11 11 8 8\nStraight Time 78 8 8 8 8 6 8 8 8 8 8\nOver Time 22 3 3 4 2 4 3 3\nUser Comments Date\nSTO-24084PAY Travel & Visit @ Ampcontrol in Newcastle Jul 15, 2025\nSTO-24084PAY Travel & Visit @ Ampcontrol from Newcastle to Brisbane Jul 16, 2025\nREG-24084PAY FAT report Jul 14, 2025\nSTO-24084PAY Travel from Brisbane to Ampcontrol & 1st Day of FAT activities. Jul 7, 2025\nSTO-24084PAY FAT testing activities - \"Ongoing - Ampcontrol is actively investigating Jul 8, 2025\nSTO-24084PAY issues affecting ITP 20: Partial Discharge (PD) Testing.\". Jul 9, 2025\nSTO-24084PAY Routine testing on third 0.5MVA 6.6/0.433kV Dyn11 GNAN dry-type Jul 10, 2025\nSTO-24084PAY transformer Jul 11, 2025",
    "tJsonTraducido": null,
    "lFormato": false,
    "iMIdioma": 2,
    "iMDocumentoTipo": 1,
    "tSequentialNumber": null
  },
  "additional_data": {
    "mcomprobante_detalle": [
      {
        "nCantidad": 18.0,
        "tDescripcion": "REG-24084PAY 26439712 26439-100-1000",
        "nPrecioUnitario": 18.0,
        "nPrecioTotal": 18.0
      },
      {
        "nCantidad": 6.0,
        "tDescripcion": "STO-24084PAY 26439712 26439-100-1000",
        "nPrecioUnitario": 6.0,
        "nPrecioTotal": 6.0
      },
      {
        "nCantidad": 40.0,
        "tDescripcion": "REG-24084PAY 26439712 26439-100-4302",
        "nPrecioUnitario": 40.0,
        "nPrecioTotal": 40.0
      },
      {
        "nCantidad": 16.0,
        "tDescripcion": "STO-24084PAY 26439712 26439-100-4302",
        "nPrecioUnitario": 16.0,
        "nPrecioTotal": 16.0
      },
      {
        "nCantidad": 20.0,
        "tDescripcion": "REG-24084PAY 26439712 PSQ Support Trans",
        "nPrecioUnitario": 20.0,
        "nPrecioTotal": 20.0
      },
      {
        "nCantidad": 1.0,
        "tDescripcion": "Grand Total 100 11 11",
        "nPrecioUnitario": 12.0,
        "nPrecioTotal": 12.0,
        "_currency": "USD",
        "_source_line": 20,
        "_auto_extracted": true
      },
      {
        "nCantidad": 1.0,
        "tDescripcion": "Grand Total 100",
        "nPrecioUnitario": 11.0,
        "nPrecioTotal": 11.0,
        "_currency": "USD",
        "_source_line": 20,
        "_auto_extracted": true
      },
      {
        "nCantidad": 1.0,
        "tDescripcion": "Grand Total 100 11 11 12",
        "nPrecioUnitario": 10.0,
        "nPrecioTotal": 10.0,
        "_currency": "USD",
        "_source_line": 20,
        "_auto_extracted": true
      },
      {
        "nCantidad": 1.0,
        "tDescripcion": "Grand Total 100 11 11 12 10 10",
        "nPrecioUnitario": 8.0,
        "nPrecioTotal": 8.0,
        "_currency": "USD",
        "_source_line": 20,
        "_auto_extracted": true
      }
    ],
    "midioma": [
      {
        "iMIdioma": 2,
        "tIdioma": "Inglés"
      }
    ],
    "mdocumento_tipo": [
      {
        "iMDocumentoTipo": 1,
        "tTipo": "Comprobante"
      }
    ],
    "mdivisa": [
      {
        "tDivisa": "USD"
      }
    ],
    "mnaturaleza": [
      {
        "tNaturaleza": "Otro"
      }
    ],
    "mresumen": [],
    "mcomprobante": [],
    "mjornada": [],
    "mjornada_empleado": [],
    "mproveedor": [],
    "marchivo_tipo": [],
    "munidad_medida": []
  }
}