{
  "metadata": {
    "version": "1.0.0",
    "parser": "ExtractorOCR",
    "extraction_date": "2025-11-18T14:22:27.218434",
    "type": "structured",
    "email": "mariadelosangeles.abanto@newmont.com",
    "year": 2025,
    "month": "Octubre",
    "request_id": "eada6176-0aa0-4362-b8ab-f4f1b641fff8",
    "processed_at": "2025-11-18T14:25:11.827917",
    "api_version": "1.0.0",
    "periodo_id": "string"
  },
  "hoja": {
    "tJson": "BSQE\nBS0004\n天津容运出租汽车专用发票\nTIANJIN PASSENGER\nTAXI SPECIAL INVOICE\n发票联\nINVOICE\n代码112002060221\nINVOICE CODE\n号码 04472887\nINVOICE No.\n开票日期:2025年06月09日\nDATE\n本单位:\nSECTION\n税号:\n911201000\nTAX PAMER'S FILE N000133643\n电话:\nTEL\n车号:\nREGISTION MARK No\nΕ. 12873\n穿起止时间:\nTIME\n单价:\nINIT PRICE\n臺里程:\nKILOMETRE\n等候时间:\nWAITING TIME\n附加费:\nADDITIONAL FEE\n三金额:\nAMEKINT\n兰卡号:\nCARD No.\n多卡原额:\nCARD ORIGINAL SUM\n卡余额:\nCARSI BALANCE Th\n存\n根\n87092616\n07:56 08:59\n4.25ft/km\n42.0k.m\n00:08.00\n0.00元\n160.00元\n天津客运出租汽车专用发票\nMANTIN PASSENGER\nTAXI SPECIAL INVOICE\n发票联\nINVOICE\n代码112002060221\nINVOICE CODE\n号码 04520835\nINVOICE No.\n开票日期: 2025-06-09\nDATE\n【非单位:\nSECTION\n售税号:\n6003\n911204000\nTAX PAVER'S FILE NO000493877\n电话:\nTEL\n车号:\nSTUB\n天津客运出和汽车专用发票\nTIN PASSENGER\n发票勝\nPROCE\n代码112002060221\nINVOICE CODE\n号码 55008629\nINVOICE No.\n开票日期:2025年06月10日\nDATE\n津单位:\nSECTION\n88908890\n惩税号:\nREGISTION MARK No. E-30861\n起止时间17:45 18:48\nTIME\n单价:\nUNIT PRICE\n臺里程:\nKILOMETRE\n三等候时间:\n存\nWAITING TIME\n附加费:\nADDITIONAL FEE\n金额:\nAMINT\n卡号:\nCARD No.\n卡原额:\n4.25\n42.0\n00:08:00\n¥0.00\n¥160.00\n天津市客运出市\nCARD ORIGINAL SUN 2000\n卡余额:\nCARD BALANCE SOM\n存\n根\n2025-06-09\nTraveing to and from Tamz\n¥:320\n賣票专用章\nJ004\n911208000\nTAX PAYER'S FILE N000814704\n电话:\nTEL\n车号:\nREGISTION MARK No.\n穿起止时间:\nTIME\n机单价:\nTUNIT PRICE\n签里程:\nKILOMETRE\n等候时间:\nWAITING TIME\n附加费:\n87092616\nΕ. 10641\n至\n07:59 09:02\nADDITIONAL FEE\n金额:\nZAMOUNT\n存\n根\n卡号:\nCARD No.\n卡原额:\nメー\n4.25元/k\n42.0km\n00:08.00\nCARD ORIGINA SU00000\n卡余额:\nCARD BALANCE\n0.00元\n160.00元\n发票专用章\n天津农运出租汽车专用发票\nPLANJIN PASSENGER\nTAXI SPECIAL INVOICE\n发票联\nINVOICE\n代码112002060121\nINVOICE CODE\n号码 48318873\nIAVOICE No.\n开票日期:2025年06月10日\nDATE\n本单位:\nSECTION\n税号:\n911206000\nSTUR\n天津区出租汽车专用发票\nTLANJIN PASSENGER\nTAX SPECIAL TAYOIC\n发票賊\nINVOICE\n代码112002060221\nINVOICE CODE\n号码 32006589\nINVOICE No.\n开票日期: 2025-06-11\nDATE\n净单位:\nG004\nSECTION\n征税号:\n87092616\nTAX PAYER'S FILE N 000655075\n电话:\nTEL\n车号:\nREGISTION MARK No. E.22242\n穿起止时间:\nTIME\n单价:\nSUNIT PRICE\n签里程:\n手\nXILOMETRE\n三等候时间:\n存\n根\nWAITING TIME\n附加费:\nADDITIONAL FEE\n金额:\nAMOLINT\n卡号:\nCARD No.\n卡原额:\n주\n17:57 19:00\nCARD ORIGINAL SUNPOC\n卡余额:\nCARD BALANCE SUR\n4.25元/km\n42.0km\n00:08.00\n8.00元\n160.00元\n发票专用章\n2025-06-10\nTraveling to and from 12mmz\n¥:320\nP3\n911201000\nTAX PAYER'S FILE N№000124028\n电话:\nTEL\n车号:\nSTUB\n天津客运出租汽车专用发票\nTIANJIN PASSENGER\nTAXI SPECIAL INVOT INVOICE\n发票联\nINVOICE\n代码112002060221\nINVOICE CODE\n号码 04472712\nINVOICE No.\n开票日期:2025年06月11日\nDATE\n【单位:\nSECTION\n盐税号:\n88908890\n电话:\nBREGISTION MARK No. E-25201\n穿起止时间。\nTTME\n单价:\n机\nTUNIT PRICE\n登里程:\nKILOMETHE\n07:51 08:54\n鸟等候时间:\nWAITING TIME\n附加费:\nADDITIONAL FEE\n金额:\nANCUNT\n卡号:\nCARD No.\nJ005\n911205000\nTAX PROFILE N000505565\nTEL\n车号:\nREGISTION MARK No.\n87092616\nE.31081\n起止时间:17:58 19:01\n单价:\nFTIME\n4.25\n42.0\n00:08:00\n¥0.00\n¥160.00\n卡原额: 澤津市客运出\nCARD OREGINA STM 000000000000000\n卡余额:\n存\n根\nCARD BALANCE SU\n发票专用章\n这里程:\nEXTLOMETRE\n三等候时间:\n4.25元/km\nUNIT PRICE\n42.0km\n00:08.00\n0.00元\nWAITING TIME\n附加费:\nASDITIONAL, FEE\n金额:\nANCUNT\n卡号:\nCAND No.\n卡原毅:\n160.00元\n出\nCARD ORIGINAL SUM000000000000000\n卡余额:\n存\nCARD BALANCE SI\n2025-06-11\nTraveing to and from TRANG\n¥:320\nPage 3 of 8",
    "tJsonTraducido": null,
    "lFormato": false,
    "iMIdioma": 5,
    "iMDocumentoTipo": 1,
    "tSequentialNumber": "BS0004"
  },
  "additional_data": {
    "mcomprobante": [
      {
        "_stamp_name": "BSQE",
        "_sequential_number": "BS0004",
        "tNumero": "CODE",
        "tSerie": null,
        "tCliente": null
      }
    ],
    "mcomprobante_detalle": [
      {
        "nCantidad": 1.0,
        "tDescripcion": "42.0k.m",
        "nPrecioUnitario": 160.0,
        "nPrecioTotal": 160.0
      },
      {
        "nCantidad": 1.0,
        "tDescripcion": "42.0",
        "nPrecioUnitario": 160.0,
        "nPrecioTotal": 160.0
      },
      {
        "nCantidad": 1.0,
        "tDescripcion": "42.0km",
        "nPrecioUnitario": 160.0,
        "nPrecioTotal": 160.0
      },
      {
        "nCantidad": 1.0,
        "tDescripcion": "42.0km",
        "nPrecioUnitario": 160.0,
        "nPrecioTotal": 160.0
      },
      {
        "nCantidad": 1.0,
        "tDescripcion": "42.0km",
        "nPrecioUnitario": 160.0,
        "nPrecioTotal": 160.0
      },
      {
        "nCantidad": 1.0,
        "tDescripcion": "00:",
        "nPrecioUnitario": 8.0,
        "nPrecioTotal": 8.0,
        "_currency": "USD",
        "_source_line": 48,
        "_auto_extracted": true
      }
    ],
    "midioma": [
      {
        "iMIdioma": 5,
        "tIdioma": "Chino"
      }
    ],
    "mdocumento_tipo": [
      {
        "iMDocumentoTipo": 1,
        "tTipo": "Comprobante"
      }
    ],
    "mdivisa": [
      {
        "tDivisa": "CNY"
      }
    ],
    "mnaturaleza": [
      {
        "tNaturaleza": "Otro"
      }
    ],
    "mproveedor": [
      {
        "tRazonSocial": "TIANJIN PASSENGER"
      }
    ],
    "mresumen": [],
    "mjornada": [],
    "mjornada_empleado": [],
    "marchivo_tipo": [],
    "munidad_medida": []
  }
}