{
  "metadata": {
    "version": "1.0.0",
    "parser": "ExtractorOCR",
    "extraction_date": "2025-11-18T14:20:28.489459",
    "type": "structured",
    "email": "mariadelosangeles.abanto@newmont.com",
    "year": 2025,
    "month": "Octubre",
    "request_id": "eada6176-0aa0-4362-b8ab-f4f1b641fff8",
    "processed_at": "2025-11-18T14:25:11.827917",
    "api_version": "1.0.0",
    "periodo_id": "string"
  },
  "hoja": {
    "tJson": "BSQE\nBS0002\nHawk\nINTERNATIONAL\nBBS ND REVD 09 JUL 2025\nBechtel Supplier Quality & Expediting Inc.\n300 Post Oak Blvd MS75\nHouston,\nTexas 77056\nAttn.: Semien Alejandro\nFATTURA NO.:\nINVOICE No.\n333/25\nMILANO 30-06-25\nContract no 446477\nProject no. 26443\nYanacocha AWTP Onshore\nMidscale Train 8&9\nBS0002\nServizi resi dalle nostre risorse nel mese di giugno 2025 - SPESE\nServices rendered by our resources in June 2025 - EXPENSES\n(vedi allegato/see spreadsheet here attached)\nTotale complessivo in USD $ $ 120.60\nTotal amount due in USD $\nStamp duty excl art. 15 DPR 633/1972 (€ 2,00) $ 2.34\nTOTAL $ 122.94\nTotal amount in Euro: 104.94\n1€ = US $1.17159\nNOTE: Euro amount shown for internal administrative purpose only\nOperazione non territoriale ai sensi dell'art. 7-ter co. 1/a del DPR 633/72\nExtra territorial service, V.A.T. exempt as per art. 7- ter par. 1/a of DPR 633/72\nPagamento/Payment: 60 days\nNEW BANK CODES Effective 26 November 2018\nIBAN IT89 C 05034 01691 USD 181000165\nSWIFT BAPPIT21371\nHawk International Srl | Via Spontini 1 | 20131 Milan, Italy |\nPh. +39 02 20404924 Fax +39 02 20409016. Cod. Fisc./Part. IVA 03355410964",
    "tJsonTraducido": null,
    "lFormato": false,
    "iMIdioma": 3,
    "iMDocumentoTipo": 1,
    "tSequentialNumber": "BS0002"
  },
  "additional_data": {
    "mcomprobante": [
      {
        "_stamp_name": "BSQE",
        "_sequential_number": "BS0002",
        "tNumero": "INVOICE",
        "tSerie": "446477",
        "fEmision": "30-06-25",
        "nPrecioTotal": 122.94,
        "tCliente": "Semien Alejandro"
      }
    ],
    "midioma": [
      {
        "iMIdioma": 3,
        "tIdioma": "Italiano"
      }
    ],
    "mdocumento_tipo": [
      {
        "iMDocumentoTipo": 1,
        "tTipo": "Comprobante"
      }
    ],
    "mdivisa": [
      {
        "tDivisa": "USD"
      }
    ],
    "mnaturaleza": [
      {
        "tNaturaleza": "Otro"
      }
    ],
    "mproveedor": [
      {
        "tRazonSocial": "BSQE\nBS"
      }
    ],
    "mcomprobante_detalle": [
      {
        "nCantidad": 1.0,
        "tDescripcion": "TOTAL",
        "nPrecioUnitario": 122.94,
        "nPrecioTotal": 122.94,
        "_currency": "$",
        "_source_line": 26,
        "_auto_extracted": true
      },
      {
        "nCantidad": 1.0,
        "tDescripcion": "TOTAL $",
        "nPrecioUnitario": 122.94,
        "nPrecioTotal": 122.94,
        "_currency": "USD",
        "_source_line": 26,
        "_auto_extracted": true
      },
      {
        "nCantidad": 1.0,
        "tDescripcion": "TOTAL",
        "nPrecioUnitario": 122.0,
        "nPrecioTotal": 122.0,
        "_currency": "$",
        "_source_line": 26,
        "_auto_extracted": true
      },
      {
        "nCantidad": 1.0,
        "tDescripcion": "Totale complessivo in USD $",
        "nPrecioUnitario": 120.6,
        "nPrecioTotal": 120.6,
        "_currency": "$",
        "_source_line": 23,
        "_auto_extracted": true
      },
      {
        "nCantidad": 1.0,
        "tDescripcion": "Totale complessivo in USD $ $",
        "nPrecioUnitario": 120.6,
        "nPrecioTotal": 120.6,
        "_currency": "USD",
        "_source_line": 23,
        "_auto_extracted": true
      },
      {
        "nCantidad": 1.0,
        "tDescripcion": "Totale complessivo in USD $",
        "nPrecioUnitario": 120.0,
        "nPrecioTotal": 120.0,
        "_currency": "$",
        "_source_line": 23,
        "_auto_extracted": true
      },
      {
        "nCantidad": 1.0,
        "tDescripcion": "Total amount in Euro:",
        "nPrecioUnitario": 104.94,
        "nPrecioTotal": 104.94,
        "_currency": "USD",
        "_source_line": 27,
        "_auto_extracted": true
      },
      {
        "nCantidad": 1.0,
        "tDescripcion": "TOTAL .",
        "nPrecioUnitario": 94.0,
        "nPrecioTotal": 94.0,
        "_currency": "USD",
        "_source_line": 26,
        "_auto_extracted": true
      },
      {
        "nCantidad": 1.0,
        "tDescripcion": "Totale complessivo in USD $ .",
        "nPrecioUnitario": 60.0,
        "nPrecioTotal": 60.0,
        "_currency": "USD",
        "_source_line": 23,
        "_auto_extracted": true
      },
      {
        "nCantidad": 1.0,
        "tDescripcion": "Stamp duty excl art. 15 DPR 633/1972 (€ 2,00) .",
        "nPrecioUnitario": 34.0,
        "nPrecioTotal": 34.0,
        "_currency": "USD",
        "_source_line": 25,
        "_auto_extracted": true
      },
      {
        "nCantidad": 1.0,
        "tDescripcion": "Stamp duty excl art.",
        "nPrecioUnitario": 15.0,
        "nPrecioTotal": 15.0,
        "_currency": "USD",
        "_source_line": 25,
        "_auto_extracted": true
      },
      {
        "nCantidad": 1.0,
        "tDescripcion": "Stamp duty excl art. 15 DPR 633/1972 (€ 2,00)",
        "nPrecioUnitario": 2.34,
        "nPrecioTotal": 2.34,
        "_currency": "$",
        "_source_line": 25,
        "_auto_extracted": true
      },
      {
        "nCantidad": 1.0,
        "tDescripcion": "Stamp duty excl art. 15 DPR 633/1972 (€ 2,00)",
        "nPrecioUnitario": 2.0,
        "nPrecioTotal": 2.0,
        "_currency": "$",
        "_source_line": 25,
        "_auto_extracted": true
      },
      {
        "nCantidad": 1.0,
        "tDescripcion": "Stamp duty excl art. 15 DPR 633/1972 (€",
        "nPrecioUnitario": 2.0,
        "nPrecioTotal": 2.0,
        "_currency": "USD",
        "_source_line": 25,
        "_auto_extracted": true
      },
      {
        "nCantidad": 1.0,
        "tDescripcion": "1€ = US",
        "nPrecioUnitario": 1.17,
        "nPrecioTotal": 1.17,
        "_currency": "$",
        "_source_line": 28,
        "_auto_extracted": true
      },
      {
        "nCantidad": 1.0,
        "tDescripcion": "1€ = US",
        "nPrecioUnitario": 1.0,
        "nPrecioTotal": 1.0,
        "_currency": "$",
        "_source_line": 28,
        "_auto_extracted": true
      },
      {
        "nCantidad": 1.0,
        "tDescripcion": "1€ = US 159",
        "nPrecioUnitario": 1.0,
        "nPrecioTotal": 1.0,
        "_currency": "USD",
        "_source_line": 28,
        "_auto_extracted": true
      }
    ],
    "mresumen": [],
    "mjornada": [],
    "mjornada_empleado": [],
    "marchivo_tipo": [],
    "munidad_medida": []
  }
}