{
  "metadata": {
    "version": "1.0.0",
    "parser": "ExtractorOCR",
    "extraction_date": "2025-11-18T14:22:35.831588",
    "type": "structured",
    "email": "mariadelosangeles.abanto@newmont.com",
    "year": 2025,
    "month": "Octubre",
    "request_id": "eada6176-0aa0-4362-b8ab-f4f1b641fff8",
    "processed_at": "2025-11-18T14:25:11.827917",
    "api_version": "1.0.0",
    "periodo_id": "string"
  },
  "hoja": {
    "tJson": "BSQE\nBS0004\n天津客运出租汽车专用发票\nTIANJIN PASSENGER\nTAXI SPECIAL INVOICE\n发票联\nINVOICE\n代码112002060221\nINVOICE CODE\n号码 04520758\nINVOICE No.\n开票日期:2025年06月17日\nDATE\n单位: 05\nSECTION\n税号: 911208000\nTAX HAVER'S FILE N000895792\n电话: 87092616\nTEL\n车号: E.24342\nREGISTION MARK No.\n穿起止时间: 07:49 08:52\nTIME\n单价: 4.25元/km\nTUNIT PRICE\n签里程: 42.0km\nKILOMETRE\n等候时间: 00:08:00\nWAITING TIME\n附加费: 0.00元\nADDITIONAL FEE\n金额: ¥160.00\nAMOUNT\n卡号:\nCARD No.\n卡原额:\nCARD ORIGINAL S\n卡余额:\nCARD BALANCE SUM\n天津市客运出租\n发票专用章\n2025-06-17\nFracing to and from 72mmz\n¥:320\n天津客运出租汽车专用发票\nTANTIN PASSENGER\nTAXI SPECIAL INVOICE\n发票联\nINVOTCE\n代码112002060221\nINVOICE CODE\n号码 21566134\nINVOICE No.\n开票日期: 2025-06-17\nDATE\n单位: 6001\nSECTION\n普税号: 911207000\nTAX PAYER'S FILE N000711423\n电话: 88908890\nTEL\n车号: E-20447\nREGISTION MARK No.\n『起止时间17:59 19:02\nTIME\n机单价: 4.25\nUNIT PRICE\n签里程: 42.0\nKILOMETRE\n等候时间: 00:08.00\nRATTING TIME\n附加费: ¥0.00\nADDITIONAL FRE\n金额: ¥160.00\nAMAINT\n卡号:\nCARD No.\n卡原额:\n天津市客运出租\nCARD ORIGINAL SUM 000000000000000000\n卡余额:\nCARD BALANCE SUR\n发票专用章\n天津客运出租汽车专用发票\nTHANTIN PASSENGER\nTAXI SPECIAL INVOICE\n发票联\nINVOICE\n代码112002060121\nINVOICE CODE\n号码 86676563\nINVOICE No.\n开票日期:2025年06月18日\nDATE\n中单位: 0\nSECTION\n無税号: 911202000\nTAX PAYER'S FILE N№000204842\n电话: 87092616\nTEL\n车号: Ε. 29968\nREGISTION MARK No.\n穿起止时间: 17:53 18:56\nTIME\n机单价: 4.25/km\nUNIT PRICR\n登里程: 42.0km\nKILOMETRE\n李等候时间: 00:08.00\nWAITING TIME\n附加费: 0.00元\nADDITIONAL FEE\n金额: 160.00元\nANOLINT\n卡号:\nCARD No.\n卡原额:\nCARD ORIGINAL SUM\n卡余额:\nCARD BALANCE SOM\n2025-06-18\nTroveing to and from TIME\n¥:320\nP5\n天津电气专用发票 天津家运出租汽车专用发票\nAJIN PASSENGER\n发票联\nINVOICE\n代码112002060221\nINVOICE CODE\n号码 55008633\nINVOICE No.\n开票日期: 2025-06-19\nDATE\n建单位: G002\nSECTION\n蟹税号: 911208000\nTAX PAYER'S FILE No. 000882529\n亲电话:\n手写元\nTAND WRITIN\nTEL\n车号:\nLANJIN PASSENGER\nTAXI SPECIAL INVOICE\n发票联\nINVOICE\n代码112002060221\nINVOICE CODE\n号码 04472716\nINVOICE No.\n开票日期:2025年06月19日\nDATE\n準单位: J004\n911205000\nTAX PAMIE'S FILE N000584470\nSECTION\n售税号:\n88908890\nREGISTION MARK No. E-11356\n管起止时间: 07:40 08:43\nTIME\n单价: 4.25\nUNIT PRICE\n里程: 42.0\nKILOMETRE\n等候时间: 00:08:00\nWAITING TIME\n附加费: ¥0.00\nADDITIONAL FEE\n金額: ¥160.00\nAMOUNT\n兰卡号:\n津市客运出\nCARD ORIGINA SUM 000000000000000000\n卡余额:\nCARD BALANCE SU\n发票专用章\n电话:\nATEL\n车号:\nBEATSTION MARK No.\n穿起止时间:\nTIME\n单价:\nUNIT PRICE\n签里程:\nEXILOMETRE\n等候时间:\nWALTING TIME\n附加费:\nEANG BRITE\n87092616\nΕ. 25468\n17:53 18:56\nADDITIONAL FEE\n金额:\nAMOUNT\n卡号:\nCARD No.\n卡原额:\n4.25元/km\n42.0km\n00:08.00\n0.00元\n160.00元\nCARD ORIGINAL SOUL000000014\n卡余额:\nCABALANCE SO\n2025-06-19\nTraveny to and from T2MG\n¥:320\nPage 5 of 8",
    "tJsonTraducido": null,
    "lFormato": false,
    "iMIdioma": 5,
    "iMDocumentoTipo": 1,
    "tSequentialNumber": "BS0004"
  },
  "additional_data": {
    "mcomprobante": [
      {
        "_stamp_name": "BSQE",
        "_sequential_number": "BS0004",
        "tNumero": "CODE",
        "tSerie": null,
        "tCliente": null
      }
    ],
    "mcomprobante_detalle": [
      {
        "nCantidad": 1.0,
        "tDescripcion": "KILOMETRE",
        "nPrecioUnitario": 160.0,
        "nPrecioTotal": 160.0
      },
      {
        "nCantidad": 1.0,
        "tDescripcion": "KILOMETRE",
        "nPrecioUnitario": 160.0,
        "nPrecioTotal": 160.0
      },
      {
        "nCantidad": 1.0,
        "tDescripcion": "KILOMETRE",
        "nPrecioUnitario": 160.0,
        "nPrecioTotal": 160.0
      },
      {
        "nCantidad": 1.0,
        "tDescripcion": "KILOMETRE",
        "nPrecioUnitario": 160.0,
        "nPrecioTotal": 160.0
      },
      {
        "nCantidad": 1.0,
        "tDescripcion": "KILOMETRE",
        "nPrecioUnitario": 160.0,
        "nPrecioTotal": 160.0
      },
      {
        "nCantidad": 1.0,
        "tDescripcion": "等候时间: 00:",
        "nPrecioUnitario": 8.0,
        "nPrecioTotal": 8.0,
        "_currency": "USD",
        "_source_line": 70,
        "_auto_extracted": true
      }
    ],
    "midioma": [
      {
        "iMIdioma": 5,
        "tIdioma": "Chino"
      }
    ],
    "mdocumento_tipo": [
      {
        "iMDocumentoTipo": 1,
        "tTipo": "Comprobante"
      }
    ],
    "mdivisa": [
      {
        "tDivisa": "CNY"
      }
    ],
    "mnaturaleza": [
      {
        "tNaturaleza": "Otro"
      }
    ],
    "mproveedor": [
      {
        "tRazonSocial": "TIANJIN PASSENGER"
      }
    ],
    "mresumen": [],
    "mjornada": [],
    "mjornada_empleado": [],
    "marchivo_tipo": [],
    "munidad_medida": []
  }
}