{
  "metadata": {
    "version": "1.0.0",
    "parser": "ExtractorOCR",
    "extraction_date": "2025-11-18T14:20:34.412983",
    "type": "structured",
    "email": "mariadelosangeles.abanto@newmont.com",
    "year": 2025,
    "month": "Octubre",
    "request_id": "eada6176-0aa0-4362-b8ab-f4f1b641fff8",
    "processed_at": "2025-11-18T14:25:11.827917",
    "api_version": "1.0.0",
    "periodo_id": "string"
  },
  "hoja": {
    "tJson": "Sharda, Sameeksha\nBSQE\nBS0002\nFrom: Gloria Checcarelli <gloria@hawkpros.com>\nSent: Wednesday, July 9, 2025 5:45 PM\nTo: Bechtel Accounts Payable Invoices\nCc: Semien, Alejandro\nSubject: June 2025 invoices\nAttachments: Bechtel inv 330-25.pdf; Bechtel inv 331-25.pdf; Bechtel inv 332-25.pdf; Bechtel inv\n333-25.pdf; Bechtel inv 334-25.pdf; Bechtel inv 335-25.pdf; Bechtel inv 336-25.pdf;\nBechtel inv 337-25.pdf; Bechtel inv 338-25.pdf; Bechtel inv 339-25.pdf; Bechtel inv\n340-25.pdf; Bechtel inv 341-25.pdf; Bechtel inv 342-25.pdf; Bechtel inv 343-25.pdf;\nBechtel inv 344-25.pdf; Bechtel inv 345-25.pdf; Bechtel inv 346-25.pdf; Bechtel inv\n347-25.pdf; Bechtel inv 348-25.pdf; Bechtel inv 349-25.pdf; Bechtel inv 350-25.pdf;\nBechtel inv 351-25.pdf; Bechtel inv 352-25.pdf; Bechtel inv 353-25.pdf; Bechtel inv\n354-25.pdf; Bechtel inv 355-25.pdf; Bechtel inv 356-25.pdf; Bechtel inv 357-25.pdf;\nBechtel inv 358-25.pdf; Bechtel inv 359-25.pdf; Bechtel inv 360-25.pdf; Bechtel inv\n361-25.pdf; Bechtel inv 362-25.pdf; Bechtel inv 363-25.pdf; Bechtel inv 364-25.pdf;\nBechtel inv 365-25.pdf; Bechtel inv 366-25 1 of 2.pdf; Bechtel inv 366-25 2 of 2.pdf;\nBechtel inv 367-25.pdf; Bechtel inv 368-25.pdf; Bechtel inv 369-25.pdf; Bechtel inv\n370-25.pdf; Bechtel inv 371-25.pdf; Bechtel inv 372-25.pdf; Bechtel inv 373-25.pdf;\nBechtel inv 374-25.pdf; Bechtel inv 375-25.pdf; Bechtel inv 376-25.pdf; Bechtel inv\n377-25.pdf; Bechtel inv 378-25.pdf; Bechtel inv 379-25.pdf; Bechtel inv 380-25.pdf;\nBechtel inv 381-25.pdf; Bechtel inv 382-25.pdf; Bechtel inv 383-25.pdf; Bechtel inv\n384-25.pdf; Bechtel inv 385-25.pdf; Bechtel inv 386-25.pdf; Bechtel inv 387-25.pdf\nThis Email Originated Outside of Bechtel\nCaution: Do not click links or open attachments unless you recognize the sender and know the content is safe.\nThis is to transmit the following invoices for your kind review/approval:\n• Bechtel inv 330/25 Copperton -Labor\n• Bechtel inv 331/25 Copperton -Expenses\n• Bechtel inv 332/25 Yanacocha AWTP -Labor\n• Bechtel inv 333/25 Yanacocha AWTP -Expenses\n• Bechtel inv 334/25 Yanacocha AWTP Asia -Labor\n• Bechtel inv 335/25 Yanacocha AWTP Asia - Expenses\n• Bechtel inv 336/25 Mammoth South -Labor\n• Bechtel inv 337/25 Mammoth South -Expenses\n• Bechtel inv 338/25 Sabine PSS-Labor\n• Bechtel inv 339/25 Sabine PSS-Expenses\n• Bechtel inv 340/25 Parker Point -Labor\n• Bechtel inv 341/25 Parker Point -Expenses\n• Bechtel inv 342/25 Thacker Pass -Labor\n• Bechtel inv 343/25 Thacker Pass -Expenses\n• Bechtel inv 344/25 CPC Thaichung -Labor\n• Bechtel inv 345/25 CPC Thaichung -Expenses\n• Bechtel inv 346/25 Corpus BOG6 USA -Labor\n1",
    "tJsonTraducido": null,
    "lFormato": false,
    "iMIdioma": 2,
    "iMDocumentoTipo": 1,
    "tSequentialNumber": "BS0002"
  },
  "additional_data": {
    "mcomprobante": [
      {
        "_stamp_name": "BSQE",
        "_sequential_number": "BS0002",
        "tNumero": null,
        "tSerie": null,
        "tCliente": null
      }
    ],
    "mcomprobante_detalle": [
      {
        "nCantidad": 1.0,
        "tDescripcion": "Bechtel inv 330/25 Copperton -Labor",
        "nPrecioUnitario": 1.0,
        "nPrecioTotal": 1.0
      },
      {
        "nCantidad": 1.0,
        "tDescripcion": "Bechtel inv 331/25 Copperton -Expenses",
        "nPrecioUnitario": 1.0,
        "nPrecioTotal": 1.0
      },
      {
        "nCantidad": 1.0,
        "tDescripcion": "Bechtel inv 332/25 Yanacocha AWTP -Labor",
        "nPrecioUnitario": 1.0,
        "nPrecioTotal": 1.0
      },
      {
        "nCantidad": 1.0,
        "tDescripcion": "Bechtel inv 333/25 Yanacocha AWTP -Expenses",
        "nPrecioUnitario": 1.0,
        "nPrecioTotal": 1.0
      },
      {
        "nCantidad": 1.0,
        "tDescripcion": "Bechtel inv 334/25 Yanacocha AWTP Asia -Labor",
        "nPrecioUnitario": 1.0,
        "nPrecioTotal": 1.0
      },
      {
        "nCantidad": 1.0,
        "tDescripcion": "Bechtel inv 335/25 Yanacocha AWTP Asia - Expenses",
        "nPrecioUnitario": 1.0,
        "nPrecioTotal": 1.0
      },
      {
        "nCantidad": 1.0,
        "tDescripcion": "Bechtel inv 336/25 Mammoth South -Labor",
        "nPrecioUnitario": 1.0,
        "nPrecioTotal": 1.0
      },
      {
        "nCantidad": 1.0,
        "tDescripcion": "Bechtel inv 337/25 Mammoth South -Expenses",
        "nPrecioUnitario": 1.0,
        "nPrecioTotal": 1.0
      },
      {
        "nCantidad": 1.0,
        "tDescripcion": "Bechtel inv 338/25 Sabine PSS-Labor",
        "nPrecioUnitario": 1.0,
        "nPrecioTotal": 1.0
      },
      {
        "nCantidad": 1.0,
        "tDescripcion": "Bechtel inv 339/25 Sabine PSS-Expenses",
        "nPrecioUnitario": 1.0,
        "nPrecioTotal": 1.0
      },
      {
        "nCantidad": 1.0,
        "tDescripcion": "Bechtel inv 340/25 Parker Point -Labor",
        "nPrecioUnitario": 1.0,
        "nPrecioTotal": 1.0
      },
      {
        "nCantidad": 1.0,
        "tDescripcion": "Bechtel inv 341/25 Parker Point -Expenses",
        "nPrecioUnitario": 1.0,
        "nPrecioTotal": 1.0
      },
      {
        "nCantidad": 1.0,
        "tDescripcion": "Bechtel inv 342/25 Thacker Pass -Labor",
        "nPrecioUnitario": 1.0,
        "nPrecioTotal": 1.0
      },
      {
        "nCantidad": 1.0,
        "tDescripcion": "Bechtel inv 343/25 Thacker Pass -Expenses",
        "nPrecioUnitario": 1.0,
        "nPrecioTotal": 1.0
      },
      {
        "nCantidad": 1.0,
        "tDescripcion": "Bechtel inv 344/25 CPC Thaichung -Labor",
        "nPrecioUnitario": 1.0,
        "nPrecioTotal": 1.0
      },
      {
        "nCantidad": 1.0,
        "tDescripcion": "Bechtel inv 345/25 CPC Thaichung -Expenses",
        "nPrecioUnitario": 1.0,
        "nPrecioTotal": 1.0
      },
      {
        "nCantidad": 1.0,
        "tDescripcion": "Bechtel inv 346/25 Corpus BOG6 USA -Labor",
        "nPrecioUnitario": 1.0,
        "nPrecioTotal": 1.0
      }
    ],
    "midioma": [
      {
        "iMIdioma": 2,
        "tIdioma": "Inglés"
      }
    ],
    "mdocumento_tipo": [
      {
        "iMDocumentoTipo": 1,
        "tTipo": "Comprobante"
      }
    ],
    "mnaturaleza": [
      {
        "tNaturaleza": "Otro"
      }
    ],
    "mproveedor": [
      {
        "tRazonSocial": "os.com"
      }
    ],
    "mresumen": [],
    "mjornada": [],
    "mjornada_empleado": [],
    "marchivo_tipo": [],
    "mdivisa": [],
    "munidad_medida": []
  }
}