{
  "metadata": {
    "version": "1.0.0",
    "parser": "ExtractorOCR",
    "extraction_date": "2025-11-18T14:21:32.400985",
    "type": "structured",
    "email": "mariadelosangeles.abanto@newmont.com",
    "year": 2025,
    "month": "Octubre",
    "request_id": "eada6176-0aa0-4362-b8ab-f4f1b641fff8",
    "processed_at": "2025-11-18T14:25:11.827917",
    "api_version": "1.0.0",
    "periodo_id": "string"
  },
  "hoja": {
    "tJson": "BSQE\nBS0003\nMEAL\nNASI KANDAR JAMAL MOHD\nREG.NO.:T876544-V\nJALAN KG BENGGALI,12000\nBUTTERWORTH, PG 0002818.\nTEL:017 5822311,012 4258623\nSERV. TAX NO.:P13180831014597\nPRICE SUB TO SERV TAX\nINVOICE\nTAXNO. :700887\nTABLENO :23\nTRAN NO :813876\nDATE :29/Jun/2025 21:24:56\n1 Teh Panas 1.80 -T\n1 Nasi Kandar 10.00 -T\n1 Mee Goreng 6.00 -T\n1 Air Suam .40 -T\nTOTAL : RM 18.20\nSERV. TAX 6% : RM 1.09 USD\nROUNDING : RM 0.01\nNET TOTAL C: RM 19.30 470\nCASH : RM 50.00\nCHANGE : RM 30.70\nSTAFF:ADMIN\nTHANK YOU COME AGAIN",
    "tJsonTraducido": null,
    "lFormato": false,
    "iMIdioma": 2,
    "iMDocumentoTipo": 1,
    "tSequentialNumber": "BS0003"
  },
  "additional_data": {
    "mcomprobante": [
      {
        "_stamp_name": "BSQE",
        "_sequential_number": "BS0003",
        "tNumero": "TAXNO",
        "tSerie": null,
        "tCliente": null
      }
    ],
    "mcomprobante_detalle": [
      {
        "nCantidad": 1.0,
        "tDescripcion": "Teh Panas",
        "nPrecioUnitario": 1.8,
        "nPrecioTotal": 1.8
      },
      {
        "nCantidad": 1.0,
        "tDescripcion": "Nasi Kandar",
        "nPrecioUnitario": 10.0,
        "nPrecioTotal": 10.0
      },
      {
        "nCantidad": 1.0,
        "tDescripcion": "Mee Goreng",
        "nPrecioUnitario": 6.0,
        "nPrecioTotal": 6.0
      },
      {
        "nCantidad": 1.0,
        "tDescripcion": "Air Suam",
        "nPrecioUnitario": 0.4,
        "nPrecioTotal": 0.4
      },
      {
        "nCantidad": 1.0,
        "tDescripcion": "CASH : RM",
        "nPrecioUnitario": 50.0,
        "nPrecioTotal": 50.0,
        "_currency": "USD",
        "_source_line": 24,
        "_auto_extracted": true
      },
      {
        "nCantidad": 1.0,
        "tDescripcion": "CHANGE : RM",
        "nPrecioUnitario": 30.7,
        "nPrecioTotal": 30.7,
        "_currency": "USD",
        "_source_line": 25,
        "_auto_extracted": true
      },
      {
        "nCantidad": 1.0,
        "tDescripcion": "NET TOTAL C: RM 19.",
        "nPrecioUnitario": 30.0,
        "nPrecioTotal": 30.0,
        "_currency": "USD",
        "_source_line": 23,
        "_auto_extracted": true
      },
      {
        "nCantidad": 1.0,
        "tDescripcion": "TOTAL : RM 18.",
        "nPrecioUnitario": 20.0,
        "nPrecioTotal": 20.0,
        "_currency": "USD",
        "_source_line": 20,
        "_auto_extracted": true
      },
      {
        "nCantidad": 1.0,
        "tDescripcion": "NET TOTAL C: RM",
        "nPrecioUnitario": 19.3,
        "nPrecioTotal": 19.3,
        "_currency": "USD",
        "_source_line": 23,
        "_auto_extracted": true
      },
      {
        "nCantidad": 1.0,
        "tDescripcion": "NET TOTAL C: RM",
        "nPrecioUnitario": 19.0,
        "nPrecioTotal": 19.0,
        "_currency": "USD",
        "_source_line": 23,
        "_auto_extracted": true
      },
      {
        "nCantidad": 1.0,
        "tDescripcion": "TOTAL : RM",
        "nPrecioUnitario": 18.2,
        "nPrecioTotal": 18.2,
        "_currency": "USD",
        "_source_line": 20,
        "_auto_extracted": true
      },
      {
        "nCantidad": 1.0,
        "tDescripcion": "TOTAL : RM",
        "nPrecioUnitario": 18.0,
        "nPrecioTotal": 18.0,
        "_currency": "USD",
        "_source_line": 20,
        "_auto_extracted": true
      }
    ],
    "midioma": [
      {
        "iMIdioma": 2,
        "tIdioma": "Inglés"
      }
    ],
    "mdocumento_tipo": [
      {
        "iMDocumentoTipo": 1,
        "tTipo": "Comprobante"
      }
    ],
    "mdivisa": [
      {
        "tDivisa": "RM"
      },
      {
        "tDivisa": "USD"
      }
    ],
    "mnaturaleza": [
      {
        "tNaturaleza": "Alimentación"
      }
    ],
    "mproveedor": [
      {
        "tRazonSocial": "NASI KANDAR JAMAL MOHD"
      }
    ],
    "mresumen": [],
    "mjornada": [],
    "mjornada_empleado": [],
    "marchivo_tipo": [],
    "munidad_medida": []
  }
}