{
  "metadata": {
    "version": "1.0.0",
    "parser": "ExtractorOCR",
    "extraction_date": "2025-11-18T14:20:46.682787",
    "type": "structured",
    "email": "mariadelosangeles.abanto@newmont.com",
    "year": 2025,
    "month": "Octubre",
    "request_id": "eada6176-0aa0-4362-b8ab-f4f1b641fff8",
    "processed_at": "2025-11-18T14:25:11.827917",
    "api_version": "1.0.0",
    "periodo_id": "string"
  },
  "hoja": {
    "tJson": "BSQE\nBS0003\nM/s\nMEAL\n日期\nTarikh 10/6/2025 CASH/INVOICE\n号 数量 摘要 价目 银额\nNO. KUANTITI JENIS BARANG-BARANG HARGA JUMLAH (RM)\n1 25.50\n2\n3\n4\n5\n6\n7\n8\n9 USD6.20\nNO. 2972 总计 25.50\nJUMLAH RM Standard\nTERIMA OLEH收貨人 DISAHKAN OLEH 经手人",
    "tJsonTraducido": null,
    "lFormato": false,
    "iMIdioma": 5,
    "iMDocumentoTipo": 1,
    "tSequentialNumber": "BS0003"
  },
  "additional_data": {
    "mcomprobante": [
      {
        "_stamp_name": "BSQE",
        "_sequential_number": "BS0003",
        "tNumero": "2972",
        "tSerie": null,
        "fEmision": "10/6/2025",
        "nPrecioTotal": 25.5,
        "tCliente": null
      }
    ],
    "mcomprobante_detalle": [
      {
        "nCantidad": 1.0,
        "tDescripcion": "Item 9 (USD)",
        "nPrecioUnitario": 6.2,
        "nPrecioTotal": 6.2
      },
      {
        "nCantidad": 1.0,
        "tDescripcion": "USD6.20",
        "nPrecioUnitario": 25.5,
        "nPrecioTotal": 25.5
      },
      {
        "nCantidad": 1.0,
        "tDescripcion": "9",
        "nPrecioUnitario": 6.0,
        "nPrecioTotal": 6.0,
        "_currency": "USD",
        "_source_line": 17,
        "_auto_extracted": true
      }
    ],
    "midioma": [
      {
        "iMIdioma": 5,
        "tIdioma": "Chino"
      }
    ],
    "mdocumento_tipo": [
      {
        "iMDocumentoTipo": 1,
        "tTipo": "Comprobante"
      }
    ],
    "mdivisa": [
      {
        "tDivisa": "RM"
      },
      {
        "tDivisa": "USD"
      }
    ],
    "mnaturaleza": [
      {
        "tNaturaleza": "Alimentación"
      }
    ],
    "mproveedor": [
      {
        "tRazonSocial": "NO. KUANTITI JENIS BARANG"
      }
    ],
    "mresumen": [],
    "mjornada": [],
    "mjornada_empleado": [],
    "marchivo_tipo": [],
    "munidad_medida": []
  }
}