{
  "metadata": {
    "version": "1.0.0",
    "parser": "ExtractorOCR",
    "extraction_date": "2025-11-18T14:22:09.169750",
    "type": "structured",
    "email": "mariadelosangeles.abanto@newmont.com",
    "year": 2025,
    "month": "Octubre",
    "request_id": "eada6176-0aa0-4362-b8ab-f4f1b641fff8",
    "processed_at": "2025-11-18T14:25:11.827917",
    "api_version": "1.0.0",
    "periodo_id": "string"
  },
  "hoja": {
    "tJson": "BSQE\nBS0004\nSGS-CSTC Standards Technical Service., Ltd. Shanghai Branch\nProject Monthly Expense\nMonth: Jun-25\nSQR/AEX:Herbert Fan\nDate Assignment No. Charge No. Report No. Country Type of Activity Type Kilometer Transportation (USD) Amount Hotel (USD) Total (USD)\n1\n2\n3 26443-220-YZA-MLGT-1A001 26443-223 26443-220-YQA-MLGT-1A029 China SQR Taxi ¥332.00 ¥250.00 $89.54\n4 26443-220-YZA-MLGT-1A001 26443-223 26443-220-YQA-MLGT-1A029 China SQR Taxi ¥67.00 ¥250.00 $48.77\n5 26443-220-YZA-MLGT-1A001 26443-223 26443-220-YQA-MLGT-1A029 China SQR Taxi ¥69.00 ¥250.00 $49.08\n6 26443-220-YZA-MLGT-1A001 26443-223 26443-220-YQA-MLGT-1A029 China SQR Taxi ¥69.00 ¥250.00 $49.08\n7 ¥250.00 $38.46\n8 ¥250.00 $38.46\n9 26443-220-YZA-MLGT-1A001 26443-223 26443-220-YQA-MLGT-1A030 China SQR Taxi ¥68.00 ¥250.00 $48.92\n10 26443-220-YZA-MLGT-1A001 26443-223 26443-220-YQA-MLGT-1A030 China SQR Taxi ¥68.00 ¥250.00 $48.92\n11 26443-220-YZA-MLGT-1A001 26443-223 26443-220-YQA-MLGT-1A030 China SQR Taxi ¥66.00 ¥250.00 $48.62\n12 26443-220-YZA-MLGT-1A001 26443-223 26443-220-YQA-MLGT-1A030 China SQR Taxi ¥68.00 ¥250.00 $48.92\n13 26443-220-YZA-MLGT-1A001 26443-223 26443-220-YQA-MLGT-1A030 China SQR Taxi ¥69.00 ¥250.00 $49.08\n14 ¥250.00 $38.46\n15 ¥250.00 $38.46\n16 26443-220-YZA-MLGT-1A001 26443-223 26443-220-YQA-MLGT-1A031 China SQR Taxi ¥67.00 ¥250.00 $48.77\n17 26443-220-YZA-MLGT-1A001 26443-223 26443-220-YQA-MLGT-1A031 China SQR Taxi ¥68.00 ¥250.00 $48.92\n18 26443-220-YZA-MLGT-1A001 26443-223 26443-220-YQA-MLGT-1A031 China SQR Taxi ¥66.00 ¥250.00 $48.62\n19 26443-220-YZA-MLGT-1A001 26443-223 26443-220-YQA-MLGT-1A031 China SQR Taxi ¥65.00 ¥250.00 $48.46\n20 26443-220-YZA-MLGT-1A001 26443-223 26443-220-YQA-MLGT-1A031 China SQR Taxi ¥325.00 ¥250.00 $50.00\n21\n22\n23\n24\n25 26443-220-YZA-MLGT-1A001 26443-223 26443-220-YQA-MLGT-1A032 China SQR Taxi ¥329.00 ¥250.00 $89.08\n26 26443-220-YZA-MLGT-1A001 26443-223 26443-220-YQA-MLGT-1A032 China SQR Taxi ¥65.00 ¥250.00 $48.46\n27 26443-220-YZA-MLGT-1A001 26443-223 26443-220-YQA-MLGT-1A032 China SQR Taxi ¥65.00 ¥250.00 $48.46\n28 26443-220-YZA-MLGT-1A001 26443-223 26443-220-YQA-MLGT-1A032 China SQR Taxi ¥64.00 ¥250.00 $48.31\n29 26443-220-YZA-MLGT-1A001 26443-223 26443-220-YQA-MLGT-1A032 China SQR Taxi ¥66.00 ¥250.00 $48.62\n30 26443-220-YZA-MLGT-1A001 26443-223 26443-220-YQA-MLGT-1A033 China SQR Taxi ¥65.00 ¥250.00 $48.46\nTotal China SQR ¥326.31 $884.62 $1,210.92\n表格说明\nCURRENCY EXCHANGE RATE: 1USD=6.5RMB\nNIGHT SHIFT-7PM-7AM WILL BE CHARGED AT 1.5 TIMES UNIT RATE\nSATURDAYS WILL BE CHARGED AT 1.25 TIMES UNIT RATE\nSUNDAYS & PUBLIC HOLIDAYS WILL BE CHARGED AT 1.5 TIMES UNIT RATE\nUNIT RATE APPLIES TO ALL INSPECTION. TRAVEL AND REPORTING TIME\nUNIT RATE IS NET OF APPLICABLE LOCAL AND FEDERAL TAXES OF COUNTRY OF EXECUTION (E. G. VAT. ETC)\nMINIMUM CHARGE OF 5 HOURS APPLIES TO EACH EVENT (PER DATE AND SITE)",
    "tJsonTraducido": null,
    "lFormato": false,
    "iMIdioma": 5,
    "iMDocumentoTipo": 1,
    "tSequentialNumber": "BS0004"
  },
  "additional_data": {
    "mcomprobante": [
      {
        "_stamp_name": "BSQE",
        "_sequential_number": "BS0004",
        "tNumero": null,
        "tSerie": null,
        "nPrecioTotal": 1.0,
        "tCliente": null
      }
    ],
    "mcomprobante_detalle": [
      {
        "nCantidad": 1.0,
        "tDescripcion": "Taxi",
        "nPrecioUnitario": 89.54,
        "nPrecioTotal": 89.54
      },
      {
        "nCantidad": 1.0,
        "tDescripcion": "Taxi",
        "nPrecioUnitario": 48.77,
        "nPrecioTotal": 48.77
      },
      {
        "nCantidad": 1.0,
        "tDescripcion": "Taxi",
        "nPrecioUnitario": 49.08,
        "nPrecioTotal": 49.08
      },
      {
        "nCantidad": 1.0,
        "tDescripcion": "Taxi",
        "nPrecioUnitario": 49.08,
        "nPrecioTotal": 49.08
      },
      {
        "nCantidad": 1.0,
        "tDescripcion": "Taxi",
        "nPrecioUnitario": 38.46,
        "nPrecioTotal": 38.46
      },
      {
        "nCantidad": 1.0,
        "tDescripcion": "Taxi",
        "nPrecioUnitario": 38.46,
        "nPrecioTotal": 38.46
      },
      {
        "nCantidad": 1.0,
        "tDescripcion": "Taxi",
        "nPrecioUnitario": 48.92,
        "nPrecioTotal": 48.92
      },
      {
        "nCantidad": 1.0,
        "tDescripcion": "Taxi",
        "nPrecioUnitario": 48.92,
        "nPrecioTotal": 48.92
      },
      {
        "nCantidad": 1.0,
        "tDescripcion": "Taxi",
        "nPrecioUnitario": 48.62,
        "nPrecioTotal": 48.62
      },
      {
        "nCantidad": 1.0,
        "tDescripcion": "Taxi",
        "nPrecioUnitario": 48.92,
        "nPrecioTotal": 48.92
      },
      {
        "nCantidad": 1.0,
        "tDescripcion": "Taxi",
        "nPrecioUnitario": 49.08,
        "nPrecioTotal": 49.08
      },
      {
        "nCantidad": 1.0,
        "tDescripcion": "Taxi",
        "nPrecioUnitario": 38.46,
        "nPrecioTotal": 38.46
      },
      {
        "nCantidad": 1.0,
        "tDescripcion": "Taxi",
        "nPrecioUnitario": 38.46,
        "nPrecioTotal": 38.46
      },
      {
        "nCantidad": 1.0,
        "tDescripcion": "Taxi",
        "nPrecioUnitario": 48.77,
        "nPrecioTotal": 48.77
      },
      {
        "nCantidad": 1.0,
        "tDescripcion": "Taxi",
        "nPrecioUnitario": 48.92,
        "nPrecioTotal": 48.92
      },
      {
        "nCantidad": 1.0,
        "tDescripcion": "Taxi",
        "nPrecioUnitario": 48.62,
        "nPrecioTotal": 48.62
      },
      {
        "nCantidad": 1.0,
        "tDescripcion": "Taxi",
        "nPrecioUnitario": 48.46,
        "nPrecioTotal": 48.46
      },
      {
        "nCantidad": 1.0,
        "tDescripcion": "Taxi",
        "nPrecioUnitario": 50.0,
        "nPrecioTotal": 50.0
      },
      {
        "nCantidad": 1.0,
        "tDescripcion": "Taxi",
        "nPrecioUnitario": 89.08,
        "nPrecioTotal": 89.08
      },
      {
        "nCantidad": 1.0,
        "tDescripcion": "Taxi",
        "nPrecioUnitario": 48.46,
        "nPrecioTotal": 48.46
      },
      {
        "nCantidad": 1.0,
        "tDescripcion": "Taxi",
        "nPrecioUnitario": 48.46,
        "nPrecioTotal": 48.46
      },
      {
        "nCantidad": 1.0,
        "tDescripcion": "Taxi",
        "nPrecioUnitario": 48.31,
        "nPrecioTotal": 48.31
      },
      {
        "nCantidad": 1.0,
        "tDescripcion": "Taxi",
        "nPrecioUnitario": 48.62,
        "nPrecioTotal": 48.62
      },
      {
        "nCantidad": 1.0,
        "tDescripcion": "Taxi",
        "nPrecioUnitario": 48.46,
        "nPrecioTotal": 48.46
      },
      {
        "nCantidad": 1.0,
        "tDescripcion": "Total China SQR ¥",
        "nPrecioUnitario": 1210.92,
        "nPrecioTotal": 1210.92,
        "_currency": "$",
        "_source_line": 38,
        "_auto_extracted": true
      },
      {
        "nCantidad": 1.0,
        "tDescripcion": "Total China SQR ¥  $",
        "nPrecioUnitario": 1210.92,
        "nPrecioTotal": 1210.92,
        "_currency": "USD",
        "_source_line": 38,
        "_auto_extracted": true
      },
      {
        "nCantidad": 1.0,
        "tDescripcion": "Total China SQR ¥",
        "nPrecioUnitario": 884.62,
        "nPrecioTotal": 884.62,
        "_currency": "$",
        "_source_line": 38,
        "_auto_extracted": true
      },
      {
        "nCantidad": 1.0,
        "tDescripcion": "Total China SQR ¥ $",
        "nPrecioUnitario": 884.62,
        "nPrecioTotal": 884.62,
        "_currency": "USD",
        "_source_line": 38,
        "_auto_extracted": true
      },
      {
        "nCantidad": 1.0,
        "tDescripcion": "Total China SQR ¥",
        "nPrecioUnitario": 884.0,
        "nPrecioTotal": 884.0,
        "_currency": "$",
        "_source_line": 38,
        "_auto_extracted": true
      },
      {
        "nCantidad": 1.0,
        "tDescripcion": "3 26443-220-YZA-MLGT-1A001 26443-223 26443-220-YQA-MLGT-1A029 China SQR Taxi ¥",
        "nPrecioUnitario": 332.0,
        "nPrecioTotal": 332.0,
        "_currency": "USD",
        "_source_line": 10,
        "_auto_extracted": true
      },
      {
        "nCantidad": 1.0,
        "tDescripcion": "25 26443-220-YZA-MLGT-1A001 26443-223 26443-220-YQA-MLGT-1A032 China SQR Taxi ¥",
        "nPrecioUnitario": 329.0,
        "nPrecioTotal": 329.0,
        "_currency": "USD",
        "_source_line": 32,
        "_auto_extracted": true
      },
      {
        "nCantidad": 1.0,
        "tDescripcion": "Total China SQR ¥",
        "nPrecioUnitario": 326.31,
        "nPrecioTotal": 326.31,
        "_currency": "USD",
        "_source_line": 38,
        "_auto_extracted": true
      },
      {
        "nCantidad": 1.0,
        "tDescripcion": "20 26443-220-YZA-MLGT-1A001 26443-223 26443-220-YQA-MLGT-1A031 China SQR Taxi ¥",
        "nPrecioUnitario": 325.0,
        "nPrecioTotal": 325.0,
        "_currency": "USD",
        "_source_line": 27,
        "_auto_extracted": true
      },
      {
        "nCantidad": 1.0,
        "tDescripcion": "3 26443-220-YZA-MLGT-1A001 26443-223 26443-220-YQA-MLGT-1A029 China SQR Taxi ¥ ¥",
        "nPrecioUnitario": 250.0,
        "nPrecioTotal": 250.0,
        "_currency": "USD",
        "_source_line": 10,
        "_auto_extracted": true
      },
      {
        "nCantidad": 1.0,
        "tDescripcion": "9 26443-220-YZA-MLGT-1A001 26443-223 26443-220-YQA-MLGT-1A030 China SQR Taxi ¥ ¥ .",
        "nPrecioUnitario": 92.0,
        "nPrecioTotal": 92.0,
        "_currency": "USD",
        "_source_line": 16,
        "_auto_extracted": true
      },
      {
        "nCantidad": 1.0,
        "tDescripcion": "3 26443-220-YZA-MLGT-1A001 26443-223 26443-220-YQA-MLGT-1A029 China SQR Taxi ¥ ¥",
        "nPrecioUnitario": 89.0,
        "nPrecioTotal": 89.0,
        "_currency": "$",
        "_source_line": 10,
        "_auto_extracted": true
      },
      {
        "nCantidad": 1.0,
        "tDescripcion": "3 26443-220-YZA-MLGT-1A001 26443-223 26443-220-YQA-MLGT-1A029 China SQR Taxi ¥ ¥ $",
        "nPrecioUnitario": 89.0,
        "nPrecioTotal": 89.0,
        "_currency": "USD",
        "_source_line": 10,
        "_auto_extracted": true
      },
      {
        "nCantidad": 1.0,
        "tDescripcion": "4 26443-220-YZA-MLGT-1A001 26443-223 26443-220-YQA-MLGT-1A029 China SQR Taxi ¥ ¥ .",
        "nPrecioUnitario": 77.0,
        "nPrecioTotal": 77.0,
        "_currency": "USD",
        "_source_line": 11,
        "_auto_extracted": true
      },
      {
        "nCantidad": 1.0,
        "tDescripcion": "5 26443-220-YZA-MLGT-1A001 26443-223 26443-220-YQA-MLGT-1A029 China SQR Taxi ¥",
        "nPrecioUnitario": 69.0,
        "nPrecioTotal": 69.0,
        "_currency": "USD",
        "_source_line": 12,
        "_auto_extracted": true
      },
      {
        "nCantidad": 1.0,
        "tDescripcion": "9 26443-220-YZA-MLGT-1A001 26443-223 26443-220-YQA-MLGT-1A030 China SQR Taxi ¥",
        "nPrecioUnitario": 68.0,
        "nPrecioTotal": 68.0,
        "_currency": "USD",
        "_source_line": 16,
        "_auto_extracted": true
      },
      {
        "nCantidad": 1.0,
        "tDescripcion": "4 26443-220-YZA-MLGT-1A001 26443-223 26443-220-YQA-MLGT-1A029 China SQR Taxi ¥",
        "nPrecioUnitario": 67.0,
        "nPrecioTotal": 67.0,
        "_currency": "USD",
        "_source_line": 11,
        "_auto_extracted": true
      },
      {
        "nCantidad": 1.0,
        "tDescripcion": "11 26443-220-YZA-MLGT-1A001 26443-223 26443-220-YQA-MLGT-1A030 China SQR Taxi ¥",
        "nPrecioUnitario": 66.0,
        "nPrecioTotal": 66.0,
        "_currency": "USD",
        "_source_line": 18,
        "_auto_extracted": true
      },
      {
        "nCantidad": 1.0,
        "tDescripcion": "19 26443-220-YZA-MLGT-1A001 26443-223 26443-220-YQA-MLGT-1A031 China SQR Taxi ¥",
        "nPrecioUnitario": 65.0,
        "nPrecioTotal": 65.0,
        "_currency": "USD",
        "_source_line": 26,
        "_auto_extracted": true
      },
      {
        "nCantidad": 1.0,
        "tDescripcion": "28 26443-220-YZA-MLGT-1A001 26443-223 26443-220-YQA-MLGT-1A032 China SQR Taxi ¥",
        "nPrecioUnitario": 64.0,
        "nPrecioTotal": 64.0,
        "_currency": "USD",
        "_source_line": 35,
        "_auto_extracted": true
      },
      {
        "nCantidad": 1.0,
        "tDescripcion": "11 26443-220-YZA-MLGT-1A001 26443-223 26443-220-YQA-MLGT-1A030 China SQR Taxi ¥ ¥ .",
        "nPrecioUnitario": 62.0,
        "nPrecioTotal": 62.0,
        "_currency": "USD",
        "_source_line": 18,
        "_auto_extracted": true
      },
      {
        "nCantidad": 1.0,
        "tDescripcion": "3 26443-220-YZA-MLGT-1A001 26443-223 26443-220-YQA-MLGT-1A029 China SQR Taxi ¥ ¥ .",
        "nPrecioUnitario": 54.0,
        "nPrecioTotal": 54.0,
        "_currency": "USD",
        "_source_line": 10,
        "_auto_extracted": true
      },
      {
        "nCantidad": 1.0,
        "tDescripcion": "5 26443-220-YZA-MLGT-1A001 26443-223 26443-220-YQA-MLGT-1A029 China SQR Taxi ¥ ¥",
        "nPrecioUnitario": 49.0,
        "nPrecioTotal": 49.0,
        "_currency": "$",
        "_source_line": 12,
        "_auto_extracted": true
      },
      {
        "nCantidad": 1.0,
        "tDescripcion": "5 26443-220-YZA-MLGT-1A001 26443-223 26443-220-YQA-MLGT-1A029 China SQR Taxi ¥ ¥ $",
        "nPrecioUnitario": 49.0,
        "nPrecioTotal": 49.0,
        "_currency": "USD",
        "_source_line": 12,
        "_auto_extracted": true
      },
      {
        "nCantidad": 1.0,
        "tDescripcion": "4 26443-220-YZA-MLGT-1A001 26443-223 26443-220-YQA-MLGT-1A029 China SQR Taxi ¥ ¥",
        "nPrecioUnitario": 48.0,
        "nPrecioTotal": 48.0,
        "_currency": "$",
        "_source_line": 11,
        "_auto_extracted": true
      },
      {
        "nCantidad": 1.0,
        "tDescripcion": "4 26443-220-YZA-MLGT-1A001 26443-223 26443-220-YQA-MLGT-1A029 China SQR Taxi ¥ ¥ $",
        "nPrecioUnitario": 48.0,
        "nPrecioTotal": 48.0,
        "_currency": "USD",
        "_source_line": 11,
        "_auto_extracted": true
      },
      {
        "nCantidad": 1.0,
        "tDescripcion": "7 ¥ .",
        "nPrecioUnitario": 46.0,
        "nPrecioTotal": 46.0,
        "_currency": "USD",
        "_source_line": 14,
        "_auto_extracted": true
      },
      {
        "nCantidad": 1.0,
        "tDescripcion": "7 ¥",
        "nPrecioUnitario": 38.0,
        "nPrecioTotal": 38.0,
        "_currency": "$",
        "_source_line": 14,
        "_auto_extracted": true
      },
      {
        "nCantidad": 1.0,
        "tDescripcion": "7 ¥ $",
        "nPrecioUnitario": 38.0,
        "nPrecioTotal": 38.0,
        "_currency": "USD",
        "_source_line": 14,
        "_auto_extracted": true
      },
      {
        "nCantidad": 1.0,
        "tDescripcion": "28 26443-220-YZA-MLGT-1A001 26443-223 26443-220-YQA-MLGT-1A032 China SQR Taxi ¥ ¥ .",
        "nPrecioUnitario": 31.0,
        "nPrecioTotal": 31.0,
        "_currency": "USD",
        "_source_line": 35,
        "_auto_extracted": true
      },
      {
        "nCantidad": 1.0,
        "tDescripcion": "30 26443-220-YZA-MLGT-1A001 26443-223 26443-220-YQA-MLGT-1A033 China SQR Taxi ¥ ¥",
        "nPrecioUnitario": 30.0,
        "nPrecioTotal": 30.0,
        "_currency": "USD",
        "_source_line": 37,
        "_auto_extracted": true
      },
      {
        "nCantidad": 1.0,
        "tDescripcion": "29 26443-220-YZA-MLGT-1A001 26443-223 26443-220-YQA-MLGT-1A032 China SQR Taxi ¥ ¥",
        "nPrecioUnitario": 29.0,
        "nPrecioTotal": 29.0,
        "_currency": "USD",
        "_source_line": 36,
        "_auto_extracted": true
      },
      {
        "nCantidad": 1.0,
        "tDescripcion": "28 26443-220-YZA-MLGT-1A001 26443-223 26443-220-YQA-MLGT-1A032 China SQR Taxi ¥ ¥",
        "nPrecioUnitario": 28.0,
        "nPrecioTotal": 28.0,
        "_currency": "USD",
        "_source_line": 35,
        "_auto_extracted": true
      },
      {
        "nCantidad": 1.0,
        "tDescripcion": "27 26443-220-YZA-MLGT-1A001 26443-223 26443-220-YQA-MLGT-1A032 China SQR Taxi ¥ ¥",
        "nPrecioUnitario": 27.0,
        "nPrecioTotal": 27.0,
        "_currency": "USD",
        "_source_line": 34,
        "_auto_extracted": true
      },
      {
        "nCantidad": 1.0,
        "tDescripcion": "26 26443-220-YZA-MLGT-1A001 26443-223 26443-220-YQA-MLGT-1A032 China SQR Taxi ¥ ¥",
        "nPrecioUnitario": 26.0,
        "nPrecioTotal": 26.0,
        "_currency": "USD",
        "_source_line": 33,
        "_auto_extracted": true
      },
      {
        "nCantidad": 1.0,
        "tDescripcion": "25 26443-220-YZA-MLGT-1A001 26443-223 26443-220-YQA-MLGT-1A032 China SQR Taxi ¥ ¥",
        "nPrecioUnitario": 25.0,
        "nPrecioTotal": 25.0,
        "_currency": "USD",
        "_source_line": 32,
        "_auto_extracted": true
      },
      {
        "nCantidad": 1.0,
        "tDescripcion": "20 26443-220-YZA-MLGT-1A001 26443-223 26443-220-YQA-MLGT-1A031 China SQR Taxi ¥ ¥",
        "nPrecioUnitario": 20.0,
        "nPrecioTotal": 20.0,
        "_currency": "USD",
        "_source_line": 27,
        "_auto_extracted": true
      },
      {
        "nCantidad": 1.0,
        "tDescripcion": "19 26443-220-YZA-MLGT-1A001 26443-223 26443-220-YQA-MLGT-1A031 China SQR Taxi ¥ ¥",
        "nPrecioUnitario": 19.0,
        "nPrecioTotal": 19.0,
        "_currency": "USD",
        "_source_line": 26,
        "_auto_extracted": true
      },
      {
        "nCantidad": 1.0,
        "tDescripcion": "18 26443-220-YZA-MLGT-1A001 26443-223 26443-220-YQA-MLGT-1A031 China SQR Taxi ¥ ¥",
        "nPrecioUnitario": 18.0,
        "nPrecioTotal": 18.0,
        "_currency": "USD",
        "_source_line": 25,
        "_auto_extracted": true
      },
      {
        "nCantidad": 1.0,
        "tDescripcion": "17 26443-220-YZA-MLGT-1A001 26443-223 26443-220-YQA-MLGT-1A031 China SQR Taxi ¥ ¥",
        "nPrecioUnitario": 17.0,
        "nPrecioTotal": 17.0,
        "_currency": "USD",
        "_source_line": 24,
        "_auto_extracted": true
      },
      {
        "nCantidad": 1.0,
        "tDescripcion": "16 26443-220-YZA-MLGT-1A001 26443-223 26443-220-YQA-MLGT-1A031 China SQR Taxi ¥ ¥",
        "nPrecioUnitario": 16.0,
        "nPrecioTotal": 16.0,
        "_currency": "USD",
        "_source_line": 23,
        "_auto_extracted": true
      },
      {
        "nCantidad": 1.0,
        "tDescripcion": "15 ¥",
        "nPrecioUnitario": 15.0,
        "nPrecioTotal": 15.0,
        "_currency": "USD",
        "_source_line": 22,
        "_auto_extracted": true
      },
      {
        "nCantidad": 1.0,
        "tDescripcion": "14 ¥",
        "nPrecioUnitario": 14.0,
        "nPrecioTotal": 14.0,
        "_currency": "USD",
        "_source_line": 21,
        "_auto_extracted": true
      },
      {
        "nCantidad": 1.0,
        "tDescripcion": "13 26443-220-YZA-MLGT-1A001 26443-223 26443-220-YQA-MLGT-1A030 China SQR Taxi ¥ ¥",
        "nPrecioUnitario": 13.0,
        "nPrecioTotal": 13.0,
        "_currency": "USD",
        "_source_line": 20,
        "_auto_extracted": true
      },
      {
        "nCantidad": 1.0,
        "tDescripcion": "12 26443-220-YZA-MLGT-1A001 26443-223 26443-220-YQA-MLGT-1A030 China SQR Taxi ¥ ¥",
        "nPrecioUnitario": 12.0,
        "nPrecioTotal": 12.0,
        "_currency": "USD",
        "_source_line": 19,
        "_auto_extracted": true
      },
      {
        "nCantidad": 1.0,
        "tDescripcion": "11 26443-220-YZA-MLGT-1A001 26443-223 26443-220-YQA-MLGT-1A030 China SQR Taxi ¥ ¥",
        "nPrecioUnitario": 11.0,
        "nPrecioTotal": 11.0,
        "_currency": "USD",
        "_source_line": 18,
        "_auto_extracted": true
      },
      {
        "nCantidad": 1.0,
        "tDescripcion": "10 26443-220-YZA-MLGT-1A001 26443-223 26443-220-YQA-MLGT-1A030 China SQR Taxi ¥ ¥",
        "nPrecioUnitario": 10.0,
        "nPrecioTotal": 10.0,
        "_currency": "USD",
        "_source_line": 17,
        "_auto_extracted": true
      },
      {
        "nCantidad": 1.0,
        "tDescripcion": "9 26443-220-YZA-MLGT-1A001 26443-223 26443-220-YQA-MLGT-1A030 China SQR Taxi ¥ ¥",
        "nPrecioUnitario": 9.0,
        "nPrecioTotal": 9.0,
        "_currency": "USD",
        "_source_line": 16,
        "_auto_extracted": true
      },
      {
        "nCantidad": 1.0,
        "tDescripcion": "5 26443-220-YZA-MLGT-1A001 26443-223 26443-220-YQA-MLGT-1A029 China SQR Taxi ¥ ¥ .",
        "nPrecioUnitario": 8.0,
        "nPrecioTotal": 8.0,
        "_currency": "USD",
        "_source_line": 12,
        "_auto_extracted": true
      },
      {
        "nCantidad": 1.0,
        "tDescripcion": "7 ¥",
        "nPrecioUnitario": 7.0,
        "nPrecioTotal": 7.0,
        "_currency": "USD",
        "_source_line": 14,
        "_auto_extracted": true
      },
      {
        "nCantidad": 1.0,
        "tDescripcion": "6 26443-220-YZA-MLGT-1A001 26443-223 26443-220-YQA-MLGT-1A029 China SQR Taxi ¥ ¥",
        "nPrecioUnitario": 6.0,
        "nPrecioTotal": 6.0,
        "_currency": "USD",
        "_source_line": 13,
        "_auto_extracted": true
      },
      {
        "nCantidad": 1.0,
        "tDescripcion": "5 26443-220-YZA-MLGT-1A001 26443-223 26443-220-YQA-MLGT-1A029 China SQR Taxi ¥ ¥",
        "nPrecioUnitario": 5.0,
        "nPrecioTotal": 5.0,
        "_currency": "USD",
        "_source_line": 12,
        "_auto_extracted": true
      },
      {
        "nCantidad": 1.0,
        "tDescripcion": "4 26443-220-YZA-MLGT-1A001 26443-223 26443-220-YQA-MLGT-1A029 China SQR Taxi ¥ ¥",
        "nPrecioUnitario": 4.0,
        "nPrecioTotal": 4.0,
        "_currency": "USD",
        "_source_line": 11,
        "_auto_extracted": true
      },
      {
        "nCantidad": 1.0,
        "tDescripcion": "3 26443-220-YZA-MLGT-1A001 26443-223 26443-220-YQA-MLGT-1A029 China SQR Taxi ¥ ¥",
        "nPrecioUnitario": 3.0,
        "nPrecioTotal": 3.0,
        "_currency": "USD",
        "_source_line": 10,
        "_auto_extracted": true
      },
      {
        "nCantidad": 1.0,
        "tDescripcion": "Total China SQR ¥",
        "nPrecioUnitario": 1.0,
        "nPrecioTotal": 1.0,
        "_currency": "$",
        "_source_line": 38,
        "_auto_extracted": true
      },
      {
        "nCantidad": 1.0,
        "tDescripcion": "Total China SQR ¥  $",
        "nPrecioUnitario": 1.0,
        "nPrecioTotal": 1.0,
        "_currency": "USD",
        "_source_line": 38,
        "_auto_extracted": true
      }
    ],
    "midioma": [
      {
        "iMIdioma": 5,
        "tIdioma": "Chino"
      }
    ],
    "mdocumento_tipo": [
      {
        "iMDocumentoTipo": 1,
        "tTipo": "Comprobante"
      }
    ],
    "mdivisa": [
      {
        "tDivisa": "USD"
      },
      {
        "tDivisa": "CNY"
      }
    ],
    "mnaturaleza": [
      {
        "tNaturaleza": "Otro"
      }
    ],
    "mproveedor": [
      {
        "tRazonSocial": "BSQE\nBS"
      }
    ],
    "mresumen": [],
    "mjornada": [],
    "mjornada_empleado": [],
    "marchivo_tipo": [],
    "munidad_medida": []
  }
}