{
  "metadata": {
    "version": "1.0.0",
    "parser": "ExtractorOCR",
    "extraction_date": "2025-11-18T14:24:46.751117",
    "type": "structured",
    "email": "mariadelosangeles.abanto@newmont.com",
    "year": 2025,
    "month": "Octubre",
    "request_id": "eada6176-0aa0-4362-b8ab-f4f1b641fff8",
    "processed_at": "2025-11-18T14:25:11.827917",
    "api_version": "1.0.0",
    "periodo_id": "string"
  },
  "hoja": {
    "tJson": "AM\nCredit\n#L3LD\nAuth\ncode:\n836372\nOTEM\nOE0001\nAID: A0000000041010\nNo CVM\nReceipt Settings\nNot your receipt?\nManage preferences\nReport message to Square\n© 2025 Square Privacy Policy\n1955 Broadway, Suite 600\nOakland, CA 94612\n2",
    "tJsonTraducido": null,
    "lFormato": false,
    "iMIdioma": 4,
    "iMDocumentoTipo": 99,
    "tSequentialNumber": "OE0001"
  },
  "additional_data": {
    "midioma": [
      {
        "iMIdioma": 4,
        "tIdioma": "Otro"
      }
    ],
    "mdocumento_tipo": [
      {
        "iMDocumentoTipo": 99,
        "tTipo": "Desconocido"
      }
    ],
    "mnaturaleza": [
      {
        "tNaturaleza": "Otro"
      }
    ],
    "mresumen": [],
    "mcomprobante": [],
    "mcomprobante_detalle": [],
    "mjornada": [],
    "mjornada_empleado": [],
    "mproveedor": [],
    "marchivo_tipo": [],
    "mdivisa": [],
    "munidad_medida": []
  }
}