{
  "metadata": {
    "version": "1.0.0",
    "parser": "ExtractorOCR",
    "extraction_date": "2025-11-18T14:22:27.275163",
    "type": "structured",
    "email": "mariadelosangeles.abanto@newmont.com",
    "year": 2025,
    "month": "Octubre",
    "request_id": "eada6176-0aa0-4362-b8ab-f4f1b641fff8",
    "processed_at": "2025-11-18T14:25:11.827917",
    "api_version": "1.0.0",
    "periodo_id": "string"
  },
  "hoja": {
    "tJson": "BSQE\nBS0004\nSTUB\nSTUB\nSTUB\n天津客运出租汽车专用发票\nTHANJIN PASSENGER\nTAXE SPECIAL INVOICE\n发票联\nINVOICE\n代码112002060121\nINVOICE CODE\n号码 86676559\nINVOICE No.\n开票日期:2025年06月12日\nDATE\n单位:\nSECTION\n售税号:\n01\n911207000\nTAX PAYER'S FILE N000711126\n87092616\n电话:\nTEL\n车号:\nREGISTION MARK No.\nΕ. 13010\n07:53 08:56\n冒起止时间:\nTIME\n单价:\nTUNIT PRICE\n里程:\nKILOMETRE\n三等候时间:\n无\nWAITING TIME\n附加费:\nADDITIONAL FEE\n金额:\nAMORINT\n卡号:\nCARD No.\n多卡原额:\n存根\nCARD ORIGINAL SUM\n卡余额:\n4.25元/km\n42.0km\n00:08.00\n0.00元\n160.00元\n天津客运出租汽车专用发票\nMANJIN PASSENGER\nTAXI SPECIAL INVOICE\n发票联\nINVOICE\n代码112002060221\nINVOICE CODE\n号码 04520754\nINVOICE No.\n开票日期:2025-06-12\nDATE\n主单位:\nG002\nSECTION\n税号:\n911202000\nTAX PAYER'S FILE N000212764\n88908890\n电话:\nTEL\n天津客运出租汽车专用发票 天津客运出租汽车专用发票\nHANJIN PASSENGER\nTAXI SPECIAL INVOICE\n发票联\nINVOICE\nPLANJIN PASSENGER\nTAXI SPECIAL INVOICE\n发票联\nINVOICE\n代码112002060221 代码112002060221\nINVOICE CODE\n号码 21566130\nINVOICE No.\n开票日期:2025年06月13日\nDATE\n单位:\nSECTION\n警税号:\nJ003\n911206000\nTAX PAVER'S FILRN000693297\n压电话:\nE-11076\n车号:\nREGISTION MARK No.\n车号:\n起止时间17:56 18:59\nTIME\n单价:\nUNIT PRICE\n秦里程:\nETLOMETRE\n享等候时间:\nWAITING TIME\n附加费:\nADDITIONAL FEE\n金额:\nAMOUNT\n卡号:\nCARD No\n多卡原额:\nCARD BALANCE SUR\n存\n4.25\n42.0\n00:08:00\n¥0.00\n¥160.00\n我市落地出\nCARD ORIGINAL 00000000\n卡余额:\nCARD BALANCE SUM\n87092616\nREGESTION MARK N. Ε. 26450\n穿起止时间:\n至\nTINE\n单价:\nFINIT PRICE\n签里程:\nILOMETRE\n气等候时间:\nWAITING TTWP\n附加费:\n07:50 08:53\nADDITIONAL FEE\n金额:\nANCUNT\n首卡号:\nCARD No.\n卡原额:\n4.25元/km\n42.0km\n00:08.00\n0.00元\n160.00元\nCARD ORIGINAL SON900000000000000\n卡余额:\n发票专用家\nCARD BALANCE S\n存\n发票专汪章\nINVOICE CODE\n号码:04472679\nINVOICE No.\n开票日期:2025年06月13日\nDATE\n单位:\nSECTION\n售税号:\n03\n911202000\nTAX PAYIK'S FILE N000243654\n最电话:\n车号:\n天津客运出租汽车专用发票 天津家运出租汽车专用发票\nJANJIN PASSENGER\nTAXI SPECIAL INVOICE\n发票联\nINVOICE\nTIANJIN PASSENGER\nTAXT SPECIAL TAYOTER\n发票联\nINVOICE\n代码112002060221 代码112002060221\nINVOICE CODE\n号码 04520839\nINVOICE No.\n开票日期:2025-06-16\nDATE\nSECTION\n税号:\nG004\n911207000\nTAR PAVER'S FILE N000764498\n87092616\n电话:\nTEL\n88908890\n车号:\nREGISTION MARK No.\nE-28576\n至\nREGISTION MARK KO. E.20608\n管起止时间:\nFTTHE\n单价:\nUNIT PRICE\n多旦程:\nKILOMETRE\n专等候时间:\n存根\nWAITING TIME\n附加费:\n17:53 18:56\nADDITIONAT, REE\n金额:\nAMOUNT\n百卡号:\nCARD No.\n卡原额:\n4.25元/Km\n42.0km\n00:08:00\n0.00元\n160.00元\nCARD ORIGINAL SUMUUL000000000000\n卡余额:\nCARD BALANCE S\n穿起止时间\nOPTIMP\n单价:\nUNIT PRICE\n多旦程:\nKILOMETRE\n07:43 08:46\n李等候时间:\n存根\nWAITING TIME\n附加费:\n4.25\n42.0\n00:08:00\nADDITIONAL FEE\n¥0.00\n¥160.00\n金额:\nAMOINE\n卡号:\nCARD No.\n卡原额:\n课市客运出\nCARD ORIGINAL SUM00000000000000000\n卡余额:\nCARO BALANCE SOM\n发票专用章\nINVOICE CODE\n号码 32006593\n开票日期:2025年06月16日\nDATE\n单位:\nSECTION\n無税号:\nJ004\n911203000\nTAX PAVER'S FILE 200334651\n电话:\n公TEL\n车号:\nREGISTION MARK No.\n87092616\nE.21017\n起止时间:17:56 15:59\nENTIME\n单价:\nUNIT PRICE\n養里程:\nKILOMETRE\n气等候时间:\n存根\nWAITING TIME\n附加费:\nADDITIONAL FEE\n金额:\nAMOUNT\n卡号:\nCARD No.\n卡原额:\n4.25元/km\n42.0km\n00:08.00\n0.00元\n160.00元\nCAMD ORIGINA SUM 00000000000000000\n卡余额:\nCARD BALANCE SUR\n2025-06-12\nTraveing to and from 7mz\n¥:320\n2025-06-13\nTraveing to and from T红ъ\n4:320\nP4\nPage 4 of 8\nS\n2025-06-16\nTravcing to and from TZAMZ\n¥:320",
    "tJsonTraducido": null,
    "lFormato": false,
    "iMIdioma": 5,
    "iMDocumentoTipo": 1,
    "tSequentialNumber": "BS0004"
  },
  "additional_data": {
    "mcomprobante": [
      {
        "_stamp_name": "BSQE",
        "_sequential_number": "BS0004",
        "tNumero": "CODE",
        "tSerie": null,
        "tCliente": null
      }
    ],
    "mcomprobante_detalle": [
      {
        "nCantidad": 1.0,
        "tDescripcion": "42.0km",
        "nPrecioUnitario": 160.0,
        "nPrecioTotal": 160.0
      },
      {
        "nCantidad": 1.0,
        "tDescripcion": "42.0km",
        "nPrecioUnitario": 160.0,
        "nPrecioTotal": 160.0
      },
      {
        "nCantidad": 1.0,
        "tDescripcion": "42.0km",
        "nPrecioUnitario": 160.0,
        "nPrecioTotal": 160.0
      },
      {
        "nCantidad": 1.0,
        "tDescripcion": "42.0km",
        "nPrecioUnitario": 160.0,
        "nPrecioTotal": 160.0
      },
      {
        "nCantidad": 1.0,
        "tDescripcion": "42.0km",
        "nPrecioUnitario": 160.0,
        "nPrecioTotal": 160.0
      },
      {
        "nCantidad": 1.0,
        "tDescripcion": "Traveing to and from 7mz",
        "nPrecioUnitario": 320.0,
        "nPrecioTotal": 320.0
      },
      {
        "nCantidad": 1.0,
        "tDescripcion": "Traveing to and from T红ъ",
        "nPrecioUnitario": 320.0,
        "nPrecioTotal": 320.0
      },
      {
        "nCantidad": 1.0,
        "tDescripcion": "Travcing to and from TZAMZ",
        "nPrecioUnitario": 320.0,
        "nPrecioTotal": 320.0
      },
      {
        "nCantidad": 1.0,
        "tDescripcion": "00:",
        "nPrecioUnitario": 8.0,
        "nPrecioTotal": 8.0,
        "_currency": "USD",
        "_source_line": 51,
        "_auto_extracted": true
      }
    ],
    "midioma": [
      {
        "iMIdioma": 5,
        "tIdioma": "Chino"
      }
    ],
    "mdocumento_tipo": [
      {
        "iMDocumentoTipo": 1,
        "tTipo": "Comprobante"
      }
    ],
    "mdivisa": [
      {
        "tDivisa": "CNY"
      }
    ],
    "mnaturaleza": [
      {
        "tNaturaleza": "Otro"
      }
    ],
    "mproveedor": [
      {
        "tRazonSocial": "THANJIN PASSENGER"
      }
    ],
    "mresumen": [],
    "mjornada": [],
    "mjornada_empleado": [],
    "marchivo_tipo": [],
    "munidad_medida": []
  }
}