{
  "metadata": {
    "version": "1.0.0",
    "parser": "ExtractorOCR",
    "extraction_date": "2025-11-18T14:21:59.305218",
    "type": "structured",
    "email": "mariadelosangeles.abanto@newmont.com",
    "year": 2025,
    "month": "Octubre",
    "request_id": "eada6176-0aa0-4362-b8ab-f4f1b641fff8",
    "processed_at": "2025-11-18T14:25:11.827917",
    "api_version": "1.0.0",
    "periodo_id": "string"
  },
  "hoja": {
    "tJson": "BSQE\nBS0004\n天津客运出租汽车专用发票\nTIANJIN PASSENGER\nTAXI SPECIAL INVOICE\n发票联\nINVOICE\n代码112002060121\nINVOICE CODE\n号码 82980309\nINVOICE No. 2025-06-02\n开票日期:\nDATE\n津单位:\n市\nSECTION\n征税号:\n印\n00\n911984984658\nTAX PAYER'S FILE No. 29381633\n限电话:\n公TEL\n司\n车号:\nE-DR0670\nREGISTION MARK NO 07:21 08:40\n穿起止时间:\n印TIME\n制\n机单价:\n打UNIT PRICE\n里程:\n全\n3.74元\n48.0km\nKILOMETRE\n00:18.34\n等候时间:\n0.90元\nWAITING TIME\n附加费:\nADDITIONAL FEE 171.00元\n金额:\nAMOUNT\n卡号:\nCARD No.\n卡原额: 天津市客运出我\nCARD ORIGINAL SUM 000000000000000000\n卡余额:\nCARD BALANCE SUM\n发票专用章\nINVOICE\n代码112002060121\nINVOICE CODE\n号码 71361055\nINVOICE No.\n开票日期:\nDAYE\n非单位:\n2025-06-02\nSECTION 911038772966\n税号:\nTAX PAYIK & FILE N 22483452\n电话:\nTEL\n车号:\nE-DF0206\nREGISTION MASK 8:35 19:49\n穿起止时间:\n印TLE\n制单价:\n机\nFUNIT PRICE\n发\n里程:\nKILOMETRE\n等等候时间:\nWAITING TIME\n附加费:\nADDITIONAL PER\n金额:\nAMOUNT\n卡号:\nCARD PEX\n至\n374元\n47.2km\n00:16.06\n0.00元\n166.00元\n卡原额: 不津市客运出会\nCARD ORIGINAL SUM\n卡余额:\nCARD BALANCE SUIT\n000000\n存根 STUB\n存根ST\nPage 1 of 1",
    "tJsonTraducido": null,
    "lFormato": false,
    "iMIdioma": 5,
    "iMDocumentoTipo": 1,
    "tSequentialNumber": "BS0004"
  },
  "additional_data": {
    "mcomprobante": [
      {
        "_stamp_name": "BSQE",
        "_sequential_number": "BS0004",
        "tNumero": "CODE",
        "tSerie": null,
        "tCliente": null
      }
    ],
    "mcomprobante_detalle": [
      {
        "nCantidad": 1.0,
        "tDescripcion": "里程",
        "nPrecioUnitario": 3.74,
        "nPrecioTotal": 3.74
      },
      {
        "nCantidad": 1.0,
        "tDescripcion": "等候时间",
        "nPrecioUnitario": 0.9,
        "nPrecioTotal": 0.9
      },
      {
        "nCantidad": 1.0,
        "tDescripcion": "附加费",
        "nPrecioUnitario": 171.0,
        "nPrecioTotal": 171.0
      },
      {
        "nCantidad": 1.0,
        "tDescripcion": "里程",
        "nPrecioUnitario": 3.74,
        "nPrecioTotal": 3.74
      },
      {
        "nCantidad": 1.0,
        "tDescripcion": "附加费",
        "nPrecioUnitario": 166.0,
        "nPrecioTotal": 166.0
      },
      {
        "nCantidad": 1.0,
        "tDescripcion": "00:",
        "nPrecioUnitario": 18.34,
        "nPrecioTotal": 18.34,
        "_currency": "USD",
        "_source_line": 38,
        "_auto_extracted": true
      },
      {
        "nCantidad": 1.0,
        "tDescripcion": "00:",
        "nPrecioUnitario": 16.06,
        "nPrecioTotal": 16.06,
        "_currency": "USD",
        "_source_line": 89,
        "_auto_extracted": true
      }
    ],
    "midioma": [
      {
        "iMIdioma": 5,
        "tIdioma": "Chino"
      }
    ],
    "mdocumento_tipo": [
      {
        "iMDocumentoTipo": 1,
        "tTipo": "Comprobante"
      }
    ],
    "mdivisa": [
      {
        "tDivisa": "CNY"
      }
    ],
    "mnaturaleza": [
      {
        "tNaturaleza": "Otro"
      }
    ],
    "mproveedor": [
      {
        "tRazonSocial": "TIANJIN PASSENGER"
      }
    ],
    "mresumen": [],
    "mjornada": [],
    "mjornada_empleado": [],
    "marchivo_tipo": [],
    "munidad_medida": []
  }
}