{
  "metadata": {
    "version": "1.0.0",
    "parser": "ExtractorOCR",
    "extraction_date": "2025-11-18T14:20:59.360008",
    "type": "structured",
    "email": "mariadelosangeles.abanto@newmont.com",
    "year": 2025,
    "month": "Octubre",
    "request_id": "eada6176-0aa0-4362-b8ab-f4f1b641fff8",
    "processed_at": "2025-11-18T14:25:11.827917",
    "api_version": "1.0.0",
    "periodo_id": "string"
  },
  "hoja": {
    "tJson": "BSQE\nBS0003\nMETAL\nM/S\n日期\nDATE\nTARIKH: 14/6/2025\nNO. 02035\n號碼 摘要 數量 單價 金額\nNO Particulars Quantity Unit Price Amount\nButir-Butir Kuantiti Harga Nilai\n1 24.80\n2\n3\n4\n5\n6\n7\n8\n9\n10 USD 6.00\n新制出门,若不退换。 Total / 總計 24.80\nGood sold are not returnable / Barang yang sudah dijual tidak boleh dikembalikan Jumlah\nReceived by / Terima Oleh /收貨人 Signature / Tandatangan/經手人",
    "tJsonTraducido": null,
    "lFormato": false,
    "iMIdioma": 5,
    "iMDocumentoTipo": 1,
    "tSequentialNumber": "BS0003"
  },
  "additional_data": {
    "mcomprobante": [
      {
        "_stamp_name": "BSQE",
        "_sequential_number": "BS0003",
        "tNumero": "02035",
        "tSerie": null,
        "fEmision": "14/6/2025",
        "tCliente": null,
        "nPrecioTotal": 6.0
      }
    ],
    "mcomprobante_detalle": [
      {
        "nCantidad": 1.0,
        "tDescripcion": "Item 10 (USD)",
        "nPrecioUnitario": 6.0,
        "nPrecioTotal": 6.0
      },
      {
        "nCantidad": 1.0,
        "tDescripcion": "USD",
        "nPrecioUnitario": 6.0,
        "nPrecioTotal": 6.0
      },
      {
        "nCantidad": 1.0,
        "tDescripcion": "新制出门,若不退换。 Total / 總計 24.",
        "nPrecioUnitario": 80.0,
        "nPrecioTotal": 80.0,
        "_currency": "USD",
        "_source_line": 22,
        "_auto_extracted": true
      },
      {
        "nCantidad": 1.0,
        "tDescripcion": "1",
        "nPrecioUnitario": 24.8,
        "nPrecioTotal": 24.8,
        "_currency": "USD",
        "_source_line": 12,
        "_auto_extracted": true
      },
      {
        "nCantidad": 1.0,
        "tDescripcion": "新制出门,若不退换。 Total / 總計",
        "nPrecioUnitario": 24.0,
        "nPrecioTotal": 24.0,
        "_currency": "USD",
        "_source_line": 22,
        "_auto_extracted": true
      }
    ],
    "midioma": [
      {
        "iMIdioma": 5,
        "tIdioma": "Chino"
      }
    ],
    "mdocumento_tipo": [
      {
        "iMDocumentoTipo": 1,
        "tTipo": "Comprobante"
      }
    ],
    "mdivisa": [
      {
        "tDivisa": "USD"
      }
    ],
    "mnaturaleza": [
      {
        "tNaturaleza": "Otro"
      }
    ],
    "mresumen": [],
    "mjornada": [],
    "mjornada_empleado": [],
    "mproveedor": [],
    "marchivo_tipo": [],
    "munidad_medida": []
  }
}