{
  "metadata": {
    "version": "1.0.0",
    "parser": "ExtractorOCR",
    "extraction_date": "2025-11-18T14:22:47.026548",
    "type": "structured",
    "email": "mariadelosangeles.abanto@newmont.com",
    "year": 2025,
    "month": "Octubre",
    "request_id": "eada6176-0aa0-4362-b8ab-f4f1b641fff8",
    "processed_at": "2025-11-18T14:25:11.827917",
    "api_version": "1.0.0",
    "periodo_id": "string"
  },
  "hoja": {
    "tJson": "BSQE\nBS0004\n天津客运出租汽车专用发票\nTIANJIN PASSENGER\nTAXI SPECIAL INVOICE\n发票联\nINVOICE\n代码112002060121\nINVOICE CODE\n号码 48318877\nINVOICE No.\n开票日期:2025年06月20日\nDATE\n单位:\nSECTION\n税号:\n0\n911201000\nTAX PAMER'S FILE N 000192455\n电话:\nTEL\n车号:\n87092616\nREGISTION MARK No. E.13536\n起止时间:07:44 08:47\nTIME\n机单价:\nUNIT PRICE\n里程:\nKILOMETRE\n等候时间:\nWAITING TIME\n附加费:\nADDITIONAL FEE\n金额:\nAMOUNT\n卡号:\nCARD No\n卡原额:\nCARD ORIGINAL SUM\n卡余额:\nCARD BALANCE SO\n存\n根STU\n4.25元/km\n42.0km\n00:08.00\n0.00元\n160.00元\n天津客运出租汽车专用发票\nPLANJIN PASSENGER\nTAXI SPECIAL INVOICE\n发票联\nINVOICE\n代码112002060221\nINVOICE CODE\n号码 04429221\nINVOICE No.\n开票日期:2025-06-20\nDATE\n单位:\nSECTION\n税号:\nG004\n911207000\nTAX PAYER'S FILE 200714493\n电话:\nATEL\n车号:\nREGISTION MARK No. E-33183\n起止时间:\nTLME\n17:57 19:00\n单价:\n机\nFINIT PRICE\n签里程:\nKILOMETRE\n享等候时间:\n存根$1\nWATEING TIME\n附加费:\n4.25\n42.0\n00:08:00\n¥0.00\nADDITIONAL FEE\n金额:\nAMOUNT\n卡号:\nCARD No\n卡原额:\n¥160.00\n天津市客运出力\nCARD ORIGINAL SUM00000000000000002-\n卡余额:\nCARD BALANCE SU\n2025-06-20\nTroverng to and from Tuz\n¥:320\n天津客运出租汽车专用发票\nPLANJIN PASSENGER\nTAXI SPECIAL INVOICE\n发票联\nINVOICE\n代码112002060221\nINVOICE CODE\n号码 04472891\nINVOICE No.\n开票日期:2025年06月23日\nDATE\n单位:\nSECTION\n税号:\nJ001\n911209000\nTAX PAVER'S FIL3 No 000951744\n电话:\nTEL\n车号:\n87092616\nREGISTTOK MARK No. Ε.21738\n起止时间:07:45 08:48\n词\n单价:\nUNIT PRICE\n签过程:\nXFLOMB THE\n专等候时间:\nWAITING TTWR\n附加费:\nADDITIONAL FEE\n金额:\nAMOUNT\n卡号:\n存\n根\nCARD No.\n卡原额:\n4.25t/km\n42.0km\n00:08.00\n0.00元\n160.00元\n出\nCARD ORIGINAL SU000000000000000\n卡余额:\nCARD BALANCE SOM\n天津家运出租汽车专用发票\nANJIN PASSENGER\nTAXI SPECIAL DROTOP\n发恶脉\nINVOICE\n代码112002060221\nINVOICE CODE\n号码:07073457\nINVOICE NO.\n开票日期:2025年06月23日\nDATE\n单位:\nSECTION\n税号:\n0\n911209000\nTAX PAVER'S FILR N000963626\n电话:\nTEL\n车号:\nREGISTION MARK No. Ε. 26564\n買起止时间:\nFTIME\n机单价:\nUNIT PRICE\n多手程:\nKILUMETRU\nATLING TIME\n附加赛:\n至\n17:53 18:56\n4.25元/km\n42.0km\n等候时间:\n00:08.00\n0.00元\nADDITIONAL BLE\n三金额:\nAKOONT\n黑卡号:\nCARD Bo\n三卡原额:\n存根STI\nCARD ORIGINAL SIM900000\n卡余额:\nCARD BALANCE SU\n发票专制章\n2025-06-23\nTroveing to and from 72Mz\n¥:320\nP6\n天津家出租汽车专用发票天津客运出租汽车专用发票\nLANJIN PASSENGER\nTAXA SPECIAL INVOICE\n发票联\nINVOICE\nANTIN PASSEN\nTAXI SPECTAL JAVOICE\n发票联\nINVOICE\n代码112002060221 代码112002060221\nINVOICE CODE\n号码 32006420\nINVOICE No.\n开票日期: 2025-06-24\nDATE\n*单位:\nTAX PAMER S PILE N№000645971\nINVOICE CODE\n号码 21565950\nINVOICE No.\n开票日期:2025年06月24日\nDATE\n单位:\nJ003\n911201000\nTAX PAYER'S PILE 1000153447\nG005\nSECTION\nSECTION\n無税号:\n911206000\n售税号:\n电话:\n87092616\n电话:\n车号:\nATEL\n88908890\n车号:\nREGISTION MARK No.\nE-17993\nTEL\nREGISTION MARK No. Ε. 29619\n起止时间07:46 8:49\nTIME\n制\n机单价:\nTUNIT PRICE\n签里程:\nKILOMETRE\n李等候时间:\nWAITING TIME\n4.25\n42.0\n00:08:00\n起止时间:17:52:55\nTIME\n机单价:\n登里程:\nKILOMETRE\nUNIT PRICE\n4.25元/k\n42.0km\n等候时间:\n00:08.00\n0.00元\n附加费:\n¥0.00\nADDITIONAL FEE\n160.00元\n¥160.00\n卡号:\nADDITIOKAL BLE\n三金额:\nAKOONT\n黑卡号:\nCARD Bo\n三卡原额:\n存根STI\nCARD ORIGINAL SIM900000\n卡余额:\nCARD BALANCE SU\n电话:\nTEL\n车号:\nREGISTION MARK No.\n87092616\nΕ. 26564\n至\n17:53 18:56\n4.25元/km\n附加费:\nF\nADDITIONAL FEE\n金额:\nAMOUNT\nCARD No.\n各七原额: 大津市客运出秀多卡原额:\n存根 STUB\n000000000000000000\nCARD OREGINAL SUMO\n卡余额:\nCARD BALANCE SU\n发票专用章\n存根STI\n160.00元\n漢市客运出租\nCARD ORIGINAL S000000000000000080\n卡余额:\n2025-06-24\nTraveing to anal from 72Mz\n¥:320\nSTUB\nPage 6 of 8",
    "tJsonTraducido": null,
    "lFormato": false,
    "iMIdioma": 5,
    "iMDocumentoTipo": 1,
    "tSequentialNumber": "BS0004"
  },
  "additional_data": {
    "mcomprobante": [
      {
        "_stamp_name": "BSQE",
        "_sequential_number": "BS0004",
        "tNumero": "CODE",
        "tSerie": null,
        "tCliente": null
      }
    ],
    "mcomprobante_detalle": [
      {
        "nCantidad": 1.0,
        "tDescripcion": "里程",
        "nPrecioUnitario": 4.25,
        "nPrecioTotal": 160.0
      },
      {
        "nCantidad": 1.0,
        "tDescripcion": "里程",
        "nPrecioUnitario": 4.25,
        "nPrecioTotal": 160.0
      },
      {
        "nCantidad": 1.0,
        "tDescripcion": "里程",
        "nPrecioUnitario": 4.25,
        "nPrecioTotal": 160.0
      },
      {
        "nCantidad": 1.0,
        "tDescripcion": "里程",
        "nPrecioUnitario": 4.25,
        "nPrecioTotal": 160.0
      },
      {
        "nCantidad": 1.0,
        "tDescripcion": "里程",
        "nPrecioUnitario": 4.25,
        "nPrecioTotal": 160.0
      },
      {
        "nCantidad": 1.0,
        "tDescripcion": "里程",
        "nPrecioUnitario": 4.25,
        "nPrecioTotal": 160.0
      },
      {
        "nCantidad": 1.0,
        "tDescripcion": "00:",
        "nPrecioUnitario": 8.0,
        "nPrecioTotal": 8.0,
        "_currency": "USD",
        "_source_line": 47,
        "_auto_extracted": true
      },
      {
        "nCantidad": 1.0,
        "tDescripcion": "存根",
        "nPrecioUnitario": 1.0,
        "nPrecioTotal": 1.0,
        "_currency": "$",
        "_source_line": 80,
        "_auto_extracted": true
      },
      {
        "nCantidad": 1.0,
        "tDescripcion": "存根$",
        "nPrecioUnitario": 1.0,
        "nPrecioTotal": 1.0,
        "_currency": "USD",
        "_source_line": 80,
        "_auto_extracted": true
      }
    ],
    "midioma": [
      {
        "iMIdioma": 5,
        "tIdioma": "Chino"
      }
    ],
    "mdocumento_tipo": [
      {
        "iMDocumentoTipo": 1,
        "tTipo": "Comprobante"
      }
    ],
    "mdivisa": [
      {
        "tDivisa": "USD"
      },
      {
        "tDivisa": "CNY"
      }
    ],
    "mnaturaleza": [
      {
        "tNaturaleza": "Otro"
      }
    ],
    "mproveedor": [
      {
        "tRazonSocial": "TIANJIN PASSENGER"
      }
    ],
    "mresumen": [],
    "mjornada": [],
    "mjornada_empleado": [],
    "marchivo_tipo": [],
    "munidad_medida": []
  }
}