{
  "metadata": {
    "version": "1.0.0",
    "parser": "ExtractorOCR",
    "extraction_date": "2025-11-18T14:21:24.961747",
    "type": "structured",
    "email": "mariadelosangeles.abanto@newmont.com",
    "year": 2025,
    "month": "Octubre",
    "request_id": "eada6176-0aa0-4362-b8ab-f4f1b641fff8",
    "processed_at": "2025-11-18T14:25:11.827917",
    "api_version": "1.0.0",
    "periodo_id": "string"
  },
  "hoja": {
    "tJson": "BSQE\nBS0003\nM/S\nMEAL\n日期 25/6/21\nTARIKH\nNO. 13846\n数量 摘要 價目 銀額\nNO. KUANTITI JENIS BARANG - BARANG HARGA JUMLAH\n1\n2 makanan\n3\n4 minuman\n5\n6\n7\n8\n9 USD 6.30\n貨物出門,泥不退换。\nBarang yang sudah dijual tidak boleh dikembalikan.\nTRAS RIVER SIDE\nKEDAI MAKAN JUMLAH/總計 26.9\nLORONG JELAWAT 4,\n13700 SEBERANG PERAI, 經手人\nterima Olet. PINANG, Disahkan Oleh..",
    "tJsonTraducido": null,
    "lFormato": false,
    "iMIdioma": 5,
    "iMDocumentoTipo": 1,
    "tSequentialNumber": "BS0003"
  },
  "additional_data": {
    "mcomprobante": [
      {
        "_stamp_name": "BSQE",
        "_sequential_number": "BS0003",
        "tNumero": "13846",
        "tSerie": null,
        "fEmision": "25/6/21",
        "tCliente": null,
        "nPrecioTotal": 6.3
      }
    ],
    "mcomprobante_detalle": [
      {
        "nCantidad": 1.0,
        "tDescripcion": "Item 9 (USD)",
        "nPrecioUnitario": 6.3,
        "nPrecioTotal": 6.3
      },
      {
        "nCantidad": 2.0,
        "tDescripcion": "makanan",
        "nPrecioUnitario": 6.3,
        "nPrecioTotal": 6.3
      },
      {
        "nCantidad": 3.0,
        "tDescripcion": "minuman",
        "nPrecioUnitario": 6.3,
        "nPrecioTotal": 6.3
      }
    ],
    "midioma": [
      {
        "iMIdioma": 5,
        "tIdioma": "Chino"
      }
    ],
    "mdocumento_tipo": [
      {
        "iMDocumentoTipo": 1,
        "tTipo": "Comprobante"
      }
    ],
    "mdivisa": [
      {
        "tDivisa": "USD"
      }
    ],
    "mnaturaleza": [
      {
        "tNaturaleza": "Alimentación"
      }
    ],
    "mproveedor": [
      {
        "tRazonSocial": "NO. KUANTITI JENIS BARANG"
      }
    ],
    "mresumen": [],
    "mjornada": [],
    "mjornada_empleado": [],
    "marchivo_tipo": [],
    "munidad_medida": []
  }
}