{
  "metadata": {
    "version": "1.0.0",
    "parser": "ExtractorOCR",
    "extraction_date": "2025-11-18T14:20:33.779667",
    "type": "structured",
    "email": "mariadelosangeles.abanto@newmont.com",
    "year": 2025,
    "month": "Octubre",
    "request_id": "eada6176-0aa0-4362-b8ab-f4f1b641fff8",
    "processed_at": "2025-11-18T14:25:11.827917",
    "api_version": "1.0.0",
    "periodo_id": "string"
  },
  "hoja": {
    "tJson": "BSQE\nBS0003\nTOT, $759.05 Annex #01\nTouch nGO\nRound Trips Toll Fees\nDate Visit Malaysia Currency US Currency\n8-Jun-25 41.35 10\n15-Jun-25 41.35 10\n$20",
    "tJsonTraducido": null,
    "lFormato": false,
    "iMIdioma": 2,
    "iMDocumentoTipo": 99,
    "tSequentialNumber": "BS0003"
  },
  "additional_data": {
    "midioma": [
      {
        "iMIdioma": 2,
        "tIdioma": "Inglés"
      }
    ],
    "mdocumento_tipo": [
      {
        "iMDocumentoTipo": 99,
        "tTipo": "Desconocido"
      }
    ],
    "mdivisa": [
      {
        "tDivisa": "USD"
      }
    ],
    "mnaturaleza": [
      {
        "tNaturaleza": "Otro"
      }
    ],
    "mcomprobante_detalle": [
      {
        "nCantidad": 1.0,
        "tDescripcion": "TOT,",
        "nPrecioUnitario": 759.05,
        "nPrecioTotal": 759.05,
        "_currency": "$",
        "_source_line": 3,
        "_auto_extracted": true
      },
      {
        "nCantidad": 1.0,
        "tDescripcion": "TOT, $",
        "nPrecioUnitario": 759.05,
        "nPrecioTotal": 759.05,
        "_currency": "USD",
        "_source_line": 3,
        "_auto_extracted": true
      },
      {
        "nCantidad": 1.0,
        "tDescripcion": "TOT,",
        "nPrecioUnitario": 759.0,
        "nPrecioTotal": 759.0,
        "_currency": "$",
        "_source_line": 3,
        "_auto_extracted": true
      },
      {
        "nCantidad": 1.0,
        "tDescripcion": "8-Jun-25",
        "nPrecioUnitario": 41.35,
        "nPrecioTotal": 41.35,
        "_currency": "USD",
        "_source_line": 7,
        "_auto_extracted": true
      },
      {
        "nCantidad": 1.0,
        "tDescripcion": "Valor monetario línea 9",
        "nPrecioUnitario": 20.0,
        "nPrecioTotal": 20.0,
        "_currency": "$",
        "_source_line": 9,
        "_auto_extracted": true
      },
      {
        "nCantidad": 1.0,
        "tDescripcion": "$",
        "nPrecioUnitario": 20.0,
        "nPrecioTotal": 20.0,
        "_currency": "USD",
        "_source_line": 9,
        "_auto_extracted": true
      },
      {
        "nCantidad": 1.0,
        "tDescripcion": "TOT, .",
        "nPrecioUnitario": 5.0,
        "nPrecioTotal": 5.0,
        "_currency": "USD",
        "_source_line": 3,
        "_auto_extracted": true
      },
      {
        "nCantidad": 1.0,
        "tDescripcion": "TOT,  Annex #",
        "nPrecioUnitario": 1.0,
        "nPrecioTotal": 1.0,
        "_currency": "USD",
        "_source_line": 3,
        "_auto_extracted": true
      }
    ],
    "mresumen": [],
    "mcomprobante": [],
    "mjornada": [],
    "mjornada_empleado": [],
    "mproveedor": [],
    "marchivo_tipo": [],
    "munidad_medida": []
  }
}