{
  "metadata": {
    "version": "1.0.0",
    "parser": "ExtractorOCR",
    "extraction_date": "2025-11-18T14:20:31.565011",
    "type": "structured",
    "email": "mariadelosangeles.abanto@newmont.com",
    "year": 2025,
    "month": "Octubre",
    "request_id": "eada6176-0aa0-4362-b8ab-f4f1b641fff8",
    "processed_at": "2025-11-18T14:25:11.827917",
    "api_version": "1.0.0",
    "periodo_id": "string"
  },
  "hoja": {
    "tJson": "BECHTEL\nInvoice Approval Report\nBSQE\nBS0002\nPage 1 of 1\nSupplier Data\nSupplier Name\nHAWK INTERNATIONAL SRL\nSupplier Number\n1000050793\nOperating Unit\n82\nInvoice Group Detail\nInvoice Group\nINV Group ID\nInvoice Number\nBSQEUSD\n751671 33025\nBSQEUSD\n751671 33125\nBSQEUSD\n751671 33225\nBSQEUSD\n751671 33325\nBSQEUSD\n751671 33425\nBSQEUSD\n751671 33525\nBSQEUSD\n751671 33625\nBSQEUSD\n751671 33725\nBSQEUSD\n751671 33825\nBSQEUSD\n751671 33925\nInvoice Data\nInvoice Number\n33325\nPO Number\n446477\nInvoice Date\n30-JUN-25\nInvoice Amount\n122.94\nInvoice Description\nAPPROVAL REQ PO REV REQ\nLine Line Nat Job Sub Cost Acct Sale Acct Sale Acct Sale Red Red Net Inv Comments\nType Amount Class Job Job Code Tax Rate Tax Basis Tax Amt Type Amount Amount\n890 264 223\n42\nApproval History Details\nSeq No Reviewer Emp# Approval Limit Review Date Status Comments\n1651363- AMSEMIEN 233673 22-JUL-25 APPROVED\n1",
    "tJsonTraducido": null,
    "lFormato": false,
    "iMIdioma": 2,
    "iMDocumentoTipo": 1,
    "tSequentialNumber": "BS0002"
  },
  "additional_data": {
    "mcomprobante": [
      {
        "_stamp_name": "BSQE",
        "_sequential_number": "BS0002",
        "tNumero": "33325",
        "tSerie": null,
        "nPrecioTotal": 122.94,
        "tCliente": null,
        "_oracle_operating_unit": "82",
        "_oracle_supplier_name": "HAWK INTERNATIONAL SRL"
      }
    ],
    "mproveedor": [
      {
        "tRazonSocial": "HAWK INTERNATIONAL SRL\nSupplier Number"
      }
    ],
    "mcomprobante_detalle": [
      {
        "nCantidad": 1.0,
        "tDescripcion": "890 264 223",
        "nPrecioUnitario": 42.0,
        "nPrecioTotal": 42.0
      },
      {
        "nCantidad": 1.0,
        "tDescripcion": "Valor monetario línea 45",
        "nPrecioUnitario": 122.94,
        "nPrecioTotal": 122.94,
        "_currency": "USD",
        "_source_line": 45,
        "_auto_extracted": true
      }
    ],
    "midioma": [
      {
        "iMIdioma": 2,
        "tIdioma": "Inglés"
      }
    ],
    "mdocumento_tipo": [
      {
        "iMDocumentoTipo": 1,
        "tTipo": "Comprobante"
      }
    ],
    "mdivisa": [
      {
        "tDivisa": "USD"
      }
    ],
    "mnaturaleza": [
      {
        "tNaturaleza": "Otro"
      }
    ],
    "mresumen": [],
    "mjornada": [],
    "mjornada_empleado": [],
    "marchivo_tipo": [],
    "munidad_medida": []
  }
}