{
  "metadata": {
    "version": "1.0.0",
    "parser": "ExtractorOCR",
    "extraction_date": "2025-11-18T14:20:24.808361",
    "type": "structured",
    "email": "mariadelosangeles.abanto@newmont.com",
    "year": 2025,
    "month": "Octubre",
    "request_id": "eada6176-0aa0-4362-b8ab-f4f1b641fff8",
    "processed_at": "2025-11-18T14:25:11.827917",
    "api_version": "1.0.0",
    "periodo_id": "string"
  },
  "hoja": {
    "tJson": "• Bechtel inv 347/25 Corpus BOG6 USA-Expenses\n• Bechtel inv 348/25 Collahuasi Ujina-Labor\n• Bechtel inv 349/25 Collahuasi Ujina-Expenses\n• Bechtel inv 350/25 Corpus Christi Midscale -Labor\n• Bechtel inv 351/25 Corpus Christi Midscale -Expenses\n• Bechtel inv 352/25 Corpus Christi Midscale USA -Labor\n• Bechtel inv 353/25 Corpus Christi Midscale USA-Expenses\n• Bechtel inv 354/25 Cardinal Sem. -Labor\n• Bechtel inv 355/25 Cardinal Sem. Asia -Labor\n• Bechtel inv 356/25 Cardinal Sem. Asia -Expenses\n• Bechtel inv 357/25 Cardinal Sem. USA -Labor\n• Bechtel inv 358/25 Cardinal Sem. USA -Expenses\n• Bechtel inv 359/25 Driftwood -Labor\n• Bechtel inv 360/25 Driftwood -Expenses\n• Bechtel inv 361/25 Driftwood Asia -Labor\n• Bechtel inv 362/25 Driftwood Asia -Expenses\n• Bechtel inv 363/25 Driftwood USA-Labor\n• Bechtel inv 364/25 Driftwood USA-Expenses\n• Bechtel inv 365/25 Port Arthur -Labor\n• Bechtel inv 366/25 Port Arthur -Expenses\n• Bechtel inv 367/25 Port Arthur Asia-Labor\n• Bechtel inv 368/25 Port Arthur Asia-Expenses\n• Bechtel inv 369/25 Port Arthur USA -Labor\n• Bechtel inv 370/25 Port Arthur USA -Expenses\n• Bechtel inv 371/25 Rio Grande Nat -Labor\n• Bechtel inv 372/25 Rio Grande Nat -Expenses\n• Bechtel inv 373/25 Rio Grande Nat. Asia -Labor\n• Bechtel inv 374/25 Rio Grande LNG Asia-Labor\n• Bechtel inv 375/25 Rio Grande LNG Asia-Expenses\n• Bechtel inv 376/25 Rio Grande LNG -Labor\n• Bechtel inv 377/25 Rio Grande LNG -Expenses\n• Bechtel inv 378/25 Rio Grande LNG USA -Labor\n• Bechtel inv 379/25 Rio Grande LNG USA -Expenses\n• Bechtel inv 380/25 Rio Grande Nat. USA-Labor\n• Bechtel inv 381/25 Rio Grande Nat. USA-Expenses\n• Bechtel inv 382/25 Mobile Launcher USA -Labor\n• Bechtel inv 383/25 Mobile Launcher USA -Expenses\n• Bechtel inv 384/25 Mobile Launcher USA -Labor\n• Bechtel inv 385/25 Mobile Launcher USA -Labor\n• Bechtel inv 386/25 - 24084-TRN\n• Bechtel inv 387/25 MLP AD800 -Labor\nBest regards\nHawk\nINTERNATIONAL\nGloria Checcarelli\nGeneral Manager\nvia G. Spontini 1 - 20131 Milano\nΟ +39 0220241367 | M +39 3283614805\ngloria@hawkpros.com | hawkpros.com\n2\nBSQE\nBS0002",
    "tJsonTraducido": null,
    "lFormato": false,
    "iMIdioma": 2,
    "iMDocumentoTipo": 3,
    "tSequentialNumber": "BS0002"
  },
  "additional_data": {
    "midioma": [
      {
        "iMIdioma": 2,
        "tIdioma": "Inglés"
      }
    ],
    "mdocumento_tipo": [
      {
        "iMDocumentoTipo": 3,
        "tTipo": "Jornada"
      }
    ],
    "mnaturaleza": [
      {
        "tNaturaleza": "Otro"
      }
    ],
    "mproveedor": [
      {
        "tRazonSocial": "Bechtel inv"
      }
    ],
    "mresumen": [],
    "mcomprobante": [],
    "mcomprobante_detalle": [],
    "mjornada": [],
    "mjornada_empleado": [],
    "marchivo_tipo": [],
    "mdivisa": [],
    "munidad_medida": []
  }
}