{
  "metadata": {
    "version": "1.0.0",
    "parser": "ExtractorOCR",
    "extraction_date": "2025-11-18T14:23:10.699465",
    "type": "structured",
    "email": "mariadelosangeles.abanto@newmont.com",
    "year": 2025,
    "month": "Octubre",
    "request_id": "eada6176-0aa0-4362-b8ab-f4f1b641fff8",
    "processed_at": "2025-11-18T14:25:11.827917",
    "api_version": "1.0.0",
    "periodo_id": "string"
  },
  "hoja": {
    "tJson": "BSQE\nBS0004\n6/17-20. IN-SA-5801-25p77k (365)\nBch bel\n存 *46*003745805517\n根 9135774*00000*00\nSHANG\n上演出六年服务公司\nMONG ACTOMONE VICE CO\nTAXI\n国家税务总局\n发票代码:\n海翡发票\n131002460312\n发票号码:00011380\n913401121337076674\n监督电话:61293588\n业务电话:549873\n手写无效\n车号 H-V2396\n证号 010715\n日期 2025-06-17\n无上(K0580)06:28\n07:03\n4.31元/km\n节假日\n卡号\n单位\n等候\n15.0km\n00:87.19\n54.00元\nZ35G009908 检票:8A8B\n上海虹桥站 G586 镇江南站\nShanghaihongqiao Zhenjiangnan\n2025年06月17日08:25开 10年09F号\n¥115.0元 二等座\n仅供报销使用\n3102301972****6975 董志超\n报销凭证遗失不补\n退票改签时须交回车站\n66842300350619G009908 JM\n上海申通地铁集团有限公司定额发票\n海申通地铁集团有限\n913100006317558649\n发票专用章\n司\nW\n国家税务总局\n上海票务局联\n发票代码 131002360204\n发票号码 27732748\n壹拾元\n(加盖发票专用章)\n统一社会信用代码:913100006317558649\n世光印务2023年02月印600000本@5000000001-30000000\n江北级统一发票\n通用机打发票\n发票联的\n国家税务总局\n统一发票品\n江苏通用机打发票\n国家税务远局\n发票代码:132112181210\n发票号码:08636232\n本发票手写无效\n单位镇江金安\n车号 L-90853\n日期 2025年06月17日\n上车 K0920 09:46\n下车 10:56\n单价 3.00元/公里\n里程 48.9公里\n等候 00:07.54\n金额 148.00元\n【省鎮江市出租海\n监督电话:\n发票专用章\n无锡市证券印刷有限公司2021年1月年1σικά,\n发票代码:132102181210\n发票号码:10144488\n投诉电话:12328\n监督电话:12315\n单位\nট\n09\n电话\n车号\n证号\n日\n051483411289\nK-AD005\n上午2025年06月17日\n下车\n单价\n里程\n手等候\n手写无效\n存\n根\n金额\n电费\nIC卡号\nIC卡原额\nIC卡金額\n17:28\n17:53\n2.70元/公里\n12.0公里\n00:07.23\n1\n38.00元\n江漢字12500000012000000\nPage 3 of 7\n148\n179-\n327.1\n327\n38\n365\n365..",
    "tJsonTraducido": null,
    "lFormato": false,
    "iMIdioma": 5,
    "iMDocumentoTipo": 99,
    "tSequentialNumber": "BS0004"
  },
  "additional_data": {
    "midioma": [
      {
        "iMIdioma": 5,
        "tIdioma": "Chino"
      }
    ],
    "mdocumento_tipo": [
      {
        "iMDocumentoTipo": 99,
        "tTipo": "Desconocido"
      }
    ],
    "mdivisa": [
      {
        "tDivisa": "CNY"
      }
    ],
    "mnaturaleza": [
      {
        "tNaturaleza": "Otro"
      }
    ],
    "mproveedor": [
      {
        "tRazonSocial": "MONG ACTOMONE VICE CO"
      }
    ],
    "mcomprobante_detalle": [
      {
        "nCantidad": 1.0,
        "tDescripcion": "00:",
        "nPrecioUnitario": 87.19,
        "nPrecioTotal": 87.19,
        "_currency": "USD",
        "_source_line": 31,
        "_auto_extracted": true
      },
      {
        "nCantidad": 1.0,
        "tDescripcion": "等候 00:",
        "nPrecioUnitario": 7.54,
        "nPrecioTotal": 7.54,
        "_currency": "USD",
        "_source_line": 74,
        "_auto_extracted": true
      },
      {
        "nCantidad": 1.0,
        "tDescripcion": "00:",
        "nPrecioUnitario": 7.23,
        "nPrecioTotal": 7.23,
        "_currency": "USD",
        "_source_line": 110,
        "_auto_extracted": true
      }
    ],
    "mresumen": [],
    "mcomprobante": [],
    "mjornada": [],
    "mjornada_empleado": [],
    "marchivo_tipo": [],
    "munidad_medida": []
  }
}