{
  "metadata": {
    "version": "1.0.0",
    "parser": "ExtractorOCR",
    "extraction_date": "2025-11-18T14:23:45.682086",
    "type": "structured",
    "email": "mariadelosangeles.abanto@newmont.com",
    "year": 2025,
    "month": "Octubre",
    "request_id": "eada6176-0aa0-4362-b8ab-f4f1b641fff8",
    "processed_at": "2025-11-18T14:25:11.827917",
    "api_version": "1.0.0",
    "periodo_id": "string"
  },
  "hoja": {
    "tJson": "BSQE\nBS0004\n辽税票通(2022)71号 鞍山市方美印务有限公司2022年9月印制\n辽税票通(2022)71号 鞍山市方美印务有限公司2022年9月印制\n辽税票通(2022)71号 鞍山市方美印务有限公司2022年9月印制\n国家格备总局:\n发票联\n辽宁省税务局\n发票代码:121082271141\n发票号码:05895246\n监督电话:\n辽宁省\n发票\n辽宁租汽车监制发票\n市出租汽\n发票专用章\n营口市市场监督管理局2315\n营口市交通运输局:12328\n机打发票,手写无效\n国家格备\n友\n辽宁省税务局\n发票代码:121082271141\n发票号码:05895264\n监督电话:\n口市出租汽\n营口市市场监督管理局12315\n发票专用章\n营口市交通运输局:12328\n机打发票,手写无效\n學家总局联\n票\n辽宁省税务局\n发票代码:121082271141\n发票号码:05895261\n监督电话:\n发票\n营口市市场监督管理局市出租汽\n12315\n发票专用章\n营口市交通运输局:12328\n机打发票,手写无效\n燕兴公司\n2951766\n单位:\n电话:\n车号:辽 H -NU677\n日期:\n单位:\n大众公司\n电话:\n2951679\n单位:\n电话:\n佳源出租\n5816322\n车号:辽 H\nHS386\n车号:辽 H\nAA097\n2025年06月22日\n日期:\n2025-06-21\n日期:\n2025-06-22\n上车:\n07:36\n上车:\n17:22\n上车:\n16:21\n下车:\n08:04\n下车:\n17:50\n下车:\n17:03\n里程:\n20.9公里\n里程:\n20.4km\n里程:\n30.0km\n等候:\n00:01.03\n等候:\n00:01.02\n金额:\n46.00元\n等候:\n金额:\n00:02.01\n金额:\n48.00元\n70.00元\n手写无效\n2025062218221746\n0000000000000009\n0000000000000000\n0000000000000000\n发票\n号码\n15681494\n大连市出租汽车专用发票\nDAMAN TAXI SPECIAL BEGIPT\n代码\n大连世界有\n月22\n大税通(2022)120号\n国家税务总局\n发票联\n121022211221\n代\n日期\n车号\n上车\n下车\n单价\n计程\n计时\n金额\n金号\n存额\n1369发票专用章\n2025-06-22\nB-16T17\n18:44\n19:16\n2.00元/km\n17-2km\n00:09-58\n40-00元\n00000000\n0.00元\n各橋 15681494\nPage 3 of 4",
    "tJsonTraducido": null,
    "lFormato": false,
    "iMIdioma": 5,
    "iMDocumentoTipo": 99,
    "tSequentialNumber": "BS0004"
  },
  "additional_data": {
    "midioma": [
      {
        "iMIdioma": 5,
        "tIdioma": "Chino"
      }
    ],
    "mdocumento_tipo": [
      {
        "iMDocumentoTipo": 99,
        "tTipo": "Desconocido"
      }
    ],
    "mdivisa": [
      {
        "tDivisa": "CNY"
      }
    ],
    "mnaturaleza": [
      {
        "tNaturaleza": "Otro"
      }
    ],
    "mcomprobante_detalle": [
      {
        "nCantidad": 1.0,
        "tDescripcion": "00:",
        "nPrecioUnitario": 2.01,
        "nPrecioTotal": 2.01,
        "_currency": "USD",
        "_source_line": 92,
        "_auto_extracted": true
      },
      {
        "nCantidad": 1.0,
        "tDescripcion": "00:",
        "nPrecioUnitario": 1.03,
        "nPrecioTotal": 1.03,
        "_currency": "USD",
        "_source_line": 85,
        "_auto_extracted": true
      },
      {
        "nCantidad": 1.0,
        "tDescripcion": "00:",
        "nPrecioUnitario": 1.02,
        "nPrecioTotal": 1.02,
        "_currency": "USD",
        "_source_line": 87,
        "_auto_extracted": true
      }
    ],
    "mresumen": [],
    "mcomprobante": [],
    "mjornada": [],
    "mjornada_empleado": [],
    "mproveedor": [],
    "marchivo_tipo": [],
    "munidad_medida": []
  }
}