{
  "metadata": {
    "version": "1.0.0",
    "parser": "ExtractorOCR",
    "extraction_date": "2025-11-18T14:24:52.044357",
    "type": "structured",
    "email": "mariadelosangeles.abanto@newmont.com",
    "year": 2025,
    "month": "Octubre",
    "request_id": "eada6176-0aa0-4362-b8ab-f4f1b641fff8",
    "processed_at": "2025-11-18T14:25:11.827917",
    "api_version": "1.0.0",
    "periodo_id": "string"
  },
  "hoja": {
    "tJson": "Flores Fuentes, Fanny\nFrom: AIR LINE TAXI <messenger@messaging.squareup.com>\nSent: miércoles, 28 de mayo de 2025 23:12\nTo: Flores Fuentes, Fanny\nSubject: Receipt from AIR LINE TAXI\nAeropuerto QTEM\nn OE0001\nThis Email Originated Outside of Bechtel\nCaution: Do not click links or open attachments unless you recognize the sender and know the content is safe.\nSquare automatically sends receipts to the email\naddress you used at any Square seller. Learn more\nAIR LINE TAXI\nLet AIR LINE TAXI know how your\nexperience was\n$241.15\nCustom Amount $241.15\nTotal $241.15\nГутер\n1",
    "tJsonTraducido": null,
    "lFormato": false,
    "iMIdioma": 1,
    "iMDocumentoTipo": 99,
    "tSequentialNumber": "OE0001"
  },
  "additional_data": {
    "midioma": [
      {
        "iMIdioma": 1,
        "tIdioma": "Español"
      }
    ],
    "mdocumento_tipo": [
      {
        "iMDocumentoTipo": 99,
        "tTipo": "Desconocido"
      }
    ],
    "mdivisa": [
      {
        "tDivisa": "USD"
      }
    ],
    "mnaturaleza": [
      {
        "tNaturaleza": "Otro"
      }
    ],
    "mproveedor": [
      {
        "tRazonSocial": "to QTEM\nn OE"
      }
    ],
    "mcomprobante_detalle": [
      {
        "nCantidad": 1.0,
        "tDescripcion": "Valor monetario línea 15",
        "nPrecioUnitario": 241.15,
        "nPrecioTotal": 241.15,
        "_currency": "$",
        "_source_line": 15,
        "_auto_extracted": true
      },
      {
        "nCantidad": 1.0,
        "tDescripcion": "$",
        "nPrecioUnitario": 241.15,
        "nPrecioTotal": 241.15,
        "_currency": "USD",
        "_source_line": 15,
        "_auto_extracted": true
      },
      {
        "nCantidad": 1.0,
        "tDescripcion": "Valor monetario línea 15",
        "nPrecioUnitario": 241.0,
        "nPrecioTotal": 241.0,
        "_currency": "$",
        "_source_line": 15,
        "_auto_extracted": true
      },
      {
        "nCantidad": 1.0,
        "tDescripcion": "$241.",
        "nPrecioUnitario": 15.0,
        "nPrecioTotal": 15.0,
        "_currency": "USD",
        "_source_line": 15,
        "_auto_extracted": true
      }
    ],
    "mresumen": [],
    "mcomprobante": [],
    "mjornada": [],
    "mjornada_empleado": [],
    "marchivo_tipo": [],
    "munidad_medida": []
  }
}