{
  "metadata": {
    "version": "1.0.0",
    "parser": "ExtractorOCR",
    "extraction_date": "2025-11-18T14:23:11.748572",
    "type": "structured",
    "email": "mariadelosangeles.abanto@newmont.com",
    "year": 2025,
    "month": "Octubre",
    "request_id": "eada6176-0aa0-4362-b8ab-f4f1b641fff8",
    "processed_at": "2025-11-18T14:25:11.827917",
    "api_version": "1.0.0",
    "periodo_id": "string"
  },
  "hoja": {
    "tJson": "4/8-25\nIN-SA-5801-25P77k\nBch bel (497)\n国家税务总局\n发票联\n发票代码:132102181210\n发票号码: 08038491\n投诉电话:12328\n监督电话:12315\n单位\n电话\n04\n51483411289\n证号 K-H0920\n日期 145\n上午:2025年06月18日\n下车 07:41\n单价 3.00元/公里\n里程 17.5公里\n金额 00:04.43\n电召费 2\nIC卡号\nIC卡原额 51.00元\nIC卡余额\n江苏通用机打发票\n国家税务总局\n发票代码:132102181210\n发票号码:04224489\n投诉电话:12328\n监督电话:12315\n单位\n06\n电话51483411289\n车号\n证号 K-D7522\n日期 省扬根市716\n上午:2025年06月18日\n下车 发生1836\n单价 12:53\n里程 3.00元/公里\n手等候 48.9公里\n金额 00:08.18\n电召费 2\nIC卡号\n146.00元\nIC卡原额\nIC卡余额\n146\n197\n197\n324\n172\n324\n173\n497\nZ35G00990\n检票口A2\n镇江南站 G261 上海虹桥站\nZhenjiangnan\n2025年06月18日13:14开\n¥127.0元\n仅供报销使用\nShanghaihongqiao\n3102301972****6975 董志超\n报销凭证遗失不补\n退票改签时须交回车站\n66842300350619G009907 JM\n二等座\n05年04F号\nBSQE\nBS0004\n存\n*88*008845884588\n根 9945884*00000*00\n上海友联汽车出租服务有限公司\nSHANGH\nTAXI\n国家税务局监制\n车费发票\nFARE RECENT\n发票代码:\ncom.\n131002460114\n发票号码: 00539069\n第一社会信用代码\n服务电话:5600009\n车号\n证号\nG-M5618\n231952\n日期 2025-06-18\n无上车(K0620)14:55\n下车 16:31\n单价 4.31元/km\n里程 43.2km\n等候 00:10.02\n全額 173.00元\n电0元\n节假日附加費\nPage 4 of 7",
    "tJsonTraducido": null,
    "lFormato": false,
    "iMIdioma": 5,
    "iMDocumentoTipo": 99,
    "tSequentialNumber": "BS0004"
  },
  "additional_data": {
    "midioma": [
      {
        "iMIdioma": 5,
        "tIdioma": "Chino"
      }
    ],
    "mdocumento_tipo": [
      {
        "iMDocumentoTipo": 99,
        "tTipo": "Desconocido"
      }
    ],
    "mdivisa": [
      {
        "tDivisa": "CNY"
      }
    ],
    "mnaturaleza": [
      {
        "tNaturaleza": "Otro"
      }
    ],
    "mcomprobante_detalle": [
      {
        "nCantidad": 1.0,
        "tDescripcion": "等候 00:",
        "nPrecioUnitario": 10.02,
        "nPrecioTotal": 10.02,
        "_currency": "USD",
        "_source_line": 96,
        "_auto_extracted": true
      },
      {
        "nCantidad": 1.0,
        "tDescripcion": "金额 00:",
        "nPrecioUnitario": 8.18,
        "nPrecioTotal": 8.18,
        "_currency": "USD",
        "_source_line": 42,
        "_auto_extracted": true
      },
      {
        "nCantidad": 1.0,
        "tDescripcion": "金额 00:",
        "nPrecioUnitario": 4.43,
        "nPrecioTotal": 4.43,
        "_currency": "USD",
        "_source_line": 20,
        "_auto_extracted": true
      }
    ],
    "mresumen": [],
    "mcomprobante": [],
    "mjornada": [],
    "mjornada_empleado": [],
    "mproveedor": [],
    "marchivo_tipo": [],
    "munidad_medida": []
  }
}