{
  "metadata": {
    "version": "1.0.0",
    "parser": "ExtractorOCR",
    "extraction_date": "2025-11-18T14:20:34.641173",
    "type": "structured",
    "email": "mariadelosangeles.abanto@newmont.com",
    "year": 2025,
    "month": "Octubre",
    "request_id": "eada6176-0aa0-4362-b8ab-f4f1b641fff8",
    "processed_at": "2025-11-18T14:25:11.827917",
    "api_version": "1.0.0",
    "periodo_id": "string"
  },
  "hoja": {
    "tJson": "BECHTEL JOBS NO.: 26443\nProject: Yanacocha AWTP Onshore\nATTACHMENT TO INVOICE NO. 335/25\nResource Vendor Assignment no. Report Number Request Type of Activity Date of visit hrs hrly rate km/ miles mileage rate Expenses Total Labor Total Expenses Total Amount Annex No.\nMALAYSIA\nMohd Shah Hashim BW Water, Seberang Jaya, Malaysia 26443-220-ΥΖΑ-MWR0-10001 26443-220-YQA-MWRO-10018 28152 Inspection 8thru14-Jun-25 73.0 780 $ 0.70 $ 759.05 $ - $ 1,305.05 $ 1,305.05 # 01\nMohd Shah Hashim BW Water, Seberang Jaya, Malaysia 26443-220-ΥΖΑ-MWR0-10001 26443-220-YQA-MWRO-10019 28152 Inspection 17thru22-Jun-25 67.0 780 $ 0.70 $ 676.15 $ - $ 1,222.15 $ 1,222.15 # 02\nMohd Shah Hashim BW Water, Seberang Jaya, Malaysia 26443-220-ΥΖΑ-MWR0-10001 26443-220-YQA-MWRO-10020 28152 Inspection 24thru28-Jun-25 42.5 780 $ 0.70 $ 682.60 $ - $ 1,228.60 $ 1,228.60 # 03\nTOTAL AMOUNT IN US$ 182.5 2,340 $ 2,117.80 $ - $ 3,755.80 $ 3,755.80\nSht 1 of 1\nBSQE\nBS0003",
    "tJsonTraducido": null,
    "lFormato": false,
    "iMIdioma": 2,
    "iMDocumentoTipo": 1,
    "tSequentialNumber": "BS0003"
  },
  "additional_data": {
    "mcomprobante": [
      {
        "_stamp_name": "BSQE",
        "_sequential_number": "BS0003",
        "tNumero": "335/25",
        "tSerie": null,
        "nPrecioTotal": 2117.8,
        "tCliente": null
      }
    ],
    "mcomprobante_detalle": [
      {
        "nCantidad": 1.0,
        "tDescripcion": "Mohd Shah - Hashim BW Water, Seberang Jaya, Malaysia",
        "nPrecioUnitario": 1305.05,
        "nPrecioTotal": 1305.05
      },
      {
        "nCantidad": 1.0,
        "tDescripcion": "Mohd Shah - Hashim BW Water, Seberang Jaya, Malaysia",
        "nPrecioUnitario": 1222.15,
        "nPrecioTotal": 1222.15
      },
      {
        "nCantidad": 1.0,
        "tDescripcion": "Mohd Shah - Hashim BW Water, Seberang Jaya, Malaysia",
        "nPrecioUnitario": 1228.6,
        "nPrecioTotal": 1228.6
      },
      {
        "nCantidad": 73.0,
        "tDescripcion": "Inspection 8thru14-Jun-25",
        "nPrecioUnitario": 780.0,
        "nPrecioTotal": 1305.05
      },
      {
        "nCantidad": 67.0,
        "tDescripcion": "Inspection 17thru22-Jun-25",
        "nPrecioUnitario": 780.0,
        "nPrecioTotal": 1222.15
      },
      {
        "nCantidad": 42.5,
        "tDescripcion": "Inspection 24thru28-Jun-25",
        "nPrecioUnitario": 780.0,
        "nPrecioTotal": 1228.6
      },
      {
        "nCantidad": 1.0,
        "tDescripcion": "TOTAL AMOUNT IN US.5 2,340  $ -",
        "nPrecioUnitario": 3755.8,
        "nPrecioTotal": 3755.8,
        "_currency": "$",
        "_source_line": 9,
        "_auto_extracted": true
      },
      {
        "nCantidad": 1.0,
        "tDescripcion": "TOTAL AMOUNT IN US.5 2,340  $ - $",
        "nPrecioUnitario": 3755.8,
        "nPrecioTotal": 3755.8,
        "_currency": "USD",
        "_source_line": 9,
        "_auto_extracted": true
      },
      {
        "nCantidad": 1.0,
        "tDescripcion": "TOTAL AMOUNT IN US.5 2,340",
        "nPrecioUnitario": 2117.8,
        "nPrecioTotal": 2117.8,
        "_currency": "$",
        "_source_line": 9,
        "_auto_extracted": true
      },
      {
        "nCantidad": 1.0,
        "tDescripcion": "TOTAL AMOUNT IN US.5 2,340 $",
        "nPrecioUnitario": 2117.8,
        "nPrecioTotal": 2117.8,
        "_currency": "USD",
        "_source_line": 9,
        "_auto_extracted": true
      },
      {
        "nCantidad": 1.0,
        "tDescripcion": "Mohd Shah Hashim BW Water, Seberang Jaya, Malaysia 26443-220-ΥΖΑ-MWR0-10001 26443-220-YQA-MWRO-10018",
        "nPrecioUnitario": 759.05,
        "nPrecioTotal": 759.05,
        "_currency": "$",
        "_source_line": 6,
        "_auto_extracted": true
      },
      {
        "nCantidad": 1.0,
        "tDescripcion": "Mohd Shah Hashim BW Water, Seberang Jaya, Malaysia 26443-220-ΥΖΑ-MWR0-10001 26443-220-YQA-MWRO-10018",
        "nPrecioUnitario": 759.05,
        "nPrecioTotal": 759.05,
        "_currency": "USD",
        "_source_line": 6,
        "_auto_extracted": true
      },
      {
        "nCantidad": 1.0,
        "tDescripcion": "Mohd Shah Hashim BW Water, Seberang Jaya, Malaysia 26443-220-ΥΖΑ-MWR0-10001 26443-220-YQA-MWRO-10018",
        "nPrecioUnitario": 759.0,
        "nPrecioTotal": 759.0,
        "_currency": "$",
        "_source_line": 6,
        "_auto_extracted": true
      },
      {
        "nCantidad": 1.0,
        "tDescripcion": "Mohd Shah Hashim BW Water, Seberang Jaya, Malaysia 26443-220-ΥΖΑ-MWR0-10001 26443-220-YQA-MWRO-10020",
        "nPrecioUnitario": 682.6,
        "nPrecioTotal": 682.6,
        "_currency": "$",
        "_source_line": 8,
        "_auto_extracted": true
      },
      {
        "nCantidad": 1.0,
        "tDescripcion": "Mohd Shah Hashim BW Water, Seberang Jaya, Malaysia 26443-220-ΥΖΑ-MWR0-10001 26443-220-YQA-MWRO-10020",
        "nPrecioUnitario": 682.6,
        "nPrecioTotal": 682.6,
        "_currency": "USD",
        "_source_line": 8,
        "_auto_extracted": true
      },
      {
        "nCantidad": 1.0,
        "tDescripcion": "Mohd Shah Hashim BW Water, Seberang Jaya, Malaysia 26443-220-ΥΖΑ-MWR0-10001 26443-220-YQA-MWRO-10020",
        "nPrecioUnitario": 682.0,
        "nPrecioTotal": 682.0,
        "_currency": "$",
        "_source_line": 8,
        "_auto_extracted": true
      },
      {
        "nCantidad": 1.0,
        "tDescripcion": "Mohd Shah Hashim BW Water, Seberang Jaya, Malaysia 26443-220-ΥΖΑ-MWR0-10001 26443-220-YQA-MWRO-10019",
        "nPrecioUnitario": 676.15,
        "nPrecioTotal": 676.15,
        "_currency": "$",
        "_source_line": 7,
        "_auto_extracted": true
      },
      {
        "nCantidad": 1.0,
        "tDescripcion": "Mohd Shah Hashim BW Water, Seberang Jaya, Malaysia 26443-220-ΥΖΑ-MWR0-10001 26443-220-YQA-MWRO-10019",
        "nPrecioUnitario": 676.15,
        "nPrecioTotal": 676.15,
        "_currency": "USD",
        "_source_line": 7,
        "_auto_extracted": true
      },
      {
        "nCantidad": 1.0,
        "tDescripcion": "Mohd Shah Hashim BW Water, Seberang Jaya, Malaysia 26443-220-ΥΖΑ-MWR0-10001 26443-220-YQA-MWRO-10019",
        "nPrecioUnitario": 676.0,
        "nPrecioTotal": 676.0,
        "_currency": "$",
        "_source_line": 7,
        "_auto_extracted": true
      },
      {
        "nCantidad": 1.0,
        "tDescripcion": "TOTAL AMOUNT IN US",
        "nPrecioUnitario": 182.0,
        "nPrecioTotal": 182.0,
        "_currency": "$",
        "_source_line": 9,
        "_auto_extracted": true
      },
      {
        "nCantidad": 1.0,
        "tDescripcion": "TOTAL AMOUNT IN US.5 2,340 ,117.",
        "nPrecioUnitario": 80.0,
        "nPrecioTotal": 80.0,
        "_currency": "USD",
        "_source_line": 9,
        "_auto_extracted": true
      },
      {
        "nCantidad": 1.0,
        "tDescripcion": "Mohd Shah Hashim BW Water, Seberang Jaya, Malaysia 26443-220-ΥΖΑ-MWR0-10001 26443-220-YQA-MWRO-10018",
        "nPrecioUnitario": 70.0,
        "nPrecioTotal": 70.0,
        "_currency": "USD",
        "_source_line": 6,
        "_auto_extracted": true
      },
      {
        "nCantidad": 1.0,
        "tDescripcion": "Mohd Shah Hashim BW Water, Seberang Jaya, Malaysia 26443-220-ΥΖΑ-MWR0-10001 26443-220-YQA-MWRO-10020",
        "nPrecioUnitario": 60.0,
        "nPrecioTotal": 60.0,
        "_currency": "USD",
        "_source_line": 8,
        "_auto_extracted": true
      },
      {
        "nCantidad": 1.0,
        "tDescripcion": "Mohd Shah Hashim BW Water, Seberang Jaya, Malaysia 26443-220-ΥΖΑ-MWR0-10001 26443-220-YQA-MWRO-10019",
        "nPrecioUnitario": 15.0,
        "nPrecioTotal": 15.0,
        "_currency": "USD",
        "_source_line": 7,
        "_auto_extracted": true
      },
      {
        "nCantidad": 1.0,
        "tDescripcion": "Mohd Shah Hashim BW Water, Seberang Jaya, Malaysia 26443-220-ΥΖΑ-MWR0-10001 26443-220-YQA-MWRO-10018",
        "nPrecioUnitario": 5.0,
        "nPrecioTotal": 5.0,
        "_currency": "USD",
        "_source_line": 6,
        "_auto_extracted": true
      },
      {
        "nCantidad": 1.0,
        "tDescripcion": "Mohd Shah Hashim BW Water, Seberang Jaya, Malaysia 26443-220-ΥΖΑ-MWR0-10001 26443-220-YQA-MWRO-10020",
        "nPrecioUnitario": 3.0,
        "nPrecioTotal": 3.0,
        "_currency": "USD",
        "_source_line": 8,
        "_auto_extracted": true
      },
      {
        "nCantidad": 1.0,
        "tDescripcion": "TOTAL AMOUNT IN US.5 2,340  $ -",
        "nPrecioUnitario": 3.0,
        "nPrecioTotal": 3.0,
        "_currency": "$",
        "_source_line": 9,
        "_auto_extracted": true
      },
      {
        "nCantidad": 1.0,
        "tDescripcion": "Mohd Shah Hashim BW Water, Seberang Jaya, Malaysia 26443-220-ΥΖΑ-MWR0-10001 26443-220-YQA-MWRO-10019",
        "nPrecioUnitario": 2.0,
        "nPrecioTotal": 2.0,
        "_currency": "USD",
        "_source_line": 7,
        "_auto_extracted": true
      },
      {
        "nCantidad": 1.0,
        "tDescripcion": "TOTAL AMOUNT IN US.5 2,340",
        "nPrecioUnitario": 2.0,
        "nPrecioTotal": 2.0,
        "_currency": "$",
        "_source_line": 9,
        "_auto_extracted": true
      },
      {
        "nCantidad": 1.0,
        "tDescripcion": "Mohd Shah Hashim BW Water, Seberang Jaya, Malaysia 26443-220-ΥΖΑ-MWR0-10001 26443-220-YQA-MWRO-10018",
        "nPrecioUnitario": 1.0,
        "nPrecioTotal": 1.0,
        "_currency": "$",
        "_source_line": 6,
        "_auto_extracted": true
      },
      {
        "nCantidad": 1.0,
        "tDescripcion": "Mohd Shah Hashim BW Water, Seberang Jaya, Malaysia 26443-220-ΥΖΑ-MWR0-10001 26443-220-YQA-MWRO-10018",
        "nPrecioUnitario": 1.0,
        "nPrecioTotal": 1.0,
        "_currency": "USD",
        "_source_line": 6,
        "_auto_extracted": true
      },
      {
        "nCantidad": 1.0,
        "tDescripcion": "Mohd Shah Hashim BW Water, Seberang Jaya, Malaysia 26443-220-ΥΖΑ-MWR0-10001 26443-220-YQA-MWRO-10018",
        "nPrecioUnitario": 0.7,
        "nPrecioTotal": 0.7,
        "_currency": "$",
        "_source_line": 6,
        "_auto_extracted": true
      }
    ],
    "midioma": [
      {
        "iMIdioma": 2,
        "tIdioma": "Inglés"
      }
    ],
    "mdocumento_tipo": [
      {
        "iMDocumentoTipo": 1,
        "tTipo": "Comprobante"
      }
    ],
    "mdivisa": [
      {
        "tDivisa": "USD"
      }
    ],
    "mnaturaleza": [
      {
        "tNaturaleza": "Otro"
      }
    ],
    "mproveedor": [
      {
        "tRazonSocial": "BECHTEL JOBS NO."
      }
    ],
    "mresumen": [],
    "mjornada": [],
    "mjornada_empleado": [],
    "marchivo_tipo": [],
    "munidad_medida": []
  }
}