{
  "metadata": {
    "version": "1.0.0",
    "parser": "ExtractorOCR",
    "extraction_date": "2025-11-18T14:20:53.999251",
    "type": "structured",
    "email": "mariadelosangeles.abanto@newmont.com",
    "year": 2025,
    "month": "Octubre",
    "request_id": "eada6176-0aa0-4362-b8ab-f4f1b641fff8",
    "processed_at": "2025-11-18T14:25:11.827917",
    "api_version": "1.0.0",
    "periodo_id": "string"
  },
  "hoja": {
    "tJson": "BSQE\nBS0003\nM/S\nMBALL\n日期\nDATE/TARIKH : 13/6/25\n號碼 摘要 數量 價目 銀額\nNO. PARTICULARS QUANTITY UNIT PRICE AMOUNT\nBUTIR-BUTIR KUANTITI HARGA JUMLAH\n1 25.90\n2\n3\n4\n5\n6\n7\n8\n9\n10 USD 6.30\n號碼: 71880 貨物出門,恕不退换· 總計\nNO. Goods sold are not returnable. TOTAL 25.90\nBarang yang sudah dijual JUMLAH\ntidak boleh dikembalikan.\nReceived by / Diterima oleh / 收貨人 Signature / Tandatangan / 經手人",
    "tJsonTraducido": null,
    "lFormato": false,
    "iMIdioma": 5,
    "iMDocumentoTipo": 1,
    "tSequentialNumber": "BS0003"
  },
  "additional_data": {
    "mcomprobante": [
      {
        "_stamp_name": "BSQE",
        "_sequential_number": "BS0003",
        "tNumero": null,
        "tSerie": null,
        "fEmision": "13/6/25",
        "nPrecioTotal": 25.0,
        "tCliente": null
      }
    ],
    "mcomprobante_detalle": [
      {
        "nCantidad": 1.0,
        "tDescripcion": "Item 10 (USD)",
        "nPrecioUnitario": 6.3,
        "nPrecioTotal": 6.3
      },
      {
        "nCantidad": 1.0,
        "tDescripcion": "USD",
        "nPrecioUnitario": 6.3,
        "nPrecioTotal": 6.3
      },
      {
        "nCantidad": 1.0,
        "tDescripcion": "NO. Goods sold are not returnable. TOTAL 25.",
        "nPrecioUnitario": 90.0,
        "nPrecioTotal": 90.0,
        "_currency": "USD",
        "_source_line": 21,
        "_auto_extracted": true
      },
      {
        "nCantidad": 1.0,
        "tDescripcion": "1",
        "nPrecioUnitario": 25.9,
        "nPrecioTotal": 25.9,
        "_currency": "USD",
        "_source_line": 10,
        "_auto_extracted": true
      },
      {
        "nCantidad": 1.0,
        "tDescripcion": "NO. Goods sold are not returnable. TOTAL",
        "nPrecioUnitario": 25.0,
        "nPrecioTotal": 25.0,
        "_currency": "USD",
        "_source_line": 21,
        "_auto_extracted": true
      }
    ],
    "midioma": [
      {
        "iMIdioma": 5,
        "tIdioma": "Chino"
      }
    ],
    "mdocumento_tipo": [
      {
        "iMDocumentoTipo": 1,
        "tTipo": "Comprobante"
      }
    ],
    "mdivisa": [
      {
        "tDivisa": "USD"
      }
    ],
    "mnaturaleza": [
      {
        "tNaturaleza": "Otro"
      }
    ],
    "mproveedor": [
      {
        "tRazonSocial": "NO. PARTICULARS QUANTITY UNIT PRICE AMOUNT"
      }
    ],
    "mresumen": [],
    "mjornada": [],
    "mjornada_empleado": [],
    "marchivo_tipo": [],
    "munidad_medida": []
  }
}