{
  "metadata": {
    "version": "1.0.0",
    "parser": "ExtractorOCR",
    "extraction_date": "2025-11-18T14:24:45.932525",
    "type": "structured",
    "email": "mariadelosangeles.abanto@newmont.com",
    "year": 2025,
    "month": "Octubre",
    "request_id": "eada6176-0aa0-4362-b8ab-f4f1b641fff8",
    "processed_at": "2025-11-18T14:25:11.827917",
    "api_version": "1.0.0",
    "periodo_id": "string"
  },
  "hoja": {
    "tJson": "Flores Fuentes, Fanny\nAeropuerto hoto OTEM\nOE0001\nFrom: Jean Felix Taxi <messenger@messaging.squareup.com>\nSent: lunes, 26 de mayo de 2025 12:03\nTo: Flores Fuentes, Fanny\nSubject: Receipt from Jean Felix Taxi\nThis Email Originated Outside of Bechtel\nCaution: Do not click links or open attachments unless you recognize the sender and know the content is safe.\nNow when you shop at sellers who use Square, your\nreceipts will be delivered automatically.\nNot your receipt?\nJean Felix Taxi\nLet Jean Felix Taxi know how your\nexperience was\n$35.00\nCustom Amount $35.00\nTotal $35.00\nJean Felix Taxi\n9113 Kentucky Day Ct\nGibsonton, FL 33534-3012\n(813) 516-3723\n1",
    "tJsonTraducido": null,
    "lFormato": false,
    "iMIdioma": 1,
    "iMDocumentoTipo": 99,
    "tSequentialNumber": "OE0001"
  },
  "additional_data": {
    "midioma": [
      {
        "iMIdioma": 1,
        "tIdioma": "Español"
      }
    ],
    "mdocumento_tipo": [
      {
        "iMDocumentoTipo": 99,
        "tTipo": "Desconocido"
      }
    ],
    "mdivisa": [
      {
        "tDivisa": "USD"
      }
    ],
    "mnaturaleza": [
      {
        "tNaturaleza": "Otro"
      }
    ],
    "mproveedor": [
      {
        "tRazonSocial": "Jean Felix Taxi\nThis Email Originated Outside of Bechtel\nCaution"
      }
    ],
    "mcomprobante_detalle": [
      {
        "nCantidad": 1.0,
        "tDescripcion": "Valor monetario línea 16",
        "nPrecioUnitario": 35.0,
        "nPrecioTotal": 35.0,
        "_currency": "$",
        "_source_line": 16,
        "_auto_extracted": true
      },
      {
        "nCantidad": 1.0,
        "tDescripcion": "$",
        "nPrecioUnitario": 35.0,
        "nPrecioTotal": 35.0,
        "_currency": "USD",
        "_source_line": 16,
        "_auto_extracted": true
      }
    ],
    "mresumen": [],
    "mcomprobante": [],
    "mjornada": [],
    "mjornada_empleado": [],
    "marchivo_tipo": [],
    "munidad_medida": []
  }
}