{
  "metadata": {
    "version": "1.0.0",
    "parser": "ExtractorOCR",
    "extraction_date": "2025-11-18T14:21:23.691629",
    "type": "structured",
    "email": "mariadelosangeles.abanto@newmont.com",
    "year": 2025,
    "month": "Octubre",
    "request_id": "eada6176-0aa0-4362-b8ab-f4f1b641fff8",
    "processed_at": "2025-11-18T14:25:11.827917",
    "api_version": "1.0.0",
    "periodo_id": "string"
  },
  "hoja": {
    "tJson": "BSQE\nBS0003\nMS\n日期\nTarikh 25/6/25\n号 数量 摘要 价目 银额\nNO. KUANTITI JENIS BARANG-BARANG HARGA JUMLAH (RM)\n1 23.00\n2\n3\n4\n5\n6\n7\n8\n9\n10\nUSD5.60\nCASH/INVOICE\n总计\nJUMLAH RM 23.60\nTERIMA OLEH 收货人\nDISAHKAN OLEH 经手人",
    "tJsonTraducido": null,
    "lFormato": false,
    "iMIdioma": 5,
    "iMDocumentoTipo": 1,
    "tSequentialNumber": "BS0003"
  },
  "additional_data": {
    "mcomprobante": [
      {
        "_stamp_name": "BSQE",
        "_sequential_number": "BS0003",
        "tNumero": null,
        "tSerie": null,
        "fEmision": "25/6/25",
        "nPrecioTotal": 23.6,
        "tCliente": null
      }
    ],
    "mcomprobante_detalle": [
      {
        "nCantidad": 23.0,
        "tDescripcion": "USD5.60",
        "nPrecioUnitario": 5.6,
        "nPrecioTotal": 5.6
      },
      {
        "nCantidad": 1.0,
        "tDescripcion": "JUMLAH RM",
        "nPrecioUnitario": 23.6,
        "nPrecioTotal": 23.6,
        "_currency": "USD",
        "_source_line": 21,
        "_auto_extracted": true
      },
      {
        "nCantidad": 1.0,
        "tDescripcion": "1",
        "nPrecioUnitario": 23.0,
        "nPrecioTotal": 23.0,
        "_currency": "USD",
        "_source_line": 8,
        "_auto_extracted": true
      },
      {
        "nCantidad": 1.0,
        "tDescripcion": "Valor monetario línea 18",
        "nPrecioUnitario": 5.0,
        "nPrecioTotal": 5.0,
        "_currency": "USD",
        "_source_line": 18,
        "_auto_extracted": true
      }
    ],
    "midioma": [
      {
        "iMIdioma": 5,
        "tIdioma": "Chino"
      }
    ],
    "mdocumento_tipo": [
      {
        "iMDocumentoTipo": 1,
        "tTipo": "Comprobante"
      }
    ],
    "mdivisa": [
      {
        "tDivisa": "RM"
      },
      {
        "tDivisa": "USD"
      }
    ],
    "mnaturaleza": [
      {
        "tNaturaleza": "Otro"
      }
    ],
    "mproveedor": [
      {
        "tRazonSocial": "NO. KUANTITI JENIS BARANG"
      }
    ],
    "mresumen": [],
    "mjornada": [],
    "mjornada_empleado": [],
    "marchivo_tipo": [],
    "munidad_medida": []
  }
}