{
  "metadata": {
    "version": "1.0.0",
    "parser": "ExtractorOCR",
    "extraction_date": "2025-11-18T14:24:44.409485",
    "type": "structured",
    "email": "mariadelosangeles.abanto@newmont.com",
    "year": 2025,
    "month": "Octubre",
    "request_id": "eada6176-0aa0-4362-b8ab-f4f1b641fff8",
    "processed_at": "2025-11-18T14:25:11.827917",
    "api_version": "1.0.0",
    "periodo_id": "string"
  },
  "hoja": {
    "tJson": "BECHEXPRPT_792855_4QL9RG\nOTEM\nOE0001\nPage 1 of 3\nPolicy: T&E - Latin America\nBechtel Expense Report\nReport Key : 1292340\nReport Number: 4QL9RG\nEmployee ID : 792855\nEmployee Name : FLORES FUENTES, FANNY LORENA\nOrg Code : HXB0000\nDefault Approver: BALDINI, SERGIO REYNALDO\nFinal Approver: CONCHA ROBLERO, CECILIA PAOLA\nReport Name: Viaje a USA Mayo 2025\nReport Date : May 28, 2025\nReport Purpose: Viaje a USA Mayo 2025\nReport Total: 1,838,816.00 = USD 1,880.05\nBechtel owes Card : 1,838,816.00\nBechtel owes Employee :\nAMOUNT ENT AMOUNT ENT CURR BILL AMOUNT BILL CURR\n62.38 58,628.00 CLP 59.94 USD\n15.95 14,969.00 CLP 15.30 USD\n798.77 751,010.00 CLP 767.85 USD\n23.92 22,448.00 CLP 22.95 USD\n241.15 226,647.00 CLP 231.73 USD\n75.16 70,544.00 CLP 72.13 USD\n35.00 32,915.00 CLP 33.65 USD\n49.44 46,484.00 CLP 47.53 USD\n575.19 541,605.00 CLP 553.75 USD\n78.38 73,566.00 CLP 75.22 USD\n1,955.34 1,838,816.00 CLP 1,880.05 USD\nJul 8, 2025 11:08:01 AM",
    "tJsonTraducido": null,
    "lFormato": false,
    "iMIdioma": 2,
    "iMDocumentoTipo": 4,
    "tSequentialNumber": "OE0001"
  },
  "additional_data": {
    "mresumen": [
      {
        "tjobno": "HXB0000",
        "ttype": "Expense Report",
        "tsourcereference": "4QL9RG",
        "tsourcerefid": "Key:1292340",
        "tdescription": "Report: Viaje a USA Mayo 2025 | Purpose: Viaje a USA Mayo 2025 | Employee: FLORES FUENTES, FANNY LORENA | Org: HXB0000 | Policy: T&E - Latin America",
        "nImporte": 1838816.0,
        "tStampname": "OTEM",
        "tsequentialnumber": "OE0001",
        "_expense_report_data": {
          "report_key": "1292340",
          "report_number": "4QL9RG",
          "employee_id": "792855",
          "employee_name": "FLORES FUENTES, FANNY LORENA",
          "org_code": "HXB0000",
          "default_approver": "BALDINI, SERGIO REYNALDO",
          "final_approver": "CONCHA ROBLERO, CECILIA PAOLA",
          "report_name": "Viaje a USA Mayo 2025",
          "report_date": "May 28, 2025",
          "report_purpose": "Viaje a USA Mayo 2025",
          "report_total": 1838816.0,
          "bechtel_owes_card": 1838816.0,
          "bechtel_owes_employee": null,
          "policy": "T&E - Latin America"
        }
      },
      {
        "tjobno": "HXB0000",
        "ttype": "Expense Report - Highlighted Value",
        "tsourcereference": "4QL9RG",
        "tsourcerefid": null,
        "tdescription": "Valor destacado (Report Total): 28.00",
        "nImporte": 28.0,
        "tStampname": "OTEM",
        "tsequentialnumber": "OE0001",
        "_highlighted": true,
        "_source_field": "Report Total",
        "_source_line": "Report Date : May 28, 2025"
      },
      {
        "tjobno": "HXB0000",
        "ttype": "Expense Report - Highlighted Value",
        "tsourcereference": "4QL9RG",
        "tsourcerefid": null,
        "tdescription": "Valor destacado (Report Total): 2,025.00",
        "nImporte": 2025.0,
        "tStampname": "OTEM",
        "tsequentialnumber": "OE0001",
        "_highlighted": true,
        "_source_field": "Report Total",
        "_source_line": "Report Date : May 28, 2025"
      },
      {
        "tjobno": "HXB0000",
        "ttype": "Expense Report - Highlighted Value",
        "tsourcereference": "4QL9RG",
        "tsourcerefid": null,
        "tdescription": "Valor destacado (Report Total): 1,838,816.00",
        "nImporte": 1838816.0,
        "tStampname": "OTEM",
        "tsequentialnumber": "OE0001",
        "_highlighted": true,
        "_source_field": "Report Total",
        "_source_line": "Report Total: 1,838,816.00 = USD 1,880.05"
      },
      {
        "tjobno": "HXB0000",
        "ttype": "Expense Report - Highlighted Value",
        "tsourcereference": "4QL9RG",
        "tsourcerefid": null,
        "tdescription": "Valor destacado (Report Total): 1,880.05",
        "nImporte": 1880.05,
        "tStampname": "OTEM",
        "tsequentialnumber": "OE0001",
        "_highlighted": true,
        "_source_field": "Report Total",
        "_source_line": "Report Total: 1,838,816.00 = USD 1,880.05"
      },
      {
        "tjobno": "HXB0000",
        "ttype": "Expense Report - Highlighted Value",
        "tsourcereference": "4QL9RG",
        "tsourcerefid": null,
        "tdescription": "Valor destacado (Report Total): 1,880.00",
        "nImporte": 1880.0,
        "tStampname": "OTEM",
        "tsequentialnumber": "OE0001",
        "_highlighted": true,
        "_source_field": "Report Total",
        "_source_line": "Report Total: 1,838,816.00 = USD 1,880.05"
      },
      {
        "tjobno": "HXB0000",
        "ttype": "Expense Report - Highlighted Value",
        "tsourcereference": "4QL9RG",
        "tsourcerefid": null,
        "tdescription": "Valor destacado (Report Total): 5.00",
        "nImporte": 5.0,
        "tStampname": "OTEM",
        "tsequentialnumber": "OE0001",
        "_highlighted": true,
        "_source_field": "Report Total",
        "_source_line": "Report Total: 1,838,816.00 = USD 1,880.05"
      },
      {
        "tjobno": "HXB0000",
        "ttype": "Expense Report - Highlighted Value",
        "tsourcereference": "4QL9RG",
        "tsourcerefid": null,
        "tdescription": "Valor destacado (Bechtel owes Card): 1,838,816.00",
        "nImporte": 1838816.0,
        "tStampname": "OTEM",
        "tsequentialnumber": "OE0001",
        "_highlighted": true,
        "_source_field": "Bechtel owes Card",
        "_source_line": "Report Total: 1,838,816.00 = USD 1,880.05"
      },
      {
        "tjobno": "HXB0000",
        "ttype": "Expense Report - Highlighted Value",
        "tsourcereference": "4QL9RG",
        "tsourcerefid": null,
        "tdescription": "Valor destacado (Bechtel owes Card): 1,880.05",
        "nImporte": 1880.05,
        "tStampname": "OTEM",
        "tsequentialnumber": "OE0001",
        "_highlighted": true,
        "_source_field": "Bechtel owes Card",
        "_source_line": "Report Total: 1,838,816.00 = USD 1,880.05"
      },
      {
        "tjobno": "HXB0000",
        "ttype": "Expense Report - Highlighted Value",
        "tsourcereference": "4QL9RG",
        "tsourcerefid": null,
        "tdescription": "Valor destacado (Bechtel owes Employee): 1,838,816.00",
        "nImporte": 1838816.0,
        "tStampname": "OTEM",
        "tsequentialnumber": "OE0001",
        "_highlighted": true,
        "_source_field": "Bechtel owes Employee",
        "_source_line": "Bechtel owes Card : 1,838,816.00"
      }
    ],
    "midioma": [
      {
        "iMIdioma": 2,
        "tIdioma": "Inglés"
      }
    ],
    "mdocumento_tipo": [
      {
        "iMDocumentoTipo": 4,
        "tTipo": "Expense Report"
      }
    ],
    "mdivisa": [
      {
        "tDivisa": "USD"
      },
      {
        "tDivisa": "CLP"
      }
    ],
    "mnaturaleza": [
      {
        "tNaturaleza": "Otro"
      }
    ],
    "mproveedor": [
      {
        "tRazonSocial": "EM\nOE"
      }
    ],
    "mcomprobante_detalle": [
      {
        "nCantidad": 1.0,
        "tDescripcion": "Report Total:",
        "nPrecioUnitario": 1838816.0,
        "nPrecioTotal": 1838816.0,
        "_currency": "USD",
        "_source_line": 17,
        "_auto_extracted": true
      },
      {
        "nCantidad": 1.0,
        "tDescripcion": "798.77",
        "nPrecioUnitario": 751010.0,
        "nPrecioTotal": 751010.0,
        "_currency": "USD",
        "_source_line": 23,
        "_auto_extracted": true
      },
      {
        "nCantidad": 1.0,
        "tDescripcion": "575.19",
        "nPrecioUnitario": 541605.0,
        "nPrecioTotal": 541605.0,
        "_currency": "USD",
        "_source_line": 29,
        "_auto_extracted": true
      },
      {
        "nCantidad": 1.0,
        "tDescripcion": "241.15",
        "nPrecioUnitario": 226647.0,
        "nPrecioTotal": 226647.0,
        "_currency": "USD",
        "_source_line": 25,
        "_auto_extracted": true
      },
      {
        "nCantidad": 1.0,
        "tDescripcion": "78.38",
        "nPrecioUnitario": 73566.0,
        "nPrecioTotal": 73566.0,
        "_currency": "USD",
        "_source_line": 30,
        "_auto_extracted": true
      },
      {
        "nCantidad": 1.0,
        "tDescripcion": "75.16",
        "nPrecioUnitario": 70544.0,
        "nPrecioTotal": 70544.0,
        "_currency": "USD",
        "_source_line": 26,
        "_auto_extracted": true
      },
      {
        "nCantidad": 1.0,
        "tDescripcion": "62.38",
        "nPrecioUnitario": 58628.0,
        "nPrecioTotal": 58628.0,
        "_currency": "USD",
        "_source_line": 21,
        "_auto_extracted": true
      },
      {
        "nCantidad": 1.0,
        "tDescripcion": "49.44",
        "nPrecioUnitario": 46484.0,
        "nPrecioTotal": 46484.0,
        "_currency": "USD",
        "_source_line": 28,
        "_auto_extracted": true
      },
      {
        "nCantidad": 1.0,
        "tDescripcion": "35.00",
        "nPrecioUnitario": 32915.0,
        "nPrecioTotal": 32915.0,
        "_currency": "USD",
        "_source_line": 27,
        "_auto_extracted": true
      },
      {
        "nCantidad": 1.0,
        "tDescripcion": "23.92",
        "nPrecioUnitario": 22448.0,
        "nPrecioTotal": 22448.0,
        "_currency": "USD",
        "_source_line": 24,
        "_auto_extracted": true
      },
      {
        "nCantidad": 1.0,
        "tDescripcion": "15.95",
        "nPrecioUnitario": 14969.0,
        "nPrecioTotal": 14969.0,
        "_currency": "USD",
        "_source_line": 22,
        "_auto_extracted": true
      },
      {
        "nCantidad": 1.0,
        "tDescripcion": "CLP  USD",
        "nPrecioUnitario": 1955.34,
        "nPrecioTotal": 1955.34,
        "_currency": "USD",
        "_source_line": 31,
        "_auto_extracted": true
      },
      {
        "nCantidad": 1.0,
        "tDescripcion": "Report Total:  =",
        "nPrecioUnitario": 1880.05,
        "nPrecioTotal": 1880.05,
        "_currency": "USD",
        "_source_line": 17,
        "_auto_extracted": true
      },
      {
        "nCantidad": 1.0,
        "tDescripcion": "CLP  USD",
        "nPrecioUnitario": 798.77,
        "nPrecioTotal": 798.77,
        "_currency": "USD",
        "_source_line": 23,
        "_auto_extracted": true
      },
      {
        "nCantidad": 1.0,
        "tDescripcion": "CLP",
        "nPrecioUnitario": 767.85,
        "nPrecioTotal": 767.85,
        "_currency": "USD",
        "_source_line": 23,
        "_auto_extracted": true
      },
      {
        "nCantidad": 1.0,
        "tDescripcion": "CLP  USD",
        "nPrecioUnitario": 575.19,
        "nPrecioTotal": 575.19,
        "_currency": "USD",
        "_source_line": 29,
        "_auto_extracted": true
      },
      {
        "nCantidad": 1.0,
        "tDescripcion": "CLP",
        "nPrecioUnitario": 553.75,
        "nPrecioTotal": 553.75,
        "_currency": "USD",
        "_source_line": 29,
        "_auto_extracted": true
      },
      {
        "nCantidad": 1.0,
        "tDescripcion": "CLP  USD",
        "nPrecioUnitario": 241.15,
        "nPrecioTotal": 241.15,
        "_currency": "USD",
        "_source_line": 25,
        "_auto_extracted": true
      },
      {
        "nCantidad": 1.0,
        "tDescripcion": "CLP",
        "nPrecioUnitario": 231.73,
        "nPrecioTotal": 231.73,
        "_currency": "USD",
        "_source_line": 25,
        "_auto_extracted": true
      },
      {
        "nCantidad": 1.0,
        "tDescripcion": "CLP  USD",
        "nPrecioUnitario": 78.38,
        "nPrecioTotal": 78.38,
        "_currency": "USD",
        "_source_line": 30,
        "_auto_extracted": true
      },
      {
        "nCantidad": 1.0,
        "tDescripcion": "CLP",
        "nPrecioUnitario": 75.22,
        "nPrecioTotal": 75.22,
        "_currency": "USD",
        "_source_line": 30,
        "_auto_extracted": true
      },
      {
        "nCantidad": 1.0,
        "tDescripcion": "CLP  USD",
        "nPrecioUnitario": 75.16,
        "nPrecioTotal": 75.16,
        "_currency": "USD",
        "_source_line": 26,
        "_auto_extracted": true
      },
      {
        "nCantidad": 1.0,
        "tDescripcion": "CLP",
        "nPrecioUnitario": 72.13,
        "nPrecioTotal": 72.13,
        "_currency": "USD",
        "_source_line": 26,
        "_auto_extracted": true
      },
      {
        "nCantidad": 1.0,
        "tDescripcion": "CLP  USD",
        "nPrecioUnitario": 62.38,
        "nPrecioTotal": 62.38,
        "_currency": "USD",
        "_source_line": 21,
        "_auto_extracted": true
      },
      {
        "nCantidad": 1.0,
        "tDescripcion": "CLP",
        "nPrecioUnitario": 59.94,
        "nPrecioTotal": 59.94,
        "_currency": "USD",
        "_source_line": 21,
        "_auto_extracted": true
      },
      {
        "nCantidad": 1.0,
        "tDescripcion": "CLP  USD",
        "nPrecioUnitario": 49.44,
        "nPrecioTotal": 49.44,
        "_currency": "USD",
        "_source_line": 28,
        "_auto_extracted": true
      },
      {
        "nCantidad": 1.0,
        "tDescripcion": "CLP",
        "nPrecioUnitario": 47.53,
        "nPrecioTotal": 47.53,
        "_currency": "USD",
        "_source_line": 28,
        "_auto_extracted": true
      },
      {
        "nCantidad": 1.0,
        "tDescripcion": "CLP  USD",
        "nPrecioUnitario": 35.0,
        "nPrecioTotal": 35.0,
        "_currency": "USD",
        "_source_line": 27,
        "_auto_extracted": true
      },
      {
        "nCantidad": 1.0,
        "tDescripcion": "CLP",
        "nPrecioUnitario": 33.65,
        "nPrecioTotal": 33.65,
        "_currency": "USD",
        "_source_line": 27,
        "_auto_extracted": true
      },
      {
        "nCantidad": 1.0,
        "tDescripcion": "CLP  USD",
        "nPrecioUnitario": 23.92,
        "nPrecioTotal": 23.92,
        "_currency": "USD",
        "_source_line": 24,
        "_auto_extracted": true
      },
      {
        "nCantidad": 1.0,
        "tDescripcion": "CLP",
        "nPrecioUnitario": 22.95,
        "nPrecioTotal": 22.95,
        "_currency": "USD",
        "_source_line": 24,
        "_auto_extracted": true
      },
      {
        "nCantidad": 1.0,
        "tDescripcion": "CLP  USD",
        "nPrecioUnitario": 15.95,
        "nPrecioTotal": 15.95,
        "_currency": "USD",
        "_source_line": 22,
        "_auto_extracted": true
      },
      {
        "nCantidad": 1.0,
        "tDescripcion": "CLP",
        "nPrecioUnitario": 15.3,
        "nPrecioTotal": 15.3,
        "_currency": "USD",
        "_source_line": 22,
        "_auto_extracted": true
      },
      {
        "nCantidad": 1.0,
        "tDescripcion": "Report Total:  = USD 1,880.",
        "nPrecioUnitario": 5.0,
        "nPrecioTotal": 5.0,
        "_currency": "USD",
        "_source_line": 17,
        "_auto_extracted": true
      },
      {
        "nCantidad": 1.0,
        "tDescripcion": "Report Total:",
        "nPrecioUnitario": 1.0,
        "nPrecioTotal": 1.0,
        "_currency": "USD",
        "_source_line": 17,
        "_auto_extracted": true
      }
    ],
    "mcomprobante": [],
    "mjornada": [],
    "mjornada_empleado": [],
    "marchivo_tipo": [],
    "munidad_medida": []
  }
}