{
  "metadata": {
    "version": "1.0.0",
    "parser": "ExtractorOCR",
    "extraction_date": "2025-11-18T14:23:26.859570",
    "type": "structured",
    "email": "mariadelosangeles.abanto@newmont.com",
    "year": 2025,
    "month": "Octubre",
    "request_id": "eada6176-0aa0-4362-b8ab-f4f1b641fff8",
    "processed_at": "2025-11-18T14:25:11.827917",
    "api_version": "1.0.0",
    "periodo_id": "string"
  },
  "hoja": {
    "tJson": "IN-SH-5801-25P80K\nBSQE\nBS0004\n电子发票(铁路电子客票)\n发票号码:25339198040000109589\n开票日期:2025年06月19日\n丽水站\nG38\n杭州东站\nLishui\nHangzhoudong\n2025年06月12日 16:34开\n05车16F号\n二等座\n票价:¥105.00\n4102231984****5573\n宋建朋\n电子客票号:9804094086061392600652025\n统一社会信用代码:91330100759533099R\n购买方名称:通标标准技术服务有限公司杭州分公司\n买票请到12306 发货请到95306\n中国铁路祝您旅途愉快\n发票联\n发票代码:133111940519\n发票号码 03011791\n物价监督电话:96520\n12358\n车号 K-T0116\n手 证号 00000000\n写日期 2025年06月11日\n无上车 06:09\n效下车 /01/06:53\n单价 3.00元/公里\n里程 28.4公里\n等候 00:07.37\n金额 88.00元\n卡号\n原額\n余额\n浙税印[2019]94-2019.05-2050000份×1联\n衢州市人民印刷厂有限公司承印\n发票联\n发票代码133111940519\n发售号码 03139311\n物价监督电话:96520\n12358\n车号 K-T5962\n手 证号 00000000\n写日期 2025年06月11日\n无上车 17:32\n效下车 /01/18:08\n单价 3.00元/公里\n里程 21.5公里\n等候 00:08.45\n金额 68.00元\n卡号\n原額\n余额\n浙税印[2019]94-2019.05.2050000份×1联\n衢州市人民印刷厂有限公司承印\n发票联\n发票代码:133111940519\n发售号码 03160864\n物价监督电话:96520\n12358\n车号 K-T6601\n手 证号 00000000\n写日期 2025年06月12日\n无上车 07:08\n效下车 /01/07:38\n单价 3.00元/公里\n里程 17.9公里\n等候 00:07.10\n金额 57.00元\n卡号\n原額\n余额\n浙税印[2019]94-2019.05,205000份×1联\n衢州市人民印刷厂有限公司承印\n发票联\n发售代码133112340519\n定鲁号码:00245669\n物价监督电话:96520\n12358\n车号 K-T0272\n手证号 00000000\n写日期 2025年06月12日\n无上车 15:03\n效下车 /01/15:47\n单价 3.00元/公里\n里程 28.8公里\n等候 00:06.49\n金額 88.00元\n卡号\n原額\n余额\n浙税印[2023〕16号・2023.02-600000份\n豪波安全科技有限公司承印\n发票联\n发票代码:133012240519\n发票号码 35943285\n物价监督电话:12328\n12358\n车号 A.AN0942\n证号 (0065)006308\n日期 2025年06月12日\n上午 18:19\n效下车 18:54\n单价 3.75元/km\n里程 19.2km\n等候 00:10:20\n金額 72.00元\n卡号\n原額\n金额\n滑税印(2022)60号、2022.08-17800000\n舟山市乐城印刷有限公司承印\nPage 1 of 2",
    "tJsonTraducido": null,
    "lFormato": false,
    "iMIdioma": 5,
    "iMDocumentoTipo": 99,
    "tSequentialNumber": "BS0004"
  },
  "additional_data": {
    "midioma": [
      {
        "iMIdioma": 5,
        "tIdioma": "Chino"
      }
    ],
    "mdocumento_tipo": [
      {
        "iMDocumentoTipo": 99,
        "tTipo": "Desconocido"
      }
    ],
    "mdivisa": [
      {
        "tDivisa": "CNY"
      }
    ],
    "mnaturaleza": [
      {
        "tNaturaleza": "Otro"
      }
    ],
    "mcomprobante_detalle": [
      {
        "nCantidad": 1.0,
        "tDescripcion": "浙税印[2023〕16号・",
        "nPrecioUnitario": 2023.02,
        "nPrecioTotal": 2023.02,
        "_currency": "USD",
        "_source_line": 97,
        "_auto_extracted": true
      },
      {
        "nCantidad": 1.0,
        "tDescripcion": "滑税印(2022)60号、",
        "nPrecioUnitario": 2022.08,
        "nPrecioTotal": 2022.08,
        "_currency": "USD",
        "_source_line": 116,
        "_auto_extracted": true
      },
      {
        "nCantidad": 1.0,
        "tDescripcion": "浙税印[2019]94-",
        "nPrecioUnitario": 2019.05,
        "nPrecioTotal": 2019.05,
        "_currency": "USD",
        "_source_line": 40,
        "_auto_extracted": true
      },
      {
        "nCantidad": 1.0,
        "tDescripcion": "票价:¥",
        "nPrecioUnitario": 105.0,
        "nPrecioTotal": 105.0,
        "_currency": "USD",
        "_source_line": 15,
        "_auto_extracted": true
      },
      {
        "nCantidad": 1.0,
        "tDescripcion": "等候 00:",
        "nPrecioUnitario": 8.45,
        "nPrecioTotal": 8.45,
        "_currency": "USD",
        "_source_line": 54,
        "_auto_extracted": true
      },
      {
        "nCantidad": 1.0,
        "tDescripcion": "等候 00:",
        "nPrecioUnitario": 7.37,
        "nPrecioTotal": 7.37,
        "_currency": "USD",
        "_source_line": 35,
        "_auto_extracted": true
      },
      {
        "nCantidad": 1.0,
        "tDescripcion": "等候 00:",
        "nPrecioUnitario": 7.1,
        "nPrecioTotal": 7.1,
        "_currency": "USD",
        "_source_line": 73,
        "_auto_extracted": true
      },
      {
        "nCantidad": 1.0,
        "tDescripcion": "等候 00:",
        "nPrecioUnitario": 6.49,
        "nPrecioTotal": 6.49,
        "_currency": "USD",
        "_source_line": 92,
        "_auto_extracted": true
      }
    ],
    "mresumen": [],
    "mcomprobante": [],
    "mjornada": [],
    "mjornada_empleado": [],
    "mproveedor": [],
    "marchivo_tipo": [],
    "munidad_medida": []
  }
}