{
  "metadata": {
    "version": "1.0.0",
    "parser": "ExtractorOCR",
    "extraction_date": "2025-11-18T14:20:45.283943",
    "type": "structured",
    "email": "mariadelosangeles.abanto@newmont.com",
    "year": 2025,
    "month": "Octubre",
    "request_id": "eada6176-0aa0-4362-b8ab-f4f1b641fff8",
    "processed_at": "2025-11-18T14:25:11.827917",
    "api_version": "1.0.0",
    "periodo_id": "string"
  },
  "hoja": {
    "tJson": "BSQE\nBS0003\nмен\nBERJAYA STARBUCKS COFFEE\nCOMPANY SDN BHD 462J2F-H\nTut vol 10 West Beraya imes Square\nNo 1 Jalmulo 55100 Kuala Lumpu Malaysia\nvalisite wwy starbucks ron my\nPectonas Rawang D/T\n130010-8989\nFREAK ID 410-1808-31025875\nIAVOLE\n5B173R4 1185538\nDate: CS 125 00:17:06\nDEIVE THRU\nTAUFIK\nICE ZMLA. LATI - LF E 1 16.00\nADD ESP SIET 1 2.0C\nOS M.CO KAIL S 1 7.47\n2M11571 FMCOFF -1.0C\nUS M.CAIL S 1 7.47\n2ME157.1 M2OFF -1.00\nSub-Tet:. USD RM 30.94\nGB Service Tax ( RM 1.36\nRoumin 7,95 M. 0.00\nTotal S (Cacl. S. 1 RM 32.3C\n=======\nCASI RM 40.0C\nWhige (CASH RM 7.20\n29 Jun 26 00:47:28.\nYou Nest Drock Cold Be Free\nWith A St: bucks Card\nIr Your Viss Into Rewards.\n- Tree Wari Code\nmh: ryg\nI'lease regimer E-Invoice\nafter 21 tours a\nwww.starbucks.com.my/e-invoice",
    "tJsonTraducido": null,
    "lFormato": false,
    "iMIdioma": 2,
    "iMDocumentoTipo": 1,
    "tSequentialNumber": "BS0003"
  },
  "additional_data": {
    "mcomprobante": [
      {
        "_stamp_name": "BSQE",
        "_sequential_number": "BS0003",
        "tNumero": null,
        "tSerie": null,
        "tCliente": null,
        "nPrecioTotal": 14.94
      }
    ],
    "mcomprobante_detalle": [
      {
        "nCantidad": 1.0,
        "tDescripcion": "OS M.CO KAIL S",
        "nPrecioUnitario": 7.47,
        "nPrecioTotal": 7.47
      },
      {
        "nCantidad": 1.0,
        "tDescripcion": "US M.CAIL S",
        "nPrecioUnitario": 7.47,
        "nPrecioTotal": 7.47
      },
      {
        "nCantidad": 1.0,
        "tDescripcion": "ICE ZMLA. LATI - LF E",
        "nPrecioUnitario": 16.0,
        "nPrecioTotal": 16.0
      },
      {
        "nCantidad": 1.0,
        "tDescripcion": "ADD ESP SIET",
        "nPrecioUnitario": 2.0,
        "nPrecioTotal": 2.0
      },
      {
        "nCantidad": 1.0,
        "tDescripcion": "Total S (Cacl. S. 1 RM",
        "nPrecioUnitario": 32.0,
        "nPrecioTotal": 32.0,
        "_currency": "USD",
        "_source_line": 26,
        "_auto_extracted": true
      },
      {
        "nCantidad": 1.0,
        "tDescripcion": "Sub-Tet:. USD RM",
        "nPrecioUnitario": 30.94,
        "nPrecioTotal": 30.94,
        "_currency": "USD",
        "_source_line": 23,
        "_auto_extracted": true
      },
      {
        "nCantidad": 1.0,
        "tDescripcion": "Total S (Cacl. S.",
        "nPrecioUnitario": 1.0,
        "nPrecioTotal": 1.0,
        "_currency": "USD",
        "_source_line": 26,
        "_auto_extracted": true
      }
    ],
    "midioma": [
      {
        "iMIdioma": 2,
        "tIdioma": "Inglés"
      }
    ],
    "mdocumento_tipo": [
      {
        "iMDocumentoTipo": 1,
        "tTipo": "Comprobante"
      }
    ],
    "mdivisa": [
      {
        "tDivisa": "USD"
      },
      {
        "tDivisa": "RM"
      }
    ],
    "mnaturaleza": [
      {
        "tNaturaleza": "Otro"
      }
    ],
    "mproveedor": [
      {
        "tRazonSocial": "BSQE\nBS"
      }
    ],
    "mresumen": [],
    "mjornada": [],
    "mjornada_empleado": [],
    "marchivo_tipo": [],
    "munidad_medida": []
  }
}