{
  "metadata": {
    "version": "1.0.0",
    "parser": "ExtractorOCR",
    "extraction_date": "2025-11-18T14:24:51.006710",
    "type": "structured",
    "email": "mariadelosangeles.abanto@newmont.com",
    "year": 2025,
    "month": "Octubre",
    "request_id": "eada6176-0aa0-4362-b8ab-f4f1b641fff8",
    "processed_at": "2025-11-18T14:25:11.827917",
    "api_version": "1.0.0",
    "periodo_id": "string"
  },
  "hoja": {
    "tJson": "Booking Fee\nPayments\nCorporate ••••9743 $23.92\n5/27/25 8:39 AM\nSwitch Payment Method\nDownload PDF\nYou rode with Gregory\n4.95 Rating Has passed a multi-step safety screen\nRate or tip\nWhen you ride with Uber, your trips are insured in case of a covered\naccident.\nLearn more >\nUberX 8.68 miles | 13 min\n8:25 AM\n325 N Florida Ave, Tampa,\nFL 33602, US\n2\nIOTEM\nOE0001",
    "tJsonTraducido": null,
    "lFormato": false,
    "iMIdioma": 2,
    "iMDocumentoTipo": 99,
    "tSequentialNumber": "OE0001"
  },
  "additional_data": {
    "midioma": [
      {
        "iMIdioma": 2,
        "tIdioma": "Inglés"
      }
    ],
    "mdocumento_tipo": [
      {
        "iMDocumentoTipo": 99,
        "tTipo": "Desconocido"
      }
    ],
    "mdivisa": [
      {
        "tDivisa": "USD"
      }
    ],
    "mnaturaleza": [
      {
        "tNaturaleza": "Otro"
      }
    ],
    "mcomprobante_detalle": [
      {
        "nCantidad": 1.0,
        "tDescripcion": "Corporate ••••9743 .",
        "nPrecioUnitario": 92.0,
        "nPrecioTotal": 92.0,
        "_currency": "USD",
        "_source_line": 3,
        "_auto_extracted": true
      },
      {
        "nCantidad": 1.0,
        "tDescripcion": "Corporate ••••9743",
        "nPrecioUnitario": 23.92,
        "nPrecioTotal": 23.92,
        "_currency": "$",
        "_source_line": 3,
        "_auto_extracted": true
      },
      {
        "nCantidad": 1.0,
        "tDescripcion": "Corporate ••••9743 $",
        "nPrecioUnitario": 23.92,
        "nPrecioTotal": 23.92,
        "_currency": "USD",
        "_source_line": 3,
        "_auto_extracted": true
      },
      {
        "nCantidad": 1.0,
        "tDescripcion": "Corporate ••••9743",
        "nPrecioUnitario": 23.0,
        "nPrecioTotal": 23.0,
        "_currency": "$",
        "_source_line": 3,
        "_auto_extracted": true
      },
      {
        "nCantidad": 1.0,
        "tDescripcion": "Corporate ••••9743 $",
        "nPrecioUnitario": 23.0,
        "nPrecioTotal": 23.0,
        "_currency": "USD",
        "_source_line": 3,
        "_auto_extracted": true
      }
    ],
    "mresumen": [],
    "mcomprobante": [],
    "mjornada": [],
    "mjornada_empleado": [],
    "mproveedor": [],
    "marchivo_tipo": [],
    "munidad_medida": []
  }
}