{
  "metadata": {
    "version": "1.0.0",
    "parser": "ExtractorOCR",
    "extraction_date": "2025-11-18T14:21:23.043904",
    "type": "structured",
    "email": "mariadelosangeles.abanto@newmont.com",
    "year": 2025,
    "month": "Octubre",
    "request_id": "eada6176-0aa0-4362-b8ab-f4f1b641fff8",
    "processed_at": "2025-11-18T14:25:11.827917",
    "api_version": "1.0.0",
    "periodo_id": "string"
  },
  "hoja": {
    "tJson": "BSQE\nBS0003\nMr Hashim Mohd Shah\nBATU 14\nJALAN AIR KERUH\nBEMBAN MLK 77200\nMalaysia\nTHE\nLIGHT\nHOTEL\nPENANG\nINVOICE\nPrint Date 29/06/25\nSST No. P13-1808-32000034\nTTX Reg. No. 071-2017-10000001\nArrival 24/06/25\nDeparture 29/06/25\nAdult/Child 2/0\nRoom No. 1609\nInvoice No. 18294\nFolio No.\nConf. No. 104285\nPage No. 1 of 1\nCashier No. 21\nUser ID. FOAGNES\nGuest Name:\nGroup Code:\nTravel Company Name:\nTravel Agent:\nAccount No.:\nDate Description Charge (MYR) Credits (MYR)\n24-06-25 Master Card 2,445.00\nXXXXXXXXXXXX3161\n24-06-25 Room Charge 486.00\n24-06-25 Local Government Fee 3.00\n25-06-25 Room Charge 486.00\n25-06-25 Local Govemment Fee 3.00\n26-06-25 Room Charge 486.00\n26-06-25 Local Government Fee 3.00\n27-06-25 Room Charge 486.00\n27-06-25 Local Government Fee 3.00\n28-06-25 Room Charge 486.00\n28-06-25 Local Government Fee 3.00 USD 199.25\nTotal MYR 2,445.00 2,445.00\nLocal Govt Fee: 15.00 MYR\nTourism Tax (RM10/Night): 0.00 MYR\nTotal Amount: 2,445.00 MYR\nBalance Due 0.00 MYR\nThank you for staying with us and we look forward to welcoming you again soon.\nAll Payment are to be made payable to \"The Light Hotel (M) Sdn Bhd\"\nBank: Malayan Banking Berhad with Account No: 557166307579\nI agree that my liability for this bill is not waived and agree to be held personally liable in the event that the indicated person / Company or\nAssociation fails to pay for any part of the full amount of the above charges.\nGuest Signature\nBOOK DIRECT!\nLOWEST RATES GUARANTEED\nwww.thelighthotelog.com\nTHE LIGHT HOTEL (M) SDN BHD ( Co No: 201001002534) (887114-P)\nLebuh Tenggiri 2. Bandar Seberang Jaya, 13700 Seberang Jaya. Penang, Malaysia\nTel +604-382 1111 | Fax +604-399 9333 | Email. reservation@thelighthotelog.com",
    "tJsonTraducido": null,
    "lFormato": false,
    "iMIdioma": 2,
    "iMDocumentoTipo": 1,
    "tSequentialNumber": "BS0003"
  },
  "additional_data": {
    "mcomprobante": [
      {
        "_stamp_name": "BSQE",
        "_sequential_number": "BS0003",
        "tNumero": "Print",
        "tSerie": null,
        "fEmision": "29/06/25",
        "nPrecioTotal": 2445.0,
        "tCliente": null
      }
    ],
    "mcomprobante_detalle": [
      {
        "nCantidad": 1.0,
        "tDescripcion": "Master Card",
        "nPrecioUnitario": 2445.0,
        "nPrecioTotal": 2445.0
      },
      {
        "nCantidad": 1.0,
        "tDescripcion": "Room Charge",
        "nPrecioUnitario": 486.0,
        "nPrecioTotal": 486.0
      },
      {
        "nCantidad": 1.0,
        "tDescripcion": "Local Government Fee",
        "nPrecioUnitario": 3.0,
        "nPrecioTotal": 3.0
      },
      {
        "nCantidad": 1.0,
        "tDescripcion": "Room Charge",
        "nPrecioUnitario": 486.0,
        "nPrecioTotal": 486.0
      },
      {
        "nCantidad": 1.0,
        "tDescripcion": "Local Govemment Fee",
        "nPrecioUnitario": 3.0,
        "nPrecioTotal": 3.0
      },
      {
        "nCantidad": 1.0,
        "tDescripcion": "Room Charge",
        "nPrecioUnitario": 486.0,
        "nPrecioTotal": 486.0
      },
      {
        "nCantidad": 1.0,
        "tDescripcion": "Local Government Fee",
        "nPrecioUnitario": 3.0,
        "nPrecioTotal": 3.0
      },
      {
        "nCantidad": 1.0,
        "tDescripcion": "Room Charge",
        "nPrecioUnitario": 486.0,
        "nPrecioTotal": 486.0
      },
      {
        "nCantidad": 1.0,
        "tDescripcion": "Local Government Fee",
        "nPrecioUnitario": 3.0,
        "nPrecioTotal": 3.0
      },
      {
        "nCantidad": 1.0,
        "tDescripcion": "Room Charge",
        "nPrecioUnitario": 486.0,
        "nPrecioTotal": 486.0
      },
      {
        "nCantidad": 1.0,
        "tDescripcion": "Local Government Fee",
        "nPrecioUnitario": 3.0,
        "nPrecioTotal": 3.0
      },
      {
        "nCantidad": 1.0,
        "tDescripcion": "28-06-25 Local Government Fee 3.00",
        "nPrecioUnitario": 199.25,
        "nPrecioTotal": 199.25,
        "_currency": "USD",
        "_source_line": 43,
        "_auto_extracted": true
      },
      {
        "nCantidad": 1.0,
        "tDescripcion": "28-06-25 Local Government Fee 3.00",
        "nPrecioUnitario": 28.0,
        "nPrecioTotal": 28.0,
        "_currency": "USD",
        "_source_line": 43,
        "_auto_extracted": true
      },
      {
        "nCantidad": 1.0,
        "tDescripcion": "27-06-25 Local Government Fee 3.00",
        "nPrecioUnitario": 27.0,
        "nPrecioTotal": 27.0,
        "_currency": "USD",
        "_source_line": 41,
        "_auto_extracted": true
      },
      {
        "nCantidad": 1.0,
        "tDescripcion": "26-06-25 Local Government Fee 3.00",
        "nPrecioUnitario": 26.0,
        "nPrecioTotal": 26.0,
        "_currency": "USD",
        "_source_line": 39,
        "_auto_extracted": true
      },
      {
        "nCantidad": 1.0,
        "tDescripcion": "24-06-",
        "nPrecioUnitario": 25.0,
        "nPrecioTotal": 25.0,
        "_currency": "USD",
        "_source_line": 35,
        "_auto_extracted": true
      },
      {
        "nCantidad": 1.0,
        "tDescripcion": "24-06-25 Local Government Fee 3.00",
        "nPrecioUnitario": 24.0,
        "nPrecioTotal": 24.0,
        "_currency": "USD",
        "_source_line": 35,
        "_auto_extracted": true
      },
      {
        "nCantidad": 1.0,
        "tDescripcion": "Local Govt Fee:",
        "nPrecioUnitario": 15.0,
        "nPrecioTotal": 15.0,
        "_currency": "USD",
        "_source_line": 45,
        "_auto_extracted": true
      },
      {
        "nCantidad": 1.0,
        "tDescripcion": "24-",
        "nPrecioUnitario": 6.0,
        "nPrecioTotal": 6.0,
        "_currency": "USD",
        "_source_line": 35,
        "_auto_extracted": true
      },
      {
        "nCantidad": 1.0,
        "tDescripcion": "Total MYR",
        "nPrecioUnitario": 2.0,
        "nPrecioTotal": 2.0,
        "_currency": "USD",
        "_source_line": 44,
        "_auto_extracted": true
      }
    ],
    "midioma": [
      {
        "iMIdioma": 2,
        "tIdioma": "Inglés"
      }
    ],
    "mdocumento_tipo": [
      {
        "iMDocumentoTipo": 1,
        "tTipo": "Comprobante"
      }
    ],
    "mdivisa": [
      {
        "tDivisa": "MYR"
      },
      {
        "tDivisa": "USD"
      },
      {
        "tDivisa": "RM"
      }
    ],
    "mnaturaleza": [
      {
        "tNaturaleza": "Otro"
      }
    ],
    "mproveedor": [
      {
        "tRazonSocial": "gain soon.\nAll Payment are to be made payable to"
      }
    ],
    "mresumen": [],
    "mjornada": [],
    "mjornada_empleado": [],
    "marchivo_tipo": [],
    "munidad_medida": []
  }
}