{
  "metadata": {
    "version": "1.0.0",
    "parser": "ExtractorOCR",
    "extraction_date": "2025-11-18T14:24:37.942463",
    "type": "structured",
    "email": "mariadelosangeles.abanto@newmont.com",
    "year": 2025,
    "month": "Octubre",
    "request_id": "eada6176-0aa0-4362-b8ab-f4f1b641fff8",
    "processed_at": "2025-11-18T14:25:11.827917",
    "api_version": "1.0.0",
    "periodo_id": "string"
  },
  "hoja": {
    "tJson": "Richard Eugene Webber (196988)\nRun Date: 30 Jul 2025\nPeriod Schedule Overtime Org Code CO PR Office\n23 Jun 2025 - 06 Jul 2025 E (M-S 8 hour Days) STO 8NJ-2500 E9 6M\nApproved Signed\nJuly 03, 2025 20:19:10 (UTC July 04, 2025 03:19:10) July 03, 2025 17:16:34 (UTC July 04, 2025 00:16:34)\nCook, David John Webber, Richard Eugene\nCharge Code Project Worked Assignment No. Add. Info Total Mon Tue Wed Thu Fri Sat Sun Mon Tue Wed Thu Fri Sat Sun\n23 24 25 26 27 28 29 30 1 2 3 4 5 6\nREG-24084PAY 26439712 26439-100-4302 22-ETP0-YZ-A 3 3\nREG-24084PAY 26439712 PSQ Support 26443-220- Trans 55 5 8 8 8 8 8 2 4 4\nREG-24084PAY 26442223 ΥΖΑ- MLGT-1D001 22 6 8 4 4\nREG-24084PAY 26442223 26443-220- ΥΖΑ- MLGT-1D001 4 4\nSTO-24084PAY\nGrand Total 84 8 8 8 8 8 8 8 12 8 8\nStraight Time 80 8 8 8 8 8 8 8 8 8 8\nOver Time 4 4\nUser Comments Date\nREG-24084PAY Travel to Sydney for FAT Jul 1, 2025\nREG-24084PAY FAT Equipment Tested Jul 2, 2025\nREG-24084PAY • 2 x Hydraulic Power Units (HPU), Size 2 – 20 hp Jul 3, 2025\nREG-24084PAY • Application: Rake Lift and Rake Drive Circuits for the 44m & 53m HDS Jul 4, 2025\nSTO-24084PAY Thickeners Jul 2, 2025\nGeneral correspondence with Bosch Rexroth regarding the Yanacocha HDS\nThickeners, including compilation of documentation and issuance of the\nflash report summarising FAT outcomes submitted to the Project PSQS",
    "tJsonTraducido": null,
    "lFormato": false,
    "iMIdioma": 2,
    "iMDocumentoTipo": 1,
    "tSequentialNumber": null
  },
  "additional_data": {
    "mcomprobante_detalle": [
      {
        "nCantidad": 3.0,
        "tDescripcion": "REG-24084PAY 26439712 26439-100-4302 22-ETP0-YZ-A",
        "nPrecioUnitario": 3.0,
        "nPrecioTotal": 3.0
      },
      {
        "nCantidad": 55.0,
        "tDescripcion": "REG-24084PAY 26439712 PSQ Support 26443-220- Trans",
        "nPrecioUnitario": 8.0,
        "nPrecioTotal": 8.0
      },
      {
        "nCantidad": 2.0,
        "tDescripcion": "REG-24084PAY 26442223 ΥΖΑ- MLGT-1D001 22",
        "nPrecioUnitario": 6.0,
        "nPrecioTotal": 8.0
      },
      {
        "nCantidad": 4.0,
        "tDescripcion": "REG-24084PAY 26442223 26443-220- ΥΖΑ- MLGT-1D001",
        "nPrecioUnitario": 4.0,
        "nPrecioTotal": 4.0
      },
      {
        "nCantidad": 1.0,
        "tDescripcion": "Grand Total",
        "nPrecioUnitario": 84.0,
        "nPrecioTotal": 84.0,
        "_currency": "USD",
        "_source_line": 15,
        "_auto_extracted": true
      },
      {
        "nCantidad": 1.0,
        "tDescripcion": "Grand Total 84 8 8 8 8 8 8 8",
        "nPrecioUnitario": 12.0,
        "nPrecioTotal": 12.0,
        "_currency": "USD",
        "_source_line": 15,
        "_auto_extracted": true
      }
    ],
    "midioma": [
      {
        "iMIdioma": 2,
        "tIdioma": "Inglés"
      }
    ],
    "mdocumento_tipo": [
      {
        "iMDocumentoTipo": 1,
        "tTipo": "Comprobante"
      }
    ],
    "mdivisa": [
      {
        "tDivisa": "USD"
      }
    ],
    "mnaturaleza": [
      {
        "tNaturaleza": "Otro"
      }
    ],
    "mresumen": [],
    "mcomprobante": [],
    "mjornada": [],
    "mjornada_empleado": [],
    "mproveedor": [],
    "marchivo_tipo": [],
    "munidad_medida": []
  }
}