{
  "metadata": {
    "version": "1.0.0",
    "parser": "ExtractorOCR",
    "extraction_date": "2025-11-18T14:23:43.175165",
    "type": "structured",
    "email": "mariadelosangeles.abanto@newmont.com",
    "year": 2025,
    "month": "Octubre",
    "request_id": "eada6176-0aa0-4362-b8ab-f4f1b641fff8",
    "processed_at": "2025-11-18T14:25:11.827917",
    "api_version": "1.0.0",
    "periodo_id": "string"
  },
  "hoja": {
    "tJson": "IN-SH-5801-25P88K\nBSQE\nBS0004\n佛出租汽车机打发票\n修国家税务总局菜\n发 票 联\n发票代码144062170151\n发票号码00150252\n监督电话:\n市物价局 12358\n佛山市汽车运输集園市公司\n26052021种道台[20211009号60万份广东乐住水命\nMASCENDIESTOTA\n机打发票手写无效\n单位: 36289999\n电话: 86333055\n车号: ED28825\n证号:\n日期: 20:25-06-20\n上车: 07:28\n下车: 08:33\n单价: 4.20元\n里程: 46.34km\n等候: 00:14:12\n状态: 1\n金额: ¥177.00元\n卡号:\n车器具全顾地幻不见效\n本文服仅比单使用,指让无效\n广州出租汽华统车票\nGD. GUANGZHOU TAXI RECEIPT\n发票联\n144012370374\n11589303\n监督电话:83600000\n914401017418737614\n发票专用章\n此发票手写无效\n电话 30378997\n车号粤 AD17627\n证号: 319912\n日期: 20:25-06-20\n上车 16:32\n下车 17:35\n单价 3.90元\n里程 48.49km\n候时 00:10:11\n金额 ¥173.00元\n卡号\n批准号:糖海玩自印[2023]006号(300323)人印(3781\n本发需开具合计金额越过万元无效\nTotal: 350./\nPage 1 of 1",
    "tJsonTraducido": null,
    "lFormato": false,
    "iMIdioma": 5,
    "iMDocumentoTipo": 99,
    "tSequentialNumber": "BS0004"
  },
  "additional_data": {
    "midioma": [
      {
        "iMIdioma": 5,
        "tIdioma": "Chino"
      }
    ],
    "mdocumento_tipo": [
      {
        "iMDocumentoTipo": 99,
        "tTipo": "Desconocido"
      }
    ],
    "mdivisa": [
      {
        "tDivisa": "CNY"
      }
    ],
    "mnaturaleza": [
      {
        "tNaturaleza": "Otro"
      }
    ],
    "mresumen": [],
    "mcomprobante": [],
    "mcomprobante_detalle": [],
    "mjornada": [],
    "mjornada_empleado": [],
    "mproveedor": [],
    "marchivo_tipo": [],
    "munidad_medida": []
  }
}