{
  "metadata": {
    "version": "1.0.0",
    "parser": "ExtractorOCR",
    "extraction_date": "2025-11-18T14:22:23.875497",
    "type": "structured",
    "email": "mariadelosangeles.abanto@newmont.com",
    "year": 2025,
    "month": "Octubre",
    "request_id": "eada6176-0aa0-4362-b8ab-f4f1b641fff8",
    "processed_at": "2025-11-18T14:25:11.827917",
    "api_version": "1.0.0",
    "periodo_id": "string"
  },
  "hoja": {
    "tJson": "Month: Jun-25\nSGS-CSTC Standards Technical Service., Ltd. Shanghai Branch\nProject Monthly Expense\nBSQE\nBS0004\nSQR/AEX:Alex Wu\nTransportation (USD)\nDate\nAssignment No.\nCharge No.\nReport No.\nCountry\nType of\nActivity\nHotel\nType\nKilometer Amount\nTotal\n(USD) (USD)\n1\n2 26529-000-409138-MLGT-YQ-A\n26529-211\n26529-000-409138-MLGT-YQ-A-007\nChina\nSQR\nTaxl\n¥320.00\n$49.23\n3 26529-000-409138-MLGT-YQ-A\n26529-211\n26529-000-409138-MLGT-YQ-A-007\nChina\nSQR\nTaxl\n¥320.00\n$49.23\n4 26529-000-409138-MLGT-YQ-A\n26529-211\n26529-000-409138-MLGT-YQ-A-007\nChina\nSQR\nTaxl\n¥320.00\n$49.23\n5 26529-000-409138-MLGT-YQ-A\n26529-211\n26529-000-409138-MLGT-YQ-A-007\nChina\nSQR\nTaxl\n¥320.00\n$49.23\n6 26529-000-409138-MLGT-YQ-A\n26529-211\n26529-000-409138-MLGT-YQ-A-007\nChina\nSQR\nTaxl\n¥320.00\n$49.23\n7 26529-000-409138-MLGT-YQ-A\n26529-211\n26529-000-409138-MLGT-YQ-A-007\nChina\nSQR\nTaxl\n¥320.00\n$49.23\n8\n9 26529-000-409138-MLGT-YQ-A\n26529-211\n26529-000-409138-MLGT-YQ-A-008\nChina\nSQR\nTaxl\n¥320.00\n$49.23\n10 26529-000-409138-MLGT-YQ-A\n26529-211\n26529-000-409138-MLGT-YQ-A-008\nChina\nSQR\nTaxl\n¥320.00\n$49.23\n11 26529-000-409138-MLGT-YQ-A\n26529-211\n26529-000-409138-MLGT-YQ-A-008\nChina\nSQR\nTaxl\n¥320.00\n$49.23\n12 26529-000-409138-MLGT-YQ-A\n26529-211\n26529-000-409138-MLGT-YQ-A-008\nChina\nSQR\nTaxl\n¥320.00\n$49.23\n13 26529-000-409138-MLGT-YQ-A\n26529-211\n26529-000-409138-MLGT-YQ-A-008\nChina\nSQR\nTaxl\n¥320.00\n$49.23\n14\n15\n16 26529-000-409138-MLGT-YQ-A\n26529-211\n26529-000-409138-MLGT-YQ-A-009\nChina\nSQR\nTaxl\n¥320.00\n$49.23\n17 26529-000-409138-MLGT-YQ-A\n26529-211\n26529-000-409138-MLGT-YQ-A-009\nChina\nSQR\nTaxl\n¥320.00\n$49.23\n18 26529-000-409138-MLGT-YQ-A\n26529-211\n26529-000-409138-MLGT-YQ-A-009\nChina\nSQR\nTaxl\n¥320.00\n$49.23\n19 26529-000-409138-MLGT-YQ-A\n26529-211\n26529-000-409138-MLGT-YQ-A-009\nChina\nSQR\nTaxl\n¥320.00\n$49.23\n20 26529-000-409138-MLGT-YQ-A\n26529-211\n26529-000-409138-MLGT-YQ-A-009\nChina\nSQR\nTaxl\n¥320.00\n$49.23\n21\n22\n23 26529-000-409138-MLGT-YQ-A\n26529-211\n26529-000-409138-MLGT-YQ-A-010\nChina\nSQR\nTaxl\n¥320.00\n$49.23\n24 26529-000-409138-MLGT-YQ-A\n26529-211\n26529-000-409138-MLGT-YQ-A-010\nChina\nSQR\nTaxl\n¥320,00\n$49.23\n25 26529-000-409138-MLGT-YQ-A\n26529-211\n26529-000-409138-MLGT-YQ-A-010\nChina\nSQR\nTaxl\n¥320.00\n$49.23\n26 26529-000-409138-MLGT-YQ-A\n26529-211\n26529-000-409138-MLGT-YQ-A-010\nChina\nSQR\nTaxl\n¥320.00\n$49.23\n27 26529-000-409138-MLGT-YQ-A\n26529-211\n26529-000-409138-MLGT-YQ-A-010\nChina\nSQR\nTaxl\n¥496.00\n$76.31\n28\n29\n30 26529-000-409138-MLGT-YQ-A\n26529-211\nTotal\n26529-000-409138-MLGT-YQ-A-011\nChina\nSQR\nTaxl\n¥320.00\n$49.23\nChina\nSQR\n$1,110.15 $0.00 $1,110.15\n表格说明\nCURRENCY EXCHANGE RATE: 1USD=6.5RMB\nNIGHT SHIFT-7PM-7AM WILL BE CHARGED AT 1.5 TIMES UNIT RATE\nSATURDAYS WILL BE CHARGED AT 1.25 TIMES UNIT RATE\nSUNDAYS & PUBLIC HOLIDAYS WILL BE CHARGED AT 1.5 TIMES UNIT RATE\nUNIT RATE APPLIES TO ALL INSPECTION. TRAVEL AND REPORTING TIME\nUNIT RATE IS NET OF APPLICABLE LOCAL AND FEDERAL TAXES OF COUNTRY OF EXECUTION (E. G. VAT. ETC)\nMINIMUM CHARGE OF 5 HOURS APPLIES TO EACH EVENT (PER DATE AND SITE)",
    "tJsonTraducido": null,
    "lFormato": false,
    "iMIdioma": 5,
    "iMDocumentoTipo": 1,
    "tSequentialNumber": "BS0004"
  },
  "additional_data": {
    "mcomprobante": [
      {
        "_stamp_name": "BSQE",
        "_sequential_number": "BS0004",
        "tNumero": null,
        "tSerie": null,
        "nPrecioTotal": 49.23,
        "tCliente": null
      }
    ],
    "mcomprobante_detalle": [
      {
        "nCantidad": 1.0,
        "tDescripcion": "Taxl",
        "nPrecioUnitario": 49.23,
        "nPrecioTotal": 49.23
      },
      {
        "nCantidad": 1.0,
        "tDescripcion": "Taxl",
        "nPrecioUnitario": 49.23,
        "nPrecioTotal": 49.23
      },
      {
        "nCantidad": 1.0,
        "tDescripcion": "Taxl",
        "nPrecioUnitario": 49.23,
        "nPrecioTotal": 49.23
      },
      {
        "nCantidad": 1.0,
        "tDescripcion": "Taxl",
        "nPrecioUnitario": 49.23,
        "nPrecioTotal": 49.23
      },
      {
        "nCantidad": 1.0,
        "tDescripcion": "Taxl",
        "nPrecioUnitario": 49.23,
        "nPrecioTotal": 49.23
      },
      {
        "nCantidad": 1.0,
        "tDescripcion": "Taxl",
        "nPrecioUnitario": 49.23,
        "nPrecioTotal": 49.23
      },
      {
        "nCantidad": 1.0,
        "tDescripcion": "Taxl",
        "nPrecioUnitario": 49.23,
        "nPrecioTotal": 49.23
      },
      {
        "nCantidad": 1.0,
        "tDescripcion": "Taxl",
        "nPrecioUnitario": 49.23,
        "nPrecioTotal": 49.23
      },
      {
        "nCantidad": 1.0,
        "tDescripcion": "Taxl",
        "nPrecioUnitario": 49.23,
        "nPrecioTotal": 49.23
      },
      {
        "nCantidad": 1.0,
        "tDescripcion": "Taxl",
        "nPrecioUnitario": 49.23,
        "nPrecioTotal": 49.23
      },
      {
        "nCantidad": 1.0,
        "tDescripcion": "Taxl",
        "nPrecioUnitario": 49.23,
        "nPrecioTotal": 49.23
      },
      {
        "nCantidad": 1.0,
        "tDescripcion": "Taxl",
        "nPrecioUnitario": 49.23,
        "nPrecioTotal": 49.23
      },
      {
        "nCantidad": 1.0,
        "tDescripcion": "Taxl",
        "nPrecioUnitario": 49.23,
        "nPrecioTotal": 49.23
      },
      {
        "nCantidad": 1.0,
        "tDescripcion": "Taxl",
        "nPrecioUnitario": 49.23,
        "nPrecioTotal": 49.23
      },
      {
        "nCantidad": 1.0,
        "tDescripcion": "Taxl",
        "nPrecioUnitario": 49.23,
        "nPrecioTotal": 49.23
      },
      {
        "nCantidad": 1.0,
        "tDescripcion": "Taxl",
        "nPrecioUnitario": 49.23,
        "nPrecioTotal": 49.23
      },
      {
        "nCantidad": 1.0,
        "tDescripcion": "Taxl",
        "nPrecioUnitario": 49.23,
        "nPrecioTotal": 49.23
      },
      {
        "nCantidad": 1.0,
        "tDescripcion": "Taxl",
        "nPrecioUnitario": 49.23,
        "nPrecioTotal": 49.23
      },
      {
        "nCantidad": 1.0,
        "tDescripcion": "Taxl",
        "nPrecioUnitario": 76.31,
        "nPrecioTotal": 76.31
      },
      {
        "nCantidad": 1.0,
        "tDescripcion": "Taxl",
        "nPrecioUnitario": 49.23,
        "nPrecioTotal": 49.23
      },
      {
        "nCantidad": 1.0,
        "tDescripcion": "Valor monetario línea 207",
        "nPrecioUnitario": 1110.15,
        "nPrecioTotal": 1110.15,
        "_currency": "$",
        "_source_line": 207,
        "_auto_extracted": true
      },
      {
        "nCantidad": 1.0,
        "tDescripcion": "$",
        "nPrecioUnitario": 1110.15,
        "nPrecioTotal": 1110.15,
        "_currency": "USD",
        "_source_line": 207,
        "_auto_extracted": true
      },
      {
        "nCantidad": 1.0,
        "tDescripcion": "¥",
        "nPrecioUnitario": 496.0,
        "nPrecioTotal": 496.0,
        "_currency": "USD",
        "_source_line": 192,
        "_auto_extracted": true
      },
      {
        "nCantidad": 1.0,
        "tDescripcion": "¥",
        "nPrecioUnitario": 320.0,
        "nPrecioTotal": 320.0,
        "_currency": "USD",
        "_source_line": 27,
        "_auto_extracted": true
      },
      {
        "nCantidad": 1.0,
        "tDescripcion": "Valor monetario línea 193",
        "nPrecioUnitario": 76.0,
        "nPrecioTotal": 76.0,
        "_currency": "$",
        "_source_line": 193,
        "_auto_extracted": true
      },
      {
        "nCantidad": 1.0,
        "tDescripcion": "$",
        "nPrecioUnitario": 76.0,
        "nPrecioTotal": 76.0,
        "_currency": "USD",
        "_source_line": 193,
        "_auto_extracted": true
      },
      {
        "nCantidad": 1.0,
        "tDescripcion": "Valor monetario línea 28",
        "nPrecioUnitario": 49.0,
        "nPrecioTotal": 49.0,
        "_currency": "$",
        "_source_line": 28,
        "_auto_extracted": true
      },
      {
        "nCantidad": 1.0,
        "tDescripcion": "$",
        "nPrecioUnitario": 49.0,
        "nPrecioTotal": 49.0,
        "_currency": "USD",
        "_source_line": 28,
        "_auto_extracted": true
      },
      {
        "nCantidad": 1.0,
        "tDescripcion": "$76.",
        "nPrecioUnitario": 31.0,
        "nPrecioTotal": 31.0,
        "_currency": "USD",
        "_source_line": 193,
        "_auto_extracted": true
      },
      {
        "nCantidad": 1.0,
        "tDescripcion": "$49.",
        "nPrecioUnitario": 23.0,
        "nPrecioTotal": 23.0,
        "_currency": "USD",
        "_source_line": 28,
        "_auto_extracted": true
      },
      {
        "nCantidad": 1.0,
        "tDescripcion": ",110.",
        "nPrecioUnitario": 15.0,
        "nPrecioTotal": 15.0,
        "_currency": "USD",
        "_source_line": 207,
        "_auto_extracted": true
      },
      {
        "nCantidad": 1.0,
        "tDescripcion": "CURRENCY EXCHANGE RATE: 1USD=",
        "nPrecioUnitario": 6.0,
        "nPrecioTotal": 6.0,
        "_currency": "USD",
        "_source_line": 209,
        "_auto_extracted": true
      },
      {
        "nCantidad": 1.0,
        "tDescripcion": "Valor monetario línea 207",
        "nPrecioUnitario": 1.0,
        "nPrecioTotal": 1.0,
        "_currency": "$",
        "_source_line": 207,
        "_auto_extracted": true
      },
      {
        "nCantidad": 1.0,
        "tDescripcion": "$",
        "nPrecioUnitario": 1.0,
        "nPrecioTotal": 1.0,
        "_currency": "USD",
        "_source_line": 207,
        "_auto_extracted": true
      }
    ],
    "midioma": [
      {
        "iMIdioma": 5,
        "tIdioma": "Chino"
      }
    ],
    "mdocumento_tipo": [
      {
        "iMDocumentoTipo": 1,
        "tTipo": "Comprobante"
      }
    ],
    "mdivisa": [
      {
        "tDivisa": "USD"
      },
      {
        "tDivisa": "CNY"
      }
    ],
    "mnaturaleza": [
      {
        "tNaturaleza": "Otro"
      }
    ],
    "mproveedor": [
      {
        "tRazonSocial": "Month"
      }
    ],
    "mresumen": [],
    "mjornada": [],
    "mjornada_empleado": [],
    "marchivo_tipo": [],
    "munidad_medida": []
  }
}