{
  "metadata": {
    "version": "1.0.0",
    "parser": "ExtractorOCR",
    "extraction_date": "2025-11-18T14:24:58.105125",
    "type": "structured",
    "email": "mariadelosangeles.abanto@newmont.com",
    "year": 2025,
    "month": "Octubre",
    "request_id": "eada6176-0aa0-4362-b8ab-f4f1b641fff8",
    "processed_at": "2025-11-18T14:25:11.827917",
    "api_version": "1.0.0",
    "periodo_id": "string"
  },
  "hoja": {
    "tJson": "BECHEXPRPT_905606_U4GQYO\nOTEM\nOE0002\nPage 1 of 2\nPolicy: T&E - Latin America\nBechtel Expense Report\nReport Key : 1301343\nReport Number: U4GQYO\nEmployee ID : 905606\nEmployee Name : TORRES FERREIRA, LORENA VALERIA\nOrg Code : HXK1000\nDefault Approver : CISTERNAS ROJAS, ANDRES ULISES\nFinal Approver : CONCHA ROBLERO, CECILIA PAOLA\nReport Name : Recovery plan meeting - Lunch\nReport Date : Jun 24, 2025\nReport Purpose : Recovery plan meeting - Lunch\nReport Total : 88,817.00 = USD 90.81\nBechtel owes Card : 88,817.00\nBechtel owes Employee :\nJul 3, 2025 11:08:01 AM",
    "tJsonTraducido": null,
    "lFormato": false,
    "iMIdioma": 2,
    "iMDocumentoTipo": 4,
    "tSequentialNumber": "OE0002"
  },
  "additional_data": {
    "mresumen": [
      {
        "tjobno": "HXK1000",
        "ttype": "Expense Report",
        "tsourcereference": "U4GQYO",
        "tsourcerefid": "Key:1301343",
        "tdescription": "Report: Recovery plan meeting - Lunch | Purpose: Recovery plan meeting - Lunch | Employee: TORRES FERREIRA, LORENA VALERIA | Org: HXK1000 | Policy: T&E - Latin America",
        "nImporte": 88817.0,
        "tStampname": "OTEM",
        "tsequentialnumber": "OE0002",
        "_expense_report_data": {
          "report_key": "1301343",
          "report_number": "U4GQYO",
          "employee_id": "905606",
          "employee_name": "TORRES FERREIRA, LORENA VALERIA",
          "org_code": "HXK1000",
          "default_approver": "CISTERNAS ROJAS, ANDRES ULISES",
          "final_approver": "CONCHA ROBLERO, CECILIA PAOLA",
          "report_name": "Recovery plan meeting - Lunch",
          "report_date": "Jun 24, 2025",
          "report_purpose": "Recovery plan meeting - Lunch",
          "report_total": 88817.0,
          "bechtel_owes_card": 88817.0,
          "bechtel_owes_employee": null,
          "policy": "T&E - Latin America"
        }
      },
      {
        "tjobno": "HXK1000",
        "ttype": "Expense Report - Highlighted Value",
        "tsourcereference": "U4GQYO",
        "tsourcerefid": null,
        "tdescription": "Valor destacado (Report Total): 24.00",
        "nImporte": 24.0,
        "tStampname": "OTEM",
        "tsequentialnumber": "OE0002",
        "_highlighted": true,
        "_source_field": "Report Total",
        "_source_line": "Report Date : Jun 24, 2025"
      },
      {
        "tjobno": "HXK1000",
        "ttype": "Expense Report - Highlighted Value",
        "tsourcereference": "U4GQYO",
        "tsourcerefid": null,
        "tdescription": "Valor destacado (Report Total): 2,025.00",
        "nImporte": 2025.0,
        "tStampname": "OTEM",
        "tsequentialnumber": "OE0002",
        "_highlighted": true,
        "_source_field": "Report Total",
        "_source_line": "Report Date : Jun 24, 2025"
      },
      {
        "tjobno": "HXK1000",
        "ttype": "Expense Report - Highlighted Value",
        "tsourcereference": "U4GQYO",
        "tsourcerefid": null,
        "tdescription": "Valor destacado (Report Total): 88,817.00",
        "nImporte": 88817.0,
        "tStampname": "OTEM",
        "tsequentialnumber": "OE0002",
        "_highlighted": true,
        "_source_field": "Report Total",
        "_source_line": "Report Total : 88,817.00 = USD 90.81"
      },
      {
        "tjobno": "HXK1000",
        "ttype": "Expense Report - Highlighted Value",
        "tsourcereference": "U4GQYO",
        "tsourcerefid": null,
        "tdescription": "Valor destacado (Report Total): 90.81",
        "nImporte": 90.81,
        "tStampname": "OTEM",
        "tsequentialnumber": "OE0002",
        "_highlighted": true,
        "_source_field": "Report Total",
        "_source_line": "Report Total : 88,817.00 = USD 90.81"
      },
      {
        "tjobno": "HXK1000",
        "ttype": "Expense Report - Highlighted Value",
        "tsourcereference": "U4GQYO",
        "tsourcerefid": null,
        "tdescription": "Valor destacado (Report Total): 90.00",
        "nImporte": 90.0,
        "tStampname": "OTEM",
        "tsequentialnumber": "OE0002",
        "_highlighted": true,
        "_source_field": "Report Total",
        "_source_line": "Report Total : 88,817.00 = USD 90.81"
      },
      {
        "tjobno": "HXK1000",
        "ttype": "Expense Report - Highlighted Value",
        "tsourcereference": "U4GQYO",
        "tsourcerefid": null,
        "tdescription": "Valor destacado (Report Total): 81.00",
        "nImporte": 81.0,
        "tStampname": "OTEM",
        "tsequentialnumber": "OE0002",
        "_highlighted": true,
        "_source_field": "Report Total",
        "_source_line": "Report Total : 88,817.00 = USD 90.81"
      },
      {
        "tjobno": "HXK1000",
        "ttype": "Expense Report - Highlighted Value",
        "tsourcereference": "U4GQYO",
        "tsourcerefid": null,
        "tdescription": "Valor destacado (Bechtel owes Card): 88,817.00",
        "nImporte": 88817.0,
        "tStampname": "OTEM",
        "tsequentialnumber": "OE0002",
        "_highlighted": true,
        "_source_field": "Bechtel owes Card",
        "_source_line": "Report Total : 88,817.00 = USD 90.81"
      },
      {
        "tjobno": "HXK1000",
        "ttype": "Expense Report - Highlighted Value",
        "tsourcereference": "U4GQYO",
        "tsourcerefid": null,
        "tdescription": "Valor destacado (Bechtel owes Card): 90.81",
        "nImporte": 90.81,
        "tStampname": "OTEM",
        "tsequentialnumber": "OE0002",
        "_highlighted": true,
        "_source_field": "Bechtel owes Card",
        "_source_line": "Report Total : 88,817.00 = USD 90.81"
      },
      {
        "tjobno": "HXK1000",
        "ttype": "Expense Report - Highlighted Value",
        "tsourcereference": "U4GQYO",
        "tsourcerefid": null,
        "tdescription": "Valor destacado (Bechtel owes Employee): 88,817.00",
        "nImporte": 88817.0,
        "tStampname": "OTEM",
        "tsequentialnumber": "OE0002",
        "_highlighted": true,
        "_source_field": "Bechtel owes Employee",
        "_source_line": "Bechtel owes Card : 88,817.00"
      },
      {
        "tjobno": "HXK1000",
        "ttype": "Expense Report - Highlighted Value",
        "tsourcereference": "U4GQYO",
        "tsourcerefid": null,
        "tdescription": "Valor destacado (Bechtel owes Employee): 3.00",
        "nImporte": 3.0,
        "tStampname": "OTEM",
        "tsequentialnumber": "OE0002",
        "_highlighted": true,
        "_source_field": "Bechtel owes Employee",
        "_source_line": "Jul 3, 2025 11:08:01 AM"
      },
      {
        "tjobno": "HXK1000",
        "ttype": "Expense Report - Highlighted Value",
        "tsourcereference": "U4GQYO",
        "tsourcerefid": null,
        "tdescription": "Valor destacado (Bechtel owes Employee): 2,025.00",
        "nImporte": 2025.0,
        "tStampname": "OTEM",
        "tsequentialnumber": "OE0002",
        "_highlighted": true,
        "_source_field": "Bechtel owes Employee",
        "_source_line": "Jul 3, 2025 11:08:01 AM"
      },
      {
        "tjobno": "HXK1000",
        "ttype": "Expense Report - Highlighted Value",
        "tsourcereference": "U4GQYO",
        "tsourcerefid": null,
        "tdescription": "Valor destacado (Bechtel owes Employee): 11.00",
        "nImporte": 11.0,
        "tStampname": "OTEM",
        "tsequentialnumber": "OE0002",
        "_highlighted": true,
        "_source_field": "Bechtel owes Employee",
        "_source_line": "Jul 3, 2025 11:08:01 AM"
      },
      {
        "tjobno": "HXK1000",
        "ttype": "Expense Report - Highlighted Value",
        "tsourcereference": "U4GQYO",
        "tsourcerefid": null,
        "tdescription": "Valor destacado (Bechtel owes Employee): 8.00",
        "nImporte": 8.0,
        "tStampname": "OTEM",
        "tsequentialnumber": "OE0002",
        "_highlighted": true,
        "_source_field": "Bechtel owes Employee",
        "_source_line": "Jul 3, 2025 11:08:01 AM"
      },
      {
        "tjobno": "HXK1000",
        "ttype": "Expense Report - Highlighted Value",
        "tsourcereference": "U4GQYO",
        "tsourcerefid": null,
        "tdescription": "Valor destacado (Bechtel owes Employee): 1.00",
        "nImporte": 1.0,
        "tStampname": "OTEM",
        "tsequentialnumber": "OE0002",
        "_highlighted": true,
        "_source_field": "Bechtel owes Employee",
        "_source_line": "Jul 3, 2025 11:08:01 AM"
      }
    ],
    "midioma": [
      {
        "iMIdioma": 2,
        "tIdioma": "Inglés"
      }
    ],
    "mdocumento_tipo": [
      {
        "iMDocumentoTipo": 4,
        "tTipo": "Expense Report"
      }
    ],
    "mdivisa": [
      {
        "tDivisa": "USD"
      }
    ],
    "mnaturaleza": [
      {
        "tNaturaleza": "Otro"
      }
    ],
    "mproveedor": [
      {
        "tRazonSocial": "EM\nOE"
      }
    ],
    "mcomprobante_detalle": [
      {
        "nCantidad": 1.0,
        "tDescripcion": "Report Total :",
        "nPrecioUnitario": 88817.0,
        "nPrecioTotal": 88817.0,
        "_currency": "USD",
        "_source_line": 17,
        "_auto_extracted": true
      },
      {
        "nCantidad": 1.0,
        "tDescripcion": "Report Total :  =",
        "nPrecioUnitario": 90.81,
        "nPrecioTotal": 90.81,
        "_currency": "USD",
        "_source_line": 17,
        "_auto_extracted": true
      },
      {
        "nCantidad": 1.0,
        "tDescripcion": "Report Total :  = USD",
        "nPrecioUnitario": 90.0,
        "nPrecioTotal": 90.0,
        "_currency": "USD",
        "_source_line": 17,
        "_auto_extracted": true
      },
      {
        "nCantidad": 1.0,
        "tDescripcion": "Report Total :",
        "nPrecioUnitario": 88.0,
        "nPrecioTotal": 88.0,
        "_currency": "USD",
        "_source_line": 17,
        "_auto_extracted": true
      },
      {
        "nCantidad": 1.0,
        "tDescripcion": "Report Total :  = USD 90.",
        "nPrecioUnitario": 81.0,
        "nPrecioTotal": 81.0,
        "_currency": "USD",
        "_source_line": 17,
        "_auto_extracted": true
      }
    ],
    "mcomprobante": [],
    "mjornada": [],
    "mjornada_empleado": [],
    "marchivo_tipo": [],
    "munidad_medida": []
  }
}