{
  "metadata": {
    "version": "1.0.0",
    "parser": "ExtractorOCR",
    "extraction_date": "2025-11-18T14:20:54.218343",
    "type": "structured",
    "email": "mariadelosangeles.abanto@newmont.com",
    "year": 2025,
    "month": "Octubre",
    "request_id": "eada6176-0aa0-4362-b8ab-f4f1b641fff8",
    "processed_at": "2025-11-18T14:25:11.827917",
    "api_version": "1.0.0",
    "periodo_id": "string"
  },
  "hoja": {
    "tJson": "BSQE\nBS0003\nM/S\n日期\nDATE/TARIKH : 12.6.2025\nNO. 號碼\n號碼 摘要 數量 價目 銀額\nNO. PARTICULARS QUANTITY UNIT PRICE AMOUNT\nBUTIR-BUTIR KUANTIT HARGA JUMLAH\n1\n2 18.50\n3\n4\n5\n6\n7\n8\n9\n10 USD 450 450\n貨物出門恕不退换 總計\nGoods sola are not returnable TOTAL 18.50\nBarang yang sudah dijual tidak boleh dikembalikan. JUMLAH\nReceived by / Diterima oleh /收貨人 Signature / Tandatangan / 經手人",
    "tJsonTraducido": null,
    "lFormato": false,
    "iMIdioma": 5,
    "iMDocumentoTipo": 1,
    "tSequentialNumber": "BS0003"
  },
  "additional_data": {
    "mcomprobante": [
      {
        "_stamp_name": "BSQE",
        "_sequential_number": "BS0003",
        "tNumero": null,
        "tSerie": null,
        "nPrecioTotal": 18.0,
        "tCliente": null
      }
    ],
    "mcomprobante_detalle": [
      {
        "nCantidad": 1.0,
        "tDescripcion": "Item 10 (USD)",
        "nPrecioUnitario": 450.0,
        "nPrecioTotal": 450.0
      },
      {
        "nCantidad": 2.0,
        "tDescripcion": "18.50",
        "nPrecioUnitario": 9.25,
        "nPrecioTotal": 18.5
      },
      {
        "nCantidad": 1.0,
        "tDescripcion": "USD 450",
        "nPrecioUnitario": 450.0,
        "nPrecioTotal": 450.0
      },
      {
        "nCantidad": 1.0,
        "tDescripcion": "Goods sola are not returnable TOTAL 18.",
        "nPrecioUnitario": 50.0,
        "nPrecioTotal": 50.0,
        "_currency": "USD",
        "_source_line": 21,
        "_auto_extracted": true
      },
      {
        "nCantidad": 1.0,
        "tDescripcion": "Goods sola are not returnable TOTAL",
        "nPrecioUnitario": 18.0,
        "nPrecioTotal": 18.0,
        "_currency": "USD",
        "_source_line": 21,
        "_auto_extracted": true
      }
    ],
    "midioma": [
      {
        "iMIdioma": 5,
        "tIdioma": "Chino"
      }
    ],
    "mdocumento_tipo": [
      {
        "iMDocumentoTipo": 1,
        "tTipo": "Comprobante"
      }
    ],
    "mdivisa": [
      {
        "tDivisa": "USD"
      }
    ],
    "mnaturaleza": [
      {
        "tNaturaleza": "Otro"
      }
    ],
    "mproveedor": [
      {
        "tRazonSocial": "NO. PARTICULARS QUANTITY UNIT PRICE AMOUNT"
      }
    ],
    "mresumen": [],
    "mjornada": [],
    "mjornada_empleado": [],
    "marchivo_tipo": [],
    "munidad_medida": []
  }
}