{
  "metadata": {
    "version": "1.0.0",
    "parser": "ExtractorOCR",
    "extraction_date": "2025-11-18T14:23:07.816015",
    "type": "structured",
    "email": "mariadelosangeles.abanto@newmont.com",
    "year": 2025,
    "month": "Octubre",
    "request_id": "eada6176-0aa0-4362-b8ab-f4f1b641fff8",
    "processed_at": "2025-11-18T14:25:11.827917",
    "api_version": "1.0.0",
    "periodo_id": "string"
  },
  "hoja": {
    "tJson": "BSQE\nBS0004\n6/10-05 11N-SH-1801-29 P77K (485)\nBchtel\nPage 2 of 7\n江苏通用机打发票\n设定紀券法局\n国家税务局\n《发票联\n发票化料:132102281210\n发票号码:13188586\n投诉电话:12328\n监督电话:12316\n单位\n电话51483411289\n车号 K-D8261\n证号\n日期\n上午20254060\n下车\n07:41\n单价\n08:16\n里程\n2.70元/公里\n手等候\n金額\n14.1公里\n00:03.23\n1\n41.00元\n手写无效\n存\n根\n发票代码:132102081210\n发票号码:1862587入市出租汽\n监督电话:\n市物价局:12358\n市客四位:$1871669 发票专用章\n1051483411289\n单位\n01\n电话\n车号\n证号\nK-WA636\n日期\n上午2025年06月10日\n705\n下车\n14:48\n单价\n15:55\n里程\n3.00元/公里\n手等候\n金額\n电费\nIC卡号\nIC卡原额\nIC卡余额\n47.1公里\n00:11.54\n2\n143.00元\n161400001-0\n147\n41\n检票口A2\nShanghaihongqiao\n03088号\n二等座\nZ338008223\n镇江南站 G131 上海虹桥站\n2025年06月10日 16:15开\n¥115.0元\n仅供报销使用\n3102301972****6975 董志超\n报销凭证遗失不补\n退票改签时须交回车站\n66842300330611B008223 JM\nZhenjiangnan\n299\n18\n48\n存\n*87*000155645571\n根 6445364+00000*00\n上海友备有限公司\nTAXI\n在费发票\nFARE RECER\n发票代码:\nCRETD\n131002460114\n发票号码: 00274866\n统一社会信用代\n电话:0\n车号\n证号\nG-U0598\n234829\n日期 2025-06-10\n无上本(K0770)17:45\n效下车\n单价\n里程\n等候\n金額\n含电调费\n元\n19:21\n4.10元/km\n42.1km\n00:18.30\n节假日附加費0元\n186.00元\n元",
    "tJsonTraducido": null,
    "lFormato": false,
    "iMIdioma": 5,
    "iMDocumentoTipo": 99,
    "tSequentialNumber": "BS0004"
  },
  "additional_data": {
    "midioma": [
      {
        "iMIdioma": 5,
        "tIdioma": "Chino"
      }
    ],
    "mdocumento_tipo": [
      {
        "iMDocumentoTipo": 99,
        "tTipo": "Desconocido"
      }
    ],
    "mdivisa": [
      {
        "tDivisa": "USD"
      },
      {
        "tDivisa": "CNY"
      }
    ],
    "mnaturaleza": [
      {
        "tNaturaleza": "Otro"
      }
    ],
    "mcomprobante_detalle": [
      {
        "nCantidad": 1.0,
        "tDescripcion": "00:",
        "nPrecioUnitario": 18.3,
        "nPrecioTotal": 18.3,
        "_currency": "USD",
        "_source_line": 115,
        "_auto_extracted": true
      },
      {
        "nCantidad": 1.0,
        "tDescripcion": "00:",
        "nPrecioUnitario": 11.54,
        "nPrecioTotal": 11.54,
        "_currency": "USD",
        "_source_line": 63,
        "_auto_extracted": true
      },
      {
        "nCantidad": 1.0,
        "tDescripcion": "00:",
        "nPrecioUnitario": 3.23,
        "nPrecioTotal": 3.23,
        "_currency": "USD",
        "_source_line": 29,
        "_auto_extracted": true
      }
    ],
    "mresumen": [],
    "mcomprobante": [],
    "mjornada": [],
    "mjornada_empleado": [],
    "mproveedor": [],
    "marchivo_tipo": [],
    "munidad_medida": []
  }
}