{
  "metadata": {
    "version": "1.0.0",
    "parser": "ExtractorOCR",
    "extraction_date": "2025-11-18T14:20:40.792413",
    "type": "structured",
    "email": "mariadelosangeles.abanto@newmont.com",
    "year": 2025,
    "month": "Octubre",
    "request_id": "eada6176-0aa0-4362-b8ab-f4f1b641fff8",
    "processed_at": "2025-11-18T14:25:11.827917",
    "api_version": "1.0.0",
    "periodo_id": "string"
  },
  "hoja": {
    "tJson": "BSQE\nBS0003\nHEAL\nLee Char Koay Teow\nCashier: Owner\nPOS: admin\nDine In\nS 10.00\n1 x 10.00\nKG 7.00\n1 x 7.00\nNASI GORENG SOTONG 13.00\n1 x 13.00\nDRINK RM2.00 4.00\n2 x 2.00\nDRINK RM0.50 0.50\n1 x 0.50\nTotal USD [34.50]\nCard 8-35 34.50\n6/9/25 9:08 PM #2-118533",
    "tJsonTraducido": null,
    "lFormato": false,
    "iMIdioma": 1,
    "iMDocumentoTipo": 99,
    "tSequentialNumber": "BS0003"
  },
  "additional_data": {
    "midioma": [
      {
        "iMIdioma": 1,
        "tIdioma": "Español"
      }
    ],
    "mdocumento_tipo": [
      {
        "iMDocumentoTipo": 99,
        "tTipo": "Desconocido"
      }
    ],
    "mdivisa": [
      {
        "tDivisa": "USD"
      },
      {
        "tDivisa": "RM"
      }
    ],
    "mnaturaleza": [
      {
        "tNaturaleza": "Otro"
      }
    ],
    "mcomprobante_detalle": [
      {
        "nCantidad": 1.0,
        "tDescripcion": "Total USD [34.",
        "nPrecioUnitario": 50.0,
        "nPrecioTotal": 50.0,
        "_currency": "USD",
        "_source_line": 18,
        "_auto_extracted": true
      },
      {
        "nCantidad": 1.0,
        "tDescripcion": "Total USD [",
        "nPrecioUnitario": 34.5,
        "nPrecioTotal": 34.5,
        "_currency": "USD",
        "_source_line": 18,
        "_auto_extracted": true
      },
      {
        "nCantidad": 1.0,
        "tDescripcion": "Total USD [",
        "nPrecioUnitario": 34.0,
        "nPrecioTotal": 34.0,
        "_currency": "USD",
        "_source_line": 18,
        "_auto_extracted": true
      },
      {
        "nCantidad": 1.0,
        "tDescripcion": "NASI GORENG SOTONG",
        "nPrecioUnitario": 13.0,
        "nPrecioTotal": 13.0,
        "_currency": "USD",
        "_source_line": 12,
        "_auto_extracted": true
      },
      {
        "nCantidad": 1.0,
        "tDescripcion": "S",
        "nPrecioUnitario": 10.0,
        "nPrecioTotal": 10.0,
        "_currency": "USD",
        "_source_line": 8,
        "_auto_extracted": true
      }
    ],
    "mresumen": [],
    "mcomprobante": [],
    "mjornada": [],
    "mjornada_empleado": [],
    "mproveedor": [],
    "marchivo_tipo": [],
    "munidad_medida": []
  }
}