{
  "metadata": {
    "version": "1.0.0",
    "parser": "ExtractorOCR",
    "extraction_date": "2025-11-18T14:20:27.189957",
    "type": "structured",
    "email": "mariadelosangeles.abanto@newmont.com",
    "year": 2025,
    "month": "Octubre",
    "request_id": "eada6176-0aa0-4362-b8ab-f4f1b641fff8",
    "processed_at": "2025-11-18T14:25:11.827917",
    "api_version": "1.0.0",
    "periodo_id": "string"
  },
  "hoja": {
    "tJson": "Period : JUL-25\nPosted Status : Posted\nPosted Date : 31-JUL-2025\nSource : Spreadsheet\nCategory : Original JVs\nFunct. Curr : CLP\nEntered Curr : USD\nCurrency Type: Corporate\nCurrency Rate: 978.07\nCurrency Date: 31-JUL-2025\nPrepared By : AMSEMIEN\nApproval Stat: Approved\nApproved By : EMARMSTR\nGL Journal Details\nBatch Name: Web ADI: V52T-2336732507B0032/4479537/USD/31-JUL-2025 Spreadsheet A 4479539\nJournal Name: Original JVs USD Corporate 31-JUL-25 Batch_ID: 10812482\nSource Ref: 2336732507B0032\nJounal Desc: JUL-25 BSQE OH RECOVERY\nTransaction Date: 31-JUL-25\nPage No.: 1\nRun Date: 05-Aug-2025\nRun Time: 13:08:19\nReport No.: XXOGL_JE_LINES_RPT_XML\nLine Ent Sub Nat Sub Perform Entered Entered Funct Equiv Funct Equiv Reference/ R Sub Emp Org Bill Hours Line Description\nNo. Off Cor Acct Cls Job Job Org Debits Credits Debits Credits Invoice Numb Sub No NC To\ne\n1 V52T 000 0000 890 26442 007 8NJ2500 4,301.00 0.00 4,206,679.00 0.00 JUL-25 BSQE OH RECOVERY\n2 V52T 000 0000 890 26442 223 8NJ2500 616.00 0.00 602.491.00 0.00 JUL-25 BSQE OH RECOVERY\n3 V52T 000 0000 890 26442 223 8NJ2100 1,452.00 0.00 1,420,158.00 0.00 JUL-25 BSQE OH RECOVERY\n4 V52T 000 0000 890 26775 138 8NJ2500 220.00 0.00 215,175.00 0.00 JUL-25 BSQE OH RECOVERY\n5 V52T 447 0000 000 24084 PAY 0000000 .00 6,589.00 0.00 6,444,503.00 JUL-25 BSQE OH RECOVERY\n6,589.00 6,589.00 6,444,503.00 6,444,503.00\nUSD 4,301.00 + USD 616.00 + USD 1,452.00 = USD 6,369.00\nBSQE\nBS0001",
    "tJsonTraducido": null,
    "lFormato": false,
    "iMIdioma": 2,
    "iMDocumentoTipo": 1,
    "tSequentialNumber": "BS0001"
  },
  "additional_data": {
    "mcomprobante": [
      {
        "_stamp_name": "BSQE",
        "_sequential_number": "BS0001",
        "tNumero": "2336732507B0032",
        "tSerie": null,
        "tCliente": null
      }
    ],
    "mcomprobante_detalle": [
      {
        "nCantidad": 1.0,
        "tDescripcion": "JUL-25 BSQE OH RECOVERY",
        "nPrecioUnitario": 4301.0,
        "nPrecioTotal": 4206679.0
      },
      {
        "nCantidad": 1.0,
        "tDescripcion": "JUL-25 BSQE OH RECOVERY",
        "nPrecioUnitario": 616.0,
        "nPrecioTotal": 602491.0
      },
      {
        "nCantidad": 1.0,
        "tDescripcion": "JUL-25 BSQE OH RECOVERY",
        "nPrecioUnitario": 1452.0,
        "nPrecioTotal": 1420158.0
      },
      {
        "nCantidad": 1.0,
        "tDescripcion": "JUL-25 BSQE OH RECOVERY",
        "nPrecioUnitario": 220.0,
        "nPrecioTotal": 215175.0
      },
      {
        "nCantidad": 1.0,
        "tDescripcion": "JUL-25 BSQE OH RECOVERY",
        "nPrecioUnitario": 0.0,
        "nPrecioTotal": 6444503.0
      },
      {
        "nCantidad": 1.0,
        "tDescripcion": "BSQE OH RECOVERY",
        "nPrecioUnitario": 6444503.0,
        "nPrecioTotal": 6444503.0
      },
      {
        "nCantidad": 1.0,
        "tDescripcion": "6,.00 6,.00 6,,.00 6,,.00",
        "nPrecioUnitario": 6444503.0,
        "nPrecioTotal": 6444503.0
      },
      {
        "nCantidad": 1.0,
        "tDescripcion": "5 V52T 447 0000 000 24084 PAY 0000000 .00",
        "nPrecioUnitario": 6589.0,
        "nPrecioTotal": 6589.0,
        "_currency": "USD",
        "_source_line": 31,
        "_auto_extracted": true
      },
      {
        "nCantidad": 1.0,
        "tDescripcion": "+  +  =",
        "nPrecioUnitario": 6369.0,
        "nPrecioTotal": 6369.0,
        "_currency": "USD",
        "_source_line": 33,
        "_auto_extracted": true
      },
      {
        "nCantidad": 1.0,
        "tDescripcion": "1 V52T 000 0000 890 26442 007 8NJ2500",
        "nPrecioUnitario": 4301.0,
        "nPrecioTotal": 4301.0,
        "_currency": "USD",
        "_source_line": 27,
        "_auto_extracted": true
      },
      {
        "nCantidad": 1.0,
        "tDescripcion": "3 V52T 000 0000 890 26442 223 8NJ2100",
        "nPrecioUnitario": 1452.0,
        "nPrecioTotal": 1452.0,
        "_currency": "USD",
        "_source_line": 29,
        "_auto_extracted": true
      },
      {
        "nCantidad": 1.0,
        "tDescripcion": "Currency Rate:",
        "nPrecioUnitario": 978.07,
        "nPrecioTotal": 978.07,
        "_currency": "USD",
        "_source_line": 9,
        "_auto_extracted": true
      },
      {
        "nCantidad": 1.0,
        "tDescripcion": "2 V52T 000 0000 890 26442 223 8NJ2500",
        "nPrecioUnitario": 616.0,
        "nPrecioTotal": 616.0,
        "_currency": "USD",
        "_source_line": 28,
        "_auto_extracted": true
      },
      {
        "nCantidad": 1.0,
        "tDescripcion": "2 V52T 000 0000 890 26442 223 8NJ2500  0.00 602.",
        "nPrecioUnitario": 491.0,
        "nPrecioTotal": 491.0,
        "_currency": "USD",
        "_source_line": 28,
        "_auto_extracted": true
      },
      {
        "nCantidad": 1.0,
        "tDescripcion": "4 V52T 000 0000 890 26775 138 8NJ2500",
        "nPrecioUnitario": 220.0,
        "nPrecioTotal": 220.0,
        "_currency": "USD",
        "_source_line": 30,
        "_auto_extracted": true
      },
      {
        "nCantidad": 1.0,
        "tDescripcion": "Currency Rate: 978.",
        "nPrecioUnitario": 7.0,
        "nPrecioTotal": 7.0,
        "_currency": "USD",
        "_source_line": 9,
        "_auto_extracted": true
      }
    ],
    "midioma": [
      {
        "iMIdioma": 2,
        "tIdioma": "Inglés"
      }
    ],
    "mdocumento_tipo": [
      {
        "iMDocumentoTipo": 1,
        "tTipo": "Comprobante"
      }
    ],
    "mdivisa": [
      {
        "tDivisa": "CLP"
      },
      {
        "tDivisa": "USD"
      }
    ],
    "mnaturaleza": [
      {
        "tNaturaleza": "Otro"
      }
    ],
    "mresumen": [
      {
        "tDescripcion": "Cálculo destacado: USD 4,301.00 + USD 616.00 + USD 1,452.00 = USD 6,369.00",
        "tjobno": null,
        "ttype": null,
        "nMonto": 6369.0,
        "tDivisa": "USD",
        "_calculation": true,
        "_calculation_text": "USD 4,301.00 + USD 616.00 + USD 1,452.00 = USD 6,369.00"
      }
    ],
    "mjornada": [],
    "mjornada_empleado": [],
    "mproveedor": [],
    "marchivo_tipo": [],
    "munidad_medida": []
  }
}