{
  "metadata": {
    "version": "1.0.0",
    "parser": "ExtractorOCR",
    "extraction_date": "2025-11-18T14:21:15.846118",
    "type": "structured",
    "email": "mariadelosangeles.abanto@newmont.com",
    "year": 2025,
    "month": "Octubre",
    "request_id": "eada6176-0aa0-4362-b8ab-f4f1b641fff8",
    "processed_at": "2025-11-18T14:25:11.827917",
    "api_version": "1.0.0",
    "periodo_id": "string"
  },
  "hoja": {
    "tJson": "BSQE\nBS0003\nMEL\nM/S\n日期\nDATE\nPARIKH: 20/6\nNO. 10247\nNO Particulars Butir-Butir Quantity Kuantiti Unit Price Harga Amount Nilai\n1 23.30\n2\n3\n4\n5\n6\n7\n8\n9\n10 USD 5.65\n货物出门,恕不退换\nGoods sold are not returnable / Barang yang sudah dijual tidak boleh dikembalikan. Total / 总计 Jumlah 23.30\nReceived by / Terima Oleh / 收货人 Signature / Tandatangan / 经手人",
    "tJsonTraducido": null,
    "lFormato": false,
    "iMIdioma": 5,
    "iMDocumentoTipo": 1,
    "tSequentialNumber": "BS0003"
  },
  "additional_data": {
    "mcomprobante": [
      {
        "_stamp_name": "BSQE",
        "_sequential_number": "BS0003",
        "tNumero": "10247",
        "tSerie": null,
        "nPrecioTotal": 23.3,
        "tCliente": null
      }
    ],
    "mcomprobante_detalle": [
      {
        "nCantidad": 1.0,
        "tDescripcion": "Item 10 (USD)",
        "nPrecioUnitario": 5.65,
        "nPrecioTotal": 5.65
      },
      {
        "nCantidad": 1.0,
        "tDescripcion": "USD 5.65",
        "nPrecioUnitario": 5.65,
        "nPrecioTotal": 5.65
      },
      {
        "nCantidad": 1.0,
        "tDescripcion": "Goods sold are not returnable / Barang yang sudah dijual tidak boleh dikembalikan. Total / 总计 Jumlah",
        "nPrecioUnitario": 30.0,
        "nPrecioTotal": 30.0,
        "_currency": "USD",
        "_source_line": 21,
        "_auto_extracted": true
      },
      {
        "nCantidad": 1.0,
        "tDescripcion": "1",
        "nPrecioUnitario": 23.3,
        "nPrecioTotal": 23.3,
        "_currency": "USD",
        "_source_line": 10,
        "_auto_extracted": true
      },
      {
        "nCantidad": 1.0,
        "tDescripcion": "Goods sold are not returnable / Barang yang sudah dijual tidak boleh dikembalikan. Total / 总计 Jumlah",
        "nPrecioUnitario": 23.0,
        "nPrecioTotal": 23.0,
        "_currency": "USD",
        "_source_line": 21,
        "_auto_extracted": true
      }
    ],
    "midioma": [
      {
        "iMIdioma": 5,
        "tIdioma": "Chino"
      }
    ],
    "mdocumento_tipo": [
      {
        "iMDocumentoTipo": 1,
        "tTipo": "Comprobante"
      }
    ],
    "mdivisa": [
      {
        "tDivisa": "USD"
      }
    ],
    "mnaturaleza": [
      {
        "tNaturaleza": "Otro"
      }
    ],
    "mresumen": [],
    "mjornada": [],
    "mjornada_empleado": [],
    "mproveedor": [],
    "marchivo_tipo": [],
    "munidad_medida": []
  }
}