{
  "metadata": {
    "version": "1.0.0",
    "parser": "ExtractorOCR",
    "extraction_date": "2025-11-18T14:21:36.152079",
    "type": "structured",
    "email": "mariadelosangeles.abanto@newmont.com",
    "year": 2025,
    "month": "Octubre",
    "request_id": "eada6176-0aa0-4362-b8ab-f4f1b641fff8",
    "processed_at": "2025-11-18T14:25:11.827917",
    "api_version": "1.0.0",
    "periodo_id": "string"
  },
  "hoja": {
    "tJson": "BECHTEL\nInvoice Approval Report\nBSQE\nBS0004\nReport Date - 23-Jul-25\nPage 2 of 2\nApproval History Details\nSeq No Reviewer Emp# Approval Limit Review Date Status Comments\n1651323- AMSEMIEN 233673 22-JUL-25 APPROVED\n1",
    "tJsonTraducido": null,
    "lFormato": false,
    "iMIdioma": 2,
    "iMDocumentoTipo": 4,
    "tSequentialNumber": "BS0004"
  },
  "additional_data": {
    "mresumen": [
      {
        "tjobno": null,
        "ttype": "Expense Report",
        "tsourcereference": null,
        "tsourcerefid": null,
        "tdescription": "Bechtel Expense Report",
        "nImporte": null,
        "tStampname": "BSQE",
        "tsequentialnumber": "BS0004",
        "_expense_report_data": {
          "report_key": null,
          "report_number": null,
          "employee_id": null,
          "employee_name": null,
          "org_code": null,
          "default_approver": null,
          "final_approver": null,
          "report_name": null,
          "report_date": null,
          "report_purpose": null,
          "report_total": null,
          "bechtel_owes_card": null,
          "bechtel_owes_employee": null,
          "policy": null
        }
      }
    ],
    "midioma": [
      {
        "iMIdioma": 2,
        "tIdioma": "Inglés"
      }
    ],
    "mdocumento_tipo": [
      {
        "iMDocumentoTipo": 4,
        "tTipo": "Expense Report"
      }
    ],
    "mnaturaleza": [
      {
        "tNaturaleza": "Otro"
      }
    ],
    "mproveedor": [
      {
        "tRazonSocial": "BECHTEL\nInvoice Approval Report\nBSQE\nBS"
      }
    ],
    "departments": [
      {
        "name": "IT Services",
        "amount": null,
        "pattern_found": "it"
      }
    ],
    "disciplines": [],
    "mcomprobante": [],
    "mcomprobante_detalle": [],
    "mjornada": [],
    "mjornada_empleado": [],
    "marchivo_tipo": [],
    "mdivisa": [],
    "munidad_medida": []
  }
}