{
  "metadata": {
    "version": "1.0.0",
    "parser": "ExtractorOCR",
    "extraction_date": "2025-11-18T14:25:07.852774",
    "type": "structured",
    "email": "mariadelosangeles.abanto@newmont.com",
    "year": 2025,
    "month": "Octubre",
    "request_id": "eada6176-0aa0-4362-b8ab-f4f1b641fff8",
    "processed_at": "2025-11-18T14:25:11.827917",
    "api_version": "1.0.0",
    "periodo_id": "string"
  },
  "hoja": {
    "tJson": "R.U.T. 76.077.237-2\nBOLETA ELECTRÓNICA\nN° 0000155103\nS.I.I. SANTIAGO ORIENTE\nFIAB SERVICIOS S.A.\nSERVICIOS DE ALIMENTACIÓN,\nELABORACIÓN, COMERCIALIZACIÓN,\nDISTRIBUCIÓN PRODUCTOS DE\nPASTELERÍA, HELADOS,\nCHOCOLATE, SALÓN DE TÉ,\nSOCIEDAD DE INVERSIONES.\nCasa Matriz AVDA APOQUINDO 4001\nDEPTO. 101, LAS CONDES -\nSANTIAGO.\nFono 2-2245 63 34\nEmail: robespier.hidalgo@gmail.com\nVendedor: jin #ADMINISTRADOR Caja: 1\nMesa. MV10 Garzón: SFPM\nFecha de Emision: 10-06-2025\nFecha Vencimiento: 10-06-2025\nCodigo Producto Canti Dcto. Valor\nPrecio Unitario dad Total\n20024 Ensalada 1,00 -0 11.590\nProsciutto Un\n$11.590,00 x Un\n13024 Filete 2,00 -0 21.780\nItaliano Un\n$10.890,00 x Un\n20061 Ens mar 1,00 -0 12.490\nsalino lamina Un\n$12.490,00 x Un\n13042 Salmo 1,00 -0 1.190\nRucula Un\n$10.190,00 x Un\n13082 Club 1,00 -0 8.390\nSandwich Un\n$8.390,00 x Un\n11067 Jugo 3,00 -0 11.970\nnaranja valle las chilcas Un\n$3.990,00 x Un\n12001 A Mineral 3,00 -2636 4 333\nCG Un\n$2.490,00 x Un\nSubTotal $ 83.881\nTOTAL NETO $ 67.851\nTOTAL IVA (19%) $ 12.892\nTOTAL A PAGAR $ 80.7'43\nPropina Sugerida 10% $ 8.074\nTotal con Propina $ 88.817\nTOTAL PAGADO $ 80.743\nVUELTO $ 0\nEI IVA(19%) de esta boleta es $12.892\nOTEM\nOE0002\nTRANSBANK\nVENTA COPIA CLIENTE\nTARJETA DE CREDITO\nFIABSA\nFIAB SERVICIOS SA\nAVDA APOQUINDO 4001 L. 101\nSANTIAGO\nRUT: 76.077.237-2\n597029392102-P7M15665-124.4A1\nVALIDO COMO BOLETA\n10/06/2025 12:16:24 A0000000041010\nMASTERCARD *****1149 C-MC\nMONTO VENTA: $67.851\nIVA: $12.892\nSUBTOTAL: $80.743\nPROPINA: $8.074\nTOTAL: $88.817\nMONEDA: PESO\nOPERACION: 029666 AUTORIZACION: 523915",
    "tJsonTraducido": null,
    "lFormato": false,
    "iMIdioma": 1,
    "iMDocumentoTipo": 1,
    "tSequentialNumber": "OE0002"
  },
  "additional_data": {
    "mcomprobante": [
      {
        "_stamp_name": "OTEM",
        "_sequential_number": "OE0002",
        "tNumero": "0000155103",
        "tSerie": null,
        "fEmision": "10-06-2025",
        "nPrecioTotal": 83.88,
        "tCliente": null
      }
    ],
    "mcomprobante_detalle": [
      {
        "nCantidad": 1.0,
        "tDescripcion": "Ensalada Prosciutto Un",
        "nPrecioUnitario": 11590.0,
        "nPrecioTotal": 11590.0
      },
      {
        "nCantidad": 2.0,
        "tDescripcion": "Filete Italiano Un",
        "nPrecioUnitario": 10890.0,
        "nPrecioTotal": 21780.0
      },
      {
        "nCantidad": 1.0,
        "tDescripcion": "Ens mar salino lamina Un",
        "nPrecioUnitario": 12490.0,
        "nPrecioTotal": 12490.0
      },
      {
        "nCantidad": 1.0,
        "tDescripcion": "Salmo Rucula Un",
        "nPrecioUnitario": 10190.0,
        "nPrecioTotal": 10190.0
      },
      {
        "nCantidad": 1.0,
        "tDescripcion": "Club Sandwich Un",
        "nPrecioUnitario": 8390.0,
        "nPrecioTotal": 8390.0
      },
      {
        "nCantidad": 3.0,
        "tDescripcion": "Jugo naranja valle las chilcas Un",
        "nPrecioUnitario": 3990.0,
        "nPrecioTotal": 11970.0
      },
      {
        "nCantidad": 3.0,
        "tDescripcion": "A Mineral 4 333 CG Un",
        "nPrecioUnitario": 2490.0,
        "nPrecioTotal": 4333.0
      },
      {
        "nCantidad": 1.0,
        "tDescripcion": "Total con Propina",
        "nPrecioUnitario": 88.81,
        "nPrecioTotal": 88.81,
        "_currency": "$",
        "_source_line": 49,
        "_auto_extracted": true
      },
      {
        "nCantidad": 1.0,
        "tDescripcion": "Total con Propina",
        "nPrecioUnitario": 88.0,
        "nPrecioTotal": 88.0,
        "_currency": "$",
        "_source_line": 49,
        "_auto_extracted": true
      },
      {
        "nCantidad": 1.0,
        "tDescripcion": "Total con Propina $",
        "nPrecioUnitario": 88.0,
        "nPrecioTotal": 88.0,
        "_currency": "USD",
        "_source_line": 49,
        "_auto_extracted": true
      },
      {
        "nCantidad": 1.0,
        "tDescripcion": "SubTotal",
        "nPrecioUnitario": 83.88,
        "nPrecioTotal": 83.88,
        "_currency": "$",
        "_source_line": 44,
        "_auto_extracted": true
      },
      {
        "nCantidad": 1.0,
        "tDescripcion": "SubTotal",
        "nPrecioUnitario": 83.0,
        "nPrecioTotal": 83.0,
        "_currency": "$",
        "_source_line": 44,
        "_auto_extracted": true
      },
      {
        "nCantidad": 1.0,
        "tDescripcion": "SubTotal $",
        "nPrecioUnitario": 83.0,
        "nPrecioTotal": 83.0,
        "_currency": "USD",
        "_source_line": 44,
        "_auto_extracted": true
      },
      {
        "nCantidad": 1.0,
        "tDescripcion": "TOTAL PAGADO",
        "nPrecioUnitario": 80.74,
        "nPrecioTotal": 80.74,
        "_currency": "$",
        "_source_line": 50,
        "_auto_extracted": true
      },
      {
        "nCantidad": 1.0,
        "tDescripcion": "TOTAL A PAGAR",
        "nPrecioUnitario": 80.0,
        "nPrecioTotal": 80.0,
        "_currency": "$",
        "_source_line": 47,
        "_auto_extracted": true
      },
      {
        "nCantidad": 1.0,
        "tDescripcion": "TOTAL A PAGAR $",
        "nPrecioUnitario": 80.0,
        "nPrecioTotal": 80.0,
        "_currency": "USD",
        "_source_line": 47,
        "_auto_extracted": true
      },
      {
        "nCantidad": 1.0,
        "tDescripcion": "TOTAL NETO",
        "nPrecioUnitario": 67.85,
        "nPrecioTotal": 67.85,
        "_currency": "$",
        "_source_line": 45,
        "_auto_extracted": true
      },
      {
        "nCantidad": 1.0,
        "tDescripcion": "TOTAL NETO",
        "nPrecioUnitario": 67.0,
        "nPrecioTotal": 67.0,
        "_currency": "$",
        "_source_line": 45,
        "_auto_extracted": true
      },
      {
        "nCantidad": 1.0,
        "tDescripcion": "TOTAL NETO $",
        "nPrecioUnitario": 67.0,
        "nPrecioTotal": 67.0,
        "_currency": "USD",
        "_source_line": 45,
        "_auto_extracted": true
      },
      {
        "nCantidad": 1.0,
        "tDescripcion": "TOTAL A PAGAR .7'",
        "nPrecioUnitario": 43.0,
        "nPrecioTotal": 43.0,
        "_currency": "USD",
        "_source_line": 47,
        "_auto_extracted": true
      },
      {
        "nCantidad": 1.0,
        "tDescripcion": "TOTAL IVA (",
        "nPrecioUnitario": 19.0,
        "nPrecioTotal": 19.0,
        "_currency": "USD",
        "_source_line": 46,
        "_auto_extracted": true
      },
      {
        "nCantidad": 1.0,
        "tDescripcion": "TOTAL IVA (19%)",
        "nPrecioUnitario": 12.89,
        "nPrecioTotal": 12.89,
        "_currency": "$",
        "_source_line": 46,
        "_auto_extracted": true
      },
      {
        "nCantidad": 1.0,
        "tDescripcion": "0,00 x Un",
        "nPrecioUnitario": 12.49,
        "nPrecioTotal": 12.49,
        "_currency": "$",
        "_source_line": 31,
        "_auto_extracted": true
      },
      {
        "nCantidad": 1.0,
        "tDescripcion": "0,00 x Un",
        "nPrecioUnitario": 12.0,
        "nPrecioTotal": 12.0,
        "_currency": "$",
        "_source_line": 31,
        "_auto_extracted": true
      },
      {
        "nCantidad": 1.0,
        "tDescripcion": "$",
        "nPrecioUnitario": 12.0,
        "nPrecioTotal": 12.0,
        "_currency": "USD",
        "_source_line": 31,
        "_auto_extracted": true
      },
      {
        "nCantidad": 1.0,
        "tDescripcion": "0,00 x Un",
        "nPrecioUnitario": 11.59,
        "nPrecioTotal": 11.59,
        "_currency": "$",
        "_source_line": 25,
        "_auto_extracted": true
      },
      {
        "nCantidad": 1.0,
        "tDescripcion": "0,00 x Un",
        "nPrecioUnitario": 11.0,
        "nPrecioTotal": 11.0,
        "_currency": "$",
        "_source_line": 25,
        "_auto_extracted": true
      },
      {
        "nCantidad": 1.0,
        "tDescripcion": "$",
        "nPrecioUnitario": 11.0,
        "nPrecioTotal": 11.0,
        "_currency": "USD",
        "_source_line": 25,
        "_auto_extracted": true
      },
      {
        "nCantidad": 1.0,
        "tDescripcion": "0,00 x Un",
        "nPrecioUnitario": 10.89,
        "nPrecioTotal": 10.89,
        "_currency": "$",
        "_source_line": 28,
        "_auto_extracted": true
      },
      {
        "nCantidad": 1.0,
        "tDescripcion": "0,00 x Un",
        "nPrecioUnitario": 10.19,
        "nPrecioTotal": 10.19,
        "_currency": "$",
        "_source_line": 34,
        "_auto_extracted": true
      },
      {
        "nCantidad": 1.0,
        "tDescripcion": "0,00 x Un",
        "nPrecioUnitario": 10.0,
        "nPrecioTotal": 10.0,
        "_currency": "$",
        "_source_line": 28,
        "_auto_extracted": true
      },
      {
        "nCantidad": 1.0,
        "tDescripcion": "$",
        "nPrecioUnitario": 10.0,
        "nPrecioTotal": 10.0,
        "_currency": "USD",
        "_source_line": 28,
        "_auto_extracted": true
      },
      {
        "nCantidad": 1.0,
        "tDescripcion": "0,00 x Un",
        "nPrecioUnitario": 8.39,
        "nPrecioTotal": 8.39,
        "_currency": "$",
        "_source_line": 37,
        "_auto_extracted": true
      },
      {
        "nCantidad": 1.0,
        "tDescripcion": "Propina Sugerida 10%",
        "nPrecioUnitario": 8.07,
        "nPrecioTotal": 8.07,
        "_currency": "$",
        "_source_line": 48,
        "_auto_extracted": true
      },
      {
        "nCantidad": 1.0,
        "tDescripcion": "0,00 x Un",
        "nPrecioUnitario": 8.0,
        "nPrecioTotal": 8.0,
        "_currency": "$",
        "_source_line": 37,
        "_auto_extracted": true
      },
      {
        "nCantidad": 1.0,
        "tDescripcion": "$",
        "nPrecioUnitario": 8.0,
        "nPrecioTotal": 8.0,
        "_currency": "USD",
        "_source_line": 37,
        "_auto_extracted": true
      },
      {
        "nCantidad": 1.0,
        "tDescripcion": "TOTAL A PAGAR .",
        "nPrecioUnitario": 7.0,
        "nPrecioTotal": 7.0,
        "_currency": "USD",
        "_source_line": 47,
        "_auto_extracted": true
      },
      {
        "nCantidad": 1.0,
        "tDescripcion": "0,00 x Un",
        "nPrecioUnitario": 3.99,
        "nPrecioTotal": 3.99,
        "_currency": "$",
        "_source_line": 40,
        "_auto_extracted": true
      },
      {
        "nCantidad": 1.0,
        "tDescripcion": "0,00 x Un",
        "nPrecioUnitario": 3.0,
        "nPrecioTotal": 3.0,
        "_currency": "$",
        "_source_line": 40,
        "_auto_extracted": true
      },
      {
        "nCantidad": 1.0,
        "tDescripcion": "$",
        "nPrecioUnitario": 3.0,
        "nPrecioTotal": 3.0,
        "_currency": "USD",
        "_source_line": 40,
        "_auto_extracted": true
      },
      {
        "nCantidad": 1.0,
        "tDescripcion": "0,00 x Un",
        "nPrecioUnitario": 2.49,
        "nPrecioTotal": 2.49,
        "_currency": "$",
        "_source_line": 43,
        "_auto_extracted": true
      },
      {
        "nCantidad": 1.0,
        "tDescripcion": "0,00 x Un",
        "nPrecioUnitario": 2.0,
        "nPrecioTotal": 2.0,
        "_currency": "$",
        "_source_line": 43,
        "_auto_extracted": true
      },
      {
        "nCantidad": 1.0,
        "tDescripcion": "$",
        "nPrecioUnitario": 2.0,
        "nPrecioTotal": 2.0,
        "_currency": "USD",
        "_source_line": 43,
        "_auto_extracted": true
      }
    ],
    "midioma": [
      {
        "iMIdioma": 1,
        "tIdioma": "Español"
      }
    ],
    "mdocumento_tipo": [
      {
        "iMDocumentoTipo": 1,
        "tTipo": "Comprobante"
      }
    ],
    "mdivisa": [
      {
        "tDivisa": "USD"
      }
    ],
    "mnaturaleza": [
      {
        "tNaturaleza": "Alimentación"
      }
    ],
    "mproveedor": [
      {
        "tRazonSocial": "BOLETA ELECTR"
      }
    ],
    "mresumen": [],
    "mjornada": [],
    "mjornada_empleado": [],
    "marchivo_tipo": [],
    "munidad_medida": []
  }
}