{
  "metadata": {
    "version": "1.0.0",
    "parser": "ExtractorOCR",
    "extraction_date": "2025-11-18T14:24:39.227015",
    "type": "structured",
    "email": "mariadelosangeles.abanto@newmont.com",
    "year": 2025,
    "month": "Octubre",
    "request_id": "eada6176-0aa0-4362-b8ab-f4f1b641fff8",
    "processed_at": "2025-11-18T14:25:11.827917",
    "api_version": "1.0.0",
    "periodo_id": "string"
  },
  "hoja": {
    "tJson": "CFAR BAREDS1 - BARS - BSQE LABOR DETAILS\nBSQE Billings For Month of July and Year 2025\nJob: 26442 - YANACOCHA AWTP - OFFSHORE\nSub Job: 223 - BSQE\nBSQE\nBS0009\nEmp Name Invoice Invoice Date Assignment Number Additional Info Bill Code Class Activity Hours Hrly Rate Amount\nBSQE SERVICE CHARGES - BSQE01\nCharles Cook BSQE070625 7/6/2025 26443-220-YZA-MFB0-10001 INSPECTING 10.00 98 REG 980.00\nDonald W George BSQE070625 7/6/2025 26443-220-YZA-MPVE-1A001 SQR INSPECTING 7.00 112 OVT 784.00\nNedy Resic BSQE070625 7/6/2025 26443-220-YZB-MPG0-10001 INSPECTING 4.00 98 REG 392.00\nTimothy Andre Mills BSQE070625 7/6/2025 26443-220-YZA-ATRY-10001 INSPECTING 20.00 98 REG 1,960.00\nWilliam LaPalm BSQE070625 7/6/2025 26443-220-YZA-MW00-1A001 INSPECTING 7.00 112 OVT 784.00\nWilliam LaPalm BSQE070625 7/6/2025 26443-220-YZA-MW00-1A001 INSPECTING 18.00 98 REG 1,764.00\nTotal from Organization:8NJ2100 -BSQE - SQ --- Nat Cls/JV:890/OBARSS2507BGS1 66.00 6,664.00\nBSQE SERVICE CHARGES - BSQEOT\nCharles Cook BSQE072025 7/20/2025 26443-220-YZA-MFB0-10001 INSPECTING 12.00 112 OVT 1,344.00\nCharles Cook BSQE072025 7/20/2025 26443-220-YZA-MFB0-10001 INSPECTING 13.00 98 REG 1,274.00\nDonald W George BSQE072025 7/20/2025 26443-220-YZA-MPVE-1A001 INSPECTING 6.00 98 REG 588.00\nNedy Resic BSQE072025 7/20/2025 26443-220-YZB-MPG0-10001 INSPECTING 4.00 98 REG 392.00\nShawn Pinkall BSQE072025 7/20/2025 26443-220-YZA-ATRY-10001 INSPECTING 20.00 98 REG 1,960.00\nTimothy Andre Mills BSQE072025 7/20/2025 26443-220-YZA-ATRY-10001 INSPECTING 3.00 98 REG 294.00\nWilliam LaPalm BSQE072025 7/20/2025 26442-220-YZA-MWR0-10001 INSPECTING 10.00 98 REG 980.00\nWilliam LaPalm BSQE072025 7/20/2025 26443-220-YZA-MW00-1A001 INSPECTING 14.00 98 REG 1,372.00\nTotal from Organization:8NJ2100-BSQE - SQ --- Nat CIs/JV:890/OBARSS2507BGS2 82.00 8,204.00\nBSQE SERVICE CHARGES - BSQE01\nRA COIMBRA/IL BSQE073125 6/10/2025 26443-220-YZA-MPG0-1A001 BRZ INSPECTING 62.00 83 REG 5,146.00\nRA COIMBRA/IL BSQE073125 6/24/2025 26443-220-YZA-MPG0-1A001 BRZ INSPECTING 53.00 83 REG 4,399.00\nTotal from Organization:8NJ2100-BSQE - SQ --- Nat CIs/JV:890/OBARSS2507BGS5 115.00 9,545.00\nBSQE SERVICE CHARGES - BSQE01\nBin Cai Zhou BSQE073125 7/31/2025 26443-220-YZA-MW00-1B001 CHN INSPECTING 184.00 80 REG 14,720.00\nGuang Quan Ma BSQE073125 7/31/2025 26443-220-YZA- MLGC-1A001 CHN INSPECTING 16.00 80 REG 1,280.00\nGuang Quan Ma BSQE073125 7/31/2025 26443-220-YZA-MLGC-1A001 CHN INSPECTING 40.00 80 REG 3,200.00\nYi Jun Lu BSQE073125 7/31/2025 26443-220-YZA-MW00-1C001 CHN INSPECTING 8.00 80 REG 640.00\nTotal from Organization:8NJ2100-BSQE - SQ --- Nat Cls/JV:890/OBARSS2507BGS3 248.00 19,840.00\nBSQE SERVICE CHARGES - BSQE01\nA ZHU/SC BSQE073125 6/17/2025 26443-220-YZA-MPVT-10001 CHN INSPECTING 12.00 80 REG 960.00\nH FAN/SC BSQE073125 6/30/2025 26443-220-YZA-MLGT-1A001 CHN INSPECTING 160.00 80 REG 12,800.00\nH GENTLE/SC BSQE073125 6/20/2025 26443-220-YZA-MLF0-1D001 CHN INSPECTING 10.00 80 REG 800.00\nM CHEN/SC BSQE073125 6/23/2025 26443-220-YZA-MLF0-1C001 CHN INSPECTING 8.00 80 REG 640.00\nW ZHAO/SC BSQE073125 6/17/2025 26443-220-YZA-MPVT-1A001 CHN INSPECTING 12.00 80 REG 960.00\nTotal from Organization:8NJ2100-BSQE - SQ --- Nat Cls/JV:890/OBARSS2507BGS5 202.00 16,160.00\nBSQE SERVICE CHARGES - BSQE01\nM LOGES/H BSQE073125 6/11/2025 26443-220-YZA-MPVE-1C001 GER INSPECTING 12.00 99 REG 1,188.00\nM LOGES/H BSQE073125 6/30/2025 26443-220-YZA-MPVE-1C001 GER INSPECTING 10.00 99 REG 990.00\nTotal from Organization:8NJ2100-BSQE - SQ --- Nat Cls/JV:890/OBARSS2507BGS5 22.00 2,178.00\nBSQE SERVICE CHARGES - BSQE01\nMS HASHIM/HA BSQE073125 6/14/2025 26443-220-YZA-MWR0-10001 MAL INSPECTING 73.00 69 REG 5,037.00\nMS HASHIM/HA BSQE073125 6/22/2025 26443-220-YZA-MW R0-10001 MAL INSPECTING 67.00 69 REG 4,623.00\nMS HASHIM/HA BSQE073125 6/28/2025 26443-220-YZA-MW R0-10001 MAL INSPECTING 42.50 69 REG 2,932.50\nTotal from Organization:8NJ2100-BSQE - SQ --- Nat Cls/JV:890/OBARSS2507BGS5 182.50 12,592.50\nBSQE SERVICE CHARGES - BSQE01\nOF MENDOZA/C BSQE073125 7/12/2025 26443-220-YZA-ECM1-1A001 MEX INSPECTING 32.00 63 REG 2,016.00\nTotal from Organization:8NJ2100-BSQE - SQ --- Nat Cls/JV:890/OBARSS2507BGS5 32.00 2,016.00\nBSQE SERVICE CHARGES - BSQE01\nFlorin Stanciu BSQE072025 7/20/2025 26443-220-YZA-MLGC-1B001 ITL ROM INSPECTING 7.00 75 OVT 525.00\nFlorin Stanciu BSQE072025 7/20/2025 26443-220-YZA-MLGC-1B001 ITL ROM INSPECTING 16.00 75 REG 1,200.00\nTotal from Organization:8NJ2100-BSQE - SQ --- Nat Cls/JV:890/OBARSS2507BGS4 23.00 1,725.00\nBSQE SERVICE CHARGES - BSQE01\nE SAHBAZ/SQM BSQE073125 7/1/2025 26443-220-YZA-MLFP-10001 TUR INSPECTING 33.00 72 REG 2,376.00\nTotal from Organization:8NJ2100-BSQE - SQ Nat Cls/JV:890/OBARSS2507BGS5 33.00 2,376.00\nTotal By SubJob: 223 1,005.50 81,300.50\nTotal By Job: 26442 1,005.50 81,300.50\nTotal By Currency: USD 1,005.50 81,300.50\nRun Time: Page 1 of 1\nBECHTEL INTERNAL\nBechtel Level 2 - Confidential. Access Restricted to Authorized Individuals and Groups.",
    "tJsonTraducido": null,
    "lFormato": false,
    "iMIdioma": 2,
    "iMDocumentoTipo": 1,
    "tSequentialNumber": "BS0009"
  },
  "additional_data": {
    "mcomprobante": [
      {
        "_stamp_name": "BSQE",
        "_sequential_number": "BS0009",
        "tNumero": "Invoice",
        "tSerie": null,
        "fEmision": "7/6/2025",
        "tCliente": null
      }
    ],
    "mcomprobante_detalle": [
      {
        "nCantidad": 10.0,
        "tDescripcion": "Charles Cook INSPECTING",
        "nPrecioUnitario": 98.0,
        "nPrecioTotal": 980.0
      },
      {
        "nCantidad": 7.0,
        "tDescripcion": "Donald W George INSPECTING",
        "nPrecioUnitario": 112.0,
        "nPrecioTotal": 784.0
      },
      {
        "nCantidad": 4.0,
        "tDescripcion": "Nedy Resic INSPECTING",
        "nPrecioUnitario": 98.0,
        "nPrecioTotal": 392.0
      },
      {
        "nCantidad": 20.0,
        "tDescripcion": "Timothy Andre Mills INSPECTING",
        "nPrecioUnitario": 98.0,
        "nPrecioTotal": 1960.0
      },
      {
        "nCantidad": 7.0,
        "tDescripcion": "William LaPalm INSPECTING",
        "nPrecioUnitario": 112.0,
        "nPrecioTotal": 784.0
      },
      {
        "nCantidad": 18.0,
        "tDescripcion": "William LaPalm INSPECTING",
        "nPrecioUnitario": 98.0,
        "nPrecioTotal": 1764.0
      },
      {
        "nCantidad": 12.0,
        "tDescripcion": "Charles Cook INSPECTING",
        "nPrecioUnitario": 112.0,
        "nPrecioTotal": 1344.0
      },
      {
        "nCantidad": 13.0,
        "tDescripcion": "Charles Cook INSPECTING",
        "nPrecioUnitario": 98.0,
        "nPrecioTotal": 1274.0
      },
      {
        "nCantidad": 6.0,
        "tDescripcion": "Donald W George INSPECTING",
        "nPrecioUnitario": 98.0,
        "nPrecioTotal": 588.0
      },
      {
        "nCantidad": 4.0,
        "tDescripcion": "Nedy Resic INSPECTING",
        "nPrecioUnitario": 98.0,
        "nPrecioTotal": 392.0
      },
      {
        "nCantidad": 20.0,
        "tDescripcion": "Shawn Pinkall INSPECTING",
        "nPrecioUnitario": 98.0,
        "nPrecioTotal": 1960.0
      },
      {
        "nCantidad": 3.0,
        "tDescripcion": "Timothy Andre Mills INSPECTING",
        "nPrecioUnitario": 98.0,
        "nPrecioTotal": 294.0
      },
      {
        "nCantidad": 10.0,
        "tDescripcion": "William LaPalm INSPECTING",
        "nPrecioUnitario": 98.0,
        "nPrecioTotal": 980.0
      },
      {
        "nCantidad": 14.0,
        "tDescripcion": "William LaPalm INSPECTING",
        "nPrecioUnitario": 98.0,
        "nPrecioTotal": 1372.0
      },
      {
        "nCantidad": 62.0,
        "tDescripcion": "RA COIMBRA/IL INSPECTING",
        "nPrecioUnitario": 83.0,
        "nPrecioTotal": 5146.0
      },
      {
        "nCantidad": 53.0,
        "tDescripcion": "RA COIMBRA/IL INSPECTING",
        "nPrecioUnitario": 83.0,
        "nPrecioTotal": 4399.0
      },
      {
        "nCantidad": 184.0,
        "tDescripcion": "Bin Cai Zhou INSPECTING",
        "nPrecioUnitario": 80.0,
        "nPrecioTotal": 14720.0
      },
      {
        "nCantidad": 16.0,
        "tDescripcion": "Guang Quan Ma INSPECTING",
        "nPrecioUnitario": 80.0,
        "nPrecioTotal": 1280.0
      },
      {
        "nCantidad": 40.0,
        "tDescripcion": "Guang Quan Ma INSPECTING",
        "nPrecioUnitario": 80.0,
        "nPrecioTotal": 3200.0
      },
      {
        "nCantidad": 8.0,
        "tDescripcion": "Yi Jun Lu INSPECTING",
        "nPrecioUnitario": 80.0,
        "nPrecioTotal": 640.0
      },
      {
        "nCantidad": 12.0,
        "tDescripcion": "A ZHU/SC INSPECTING",
        "nPrecioUnitario": 80.0,
        "nPrecioTotal": 960.0
      },
      {
        "nCantidad": 160.0,
        "tDescripcion": "H FAN/SC INSPECTING",
        "nPrecioUnitario": 80.0,
        "nPrecioTotal": 12800.0
      },
      {
        "nCantidad": 10.0,
        "tDescripcion": "H GENTLE/SC INSPECTING",
        "nPrecioUnitario": 80.0,
        "nPrecioTotal": 800.0
      },
      {
        "nCantidad": 8.0,
        "tDescripcion": "M CHEN/SC INSPECTING",
        "nPrecioUnitario": 80.0,
        "nPrecioTotal": 640.0
      },
      {
        "nCantidad": 12.0,
        "tDescripcion": "W ZHAO/SC INSPECTING",
        "nPrecioUnitario": 80.0,
        "nPrecioTotal": 960.0
      },
      {
        "nCantidad": 12.0,
        "tDescripcion": "M LOGES/H INSPECTING",
        "nPrecioUnitario": 99.0,
        "nPrecioTotal": 1188.0
      },
      {
        "nCantidad": 10.0,
        "tDescripcion": "M LOGES/H INSPECTING",
        "nPrecioUnitario": 99.0,
        "nPrecioTotal": 990.0
      },
      {
        "nCantidad": 73.0,
        "tDescripcion": "MS HASHIM/HA INSPECTING",
        "nPrecioUnitario": 69.0,
        "nPrecioTotal": 5037.0
      },
      {
        "nCantidad": 67.0,
        "tDescripcion": "MS HASHIM/HA INSPECTING",
        "nPrecioUnitario": 69.0,
        "nPrecioTotal": 4623.0
      },
      {
        "nCantidad": 42.5,
        "tDescripcion": "MS HASHIM/HA INSPECTING",
        "nPrecioUnitario": 69.0,
        "nPrecioTotal": 2932.5
      },
      {
        "nCantidad": 32.0,
        "tDescripcion": "OF MENDOZA/C INSPECTING",
        "nPrecioUnitario": 63.0,
        "nPrecioTotal": 2016.0
      },
      {
        "nCantidad": 7.0,
        "tDescripcion": "Florin Stanciu INSPECTING",
        "nPrecioUnitario": 75.0,
        "nPrecioTotal": 525.0
      },
      {
        "nCantidad": 16.0,
        "tDescripcion": "Florin Stanciu INSPECTING",
        "nPrecioUnitario": 75.0,
        "nPrecioTotal": 1200.0
      },
      {
        "nCantidad": 33.0,
        "tDescripcion": "E SAHBAZ/SQM INSPECTING",
        "nPrecioUnitario": 72.0,
        "nPrecioTotal": 2376.0
      },
      {
        "nCantidad": 10.0,
        "tDescripcion": "Charles Cook BSQE070625 7/6/2025 26443-220-YZA-MFB0-10001 INSPECTING",
        "nPrecioUnitario": 98.0,
        "nPrecioTotal": 980.0
      },
      {
        "nCantidad": 7.0,
        "tDescripcion": "Donald W George BSQE070625 7/6/2025 26443-220-YZA-MPVE-1A001 SQR INSPECTING",
        "nPrecioUnitario": 112.0,
        "nPrecioTotal": 784.0
      },
      {
        "nCantidad": 4.0,
        "tDescripcion": "Nedy Resic BSQE070625 7/6/2025 26443-220-YZB-MPG0-10001 INSPECTING",
        "nPrecioUnitario": 98.0,
        "nPrecioTotal": 392.0
      },
      {
        "nCantidad": 20.0,
        "tDescripcion": "Timothy Andre Mills BSQE070625 7/6/2025 26443-220-YZA-ATRY-10001 INSPECTING",
        "nPrecioUnitario": 98.0,
        "nPrecioTotal": 1960.0
      },
      {
        "nCantidad": 7.0,
        "tDescripcion": "William LaPalm BSQE070625 7/6/2025 26443-220-YZA-MW00-1A001 INSPECTING",
        "nPrecioUnitario": 112.0,
        "nPrecioTotal": 784.0
      },
      {
        "nCantidad": 18.0,
        "tDescripcion": "William LaPalm BSQE070625 7/6/2025 26443-220-YZA-MW00-1A001 INSPECTING",
        "nPrecioUnitario": 98.0,
        "nPrecioTotal": 1764.0
      },
      {
        "nCantidad": 12.0,
        "tDescripcion": "Charles Cook BSQE072025 7/20/2025 26443-220-YZA-MFB0-10001 INSPECTING",
        "nPrecioUnitario": 112.0,
        "nPrecioTotal": 1344.0
      },
      {
        "nCantidad": 13.0,
        "tDescripcion": "Charles Cook BSQE072025 7/20/2025 26443-220-YZA-MFB0-10001 INSPECTING",
        "nPrecioUnitario": 98.0,
        "nPrecioTotal": 1274.0
      },
      {
        "nCantidad": 6.0,
        "tDescripcion": "Donald W George BSQE072025 7/20/2025 26443-220-YZA-MPVE-1A001 INSPECTING",
        "nPrecioUnitario": 98.0,
        "nPrecioTotal": 588.0
      },
      {
        "nCantidad": 4.0,
        "tDescripcion": "Nedy Resic BSQE072025 7/20/2025 26443-220-YZB-MPG0-10001 INSPECTING",
        "nPrecioUnitario": 98.0,
        "nPrecioTotal": 392.0
      },
      {
        "nCantidad": 20.0,
        "tDescripcion": "Shawn Pinkall BSQE072025 7/20/2025 26443-220-YZA-ATRY-10001 INSPECTING",
        "nPrecioUnitario": 98.0,
        "nPrecioTotal": 1960.0
      },
      {
        "nCantidad": 3.0,
        "tDescripcion": "Timothy Andre Mills BSQE072025 7/20/2025 26443-220-YZA-ATRY-10001 INSPECTING",
        "nPrecioUnitario": 98.0,
        "nPrecioTotal": 294.0
      },
      {
        "nCantidad": 10.0,
        "tDescripcion": "William LaPalm BSQE072025 7/20/2025 26442-220-YZA-MWR0-10001 INSPECTING",
        "nPrecioUnitario": 98.0,
        "nPrecioTotal": 980.0
      },
      {
        "nCantidad": 14.0,
        "tDescripcion": "William LaPalm BSQE072025 7/20/2025 26443-220-YZA-MW00-1A001 INSPECTING",
        "nPrecioUnitario": 98.0,
        "nPrecioTotal": 1372.0
      },
      {
        "nCantidad": 62.0,
        "tDescripcion": "RA COIMBRA/IL BSQE073125 6/10/2025 26443-220-YZA-MPG0-1A001 BRZ INSPECTING",
        "nPrecioUnitario": 83.0,
        "nPrecioTotal": 5146.0
      },
      {
        "nCantidad": 53.0,
        "tDescripcion": "RA COIMBRA/IL BSQE073125 6/24/2025 26443-220-YZA-MPG0-1A001 BRZ INSPECTING",
        "nPrecioUnitario": 83.0,
        "nPrecioTotal": 4399.0
      },
      {
        "nCantidad": 184.0,
        "tDescripcion": "Bin Cai Zhou BSQE073125 7/31/2025 26443-220-YZA-MW00-1B001 CHN INSPECTING",
        "nPrecioUnitario": 80.0,
        "nPrecioTotal": 14720.0
      },
      {
        "nCantidad": 16.0,
        "tDescripcion": "Guang Quan Ma BSQE073125 7/31/2025 26443-220-YZA- MLGC-1A001 CHN INSPECTING",
        "nPrecioUnitario": 80.0,
        "nPrecioTotal": 1280.0
      },
      {
        "nCantidad": 40.0,
        "tDescripcion": "Guang Quan Ma BSQE073125 7/31/2025 26443-220-YZA-MLGC-1A001 CHN INSPECTING",
        "nPrecioUnitario": 80.0,
        "nPrecioTotal": 3200.0
      },
      {
        "nCantidad": 8.0,
        "tDescripcion": "Yi Jun Lu BSQE073125 7/31/2025 26443-220-YZA-MW00-1C001 CHN INSPECTING",
        "nPrecioUnitario": 80.0,
        "nPrecioTotal": 640.0
      },
      {
        "nCantidad": 12.0,
        "tDescripcion": "A ZHU/SC BSQE073125 6/17/2025 26443-220-YZA-MPVT-10001 CHN INSPECTING",
        "nPrecioUnitario": 80.0,
        "nPrecioTotal": 960.0
      },
      {
        "nCantidad": 160.0,
        "tDescripcion": "H FAN/SC BSQE073125 6/30/2025 26443-220-YZA-MLGT-1A001 CHN INSPECTING",
        "nPrecioUnitario": 80.0,
        "nPrecioTotal": 12800.0
      },
      {
        "nCantidad": 10.0,
        "tDescripcion": "H GENTLE/SC BSQE073125 6/20/2025 26443-220-YZA-MLF0-1D001 CHN INSPECTING",
        "nPrecioUnitario": 80.0,
        "nPrecioTotal": 800.0
      },
      {
        "nCantidad": 8.0,
        "tDescripcion": "M CHEN/SC BSQE073125 6/23/2025 26443-220-YZA-MLF0-1C001 CHN INSPECTING",
        "nPrecioUnitario": 80.0,
        "nPrecioTotal": 640.0
      },
      {
        "nCantidad": 12.0,
        "tDescripcion": "W ZHAO/SC BSQE073125 6/17/2025 26443-220-YZA-MPVT-1A001 CHN INSPECTING",
        "nPrecioUnitario": 80.0,
        "nPrecioTotal": 960.0
      },
      {
        "nCantidad": 12.0,
        "tDescripcion": "M LOGES/H BSQE073125 6/11/2025 26443-220-YZA-MPVE-1C001 GER INSPECTING",
        "nPrecioUnitario": 99.0,
        "nPrecioTotal": 1188.0
      },
      {
        "nCantidad": 10.0,
        "tDescripcion": "M LOGES/H BSQE073125 6/30/2025 26443-220-YZA-MPVE-1C001 GER INSPECTING",
        "nPrecioUnitario": 99.0,
        "nPrecioTotal": 990.0
      },
      {
        "nCantidad": 73.0,
        "tDescripcion": "MS HASHIM/HA BSQE073125 6/14/2025 26443-220-YZA-MWR0-10001 MAL INSPECTING",
        "nPrecioUnitario": 69.0,
        "nPrecioTotal": 5037.0
      },
      {
        "nCantidad": 67.0,
        "tDescripcion": "MS HASHIM/HA BSQE073125 6/22/2025 26443-220-YZA-MW R0-10001 MAL INSPECTING",
        "nPrecioUnitario": 69.0,
        "nPrecioTotal": 4623.0
      },
      {
        "nCantidad": 42.5,
        "tDescripcion": "MS HASHIM/HA BSQE073125 6/28/2025 26443-220-YZA-MW R0-10001 MAL INSPECTING",
        "nPrecioUnitario": 69.0,
        "nPrecioTotal": 2932.5
      },
      {
        "nCantidad": 32.0,
        "tDescripcion": "OF MENDOZA/C BSQE073125 7/12/2025 26443-220-YZA-ECM1-1A001 MEX INSPECTING",
        "nPrecioUnitario": 63.0,
        "nPrecioTotal": 2016.0
      },
      {
        "nCantidad": 7.0,
        "tDescripcion": "Florin Stanciu BSQE072025 7/20/2025 26443-220-YZA-MLGC-1B001 ITL ROM INSPECTING",
        "nPrecioUnitario": 75.0,
        "nPrecioTotal": 525.0
      },
      {
        "nCantidad": 16.0,
        "tDescripcion": "Florin Stanciu BSQE072025 7/20/2025 26443-220-YZA-MLGC-1B001 ITL ROM INSPECTING",
        "nPrecioUnitario": 75.0,
        "nPrecioTotal": 1200.0
      },
      {
        "nCantidad": 33.0,
        "tDescripcion": "E SAHBAZ/SQM BSQE073125 7/1/2025 26443-220-YZA-MLFP-10001 TUR INSPECTING",
        "nPrecioUnitario": 72.0,
        "nPrecioTotal": 2376.0
      },
      {
        "nCantidad": 1.0,
        "tDescripcion": "Total By SubJob: 223",
        "nPrecioUnitario": 81300.5,
        "nPrecioTotal": 81300.5,
        "_currency": "USD",
        "_source_line": 62,
        "_auto_extracted": true
      },
      {
        "nCantidad": 1.0,
        "tDescripcion": "Total from Organization:8NJ2100-BSQE - SQ --- Nat Cls/JV:890/OBARSS2507BGS3",
        "nPrecioUnitario": 19840.0,
        "nPrecioTotal": 19840.0,
        "_currency": "USD",
        "_source_line": 35,
        "_auto_extracted": true
      },
      {
        "nCantidad": 1.0,
        "tDescripcion": "Total from Organization:8NJ2100-BSQE - SQ --- Nat Cls/JV:890/OBARSS2507BGS5",
        "nPrecioUnitario": 16160.0,
        "nPrecioTotal": 16160.0,
        "_currency": "USD",
        "_source_line": 42,
        "_auto_extracted": true
      },
      {
        "nCantidad": 1.0,
        "tDescripcion": "Total from Organization:8NJ2100-BSQE - SQ --- Nat Cls/JV:890/OBARSS2507BGS5",
        "nPrecioUnitario": 12592.5,
        "nPrecioTotal": 12592.5,
        "_currency": "USD",
        "_source_line": 51,
        "_auto_extracted": true
      },
      {
        "nCantidad": 1.0,
        "tDescripcion": "Total from Organization:8NJ2100-BSQE - SQ --- Nat CIs/JV:890/OBARSS2507BGS5",
        "nPrecioUnitario": 9545.0,
        "nPrecioTotal": 9545.0,
        "_currency": "USD",
        "_source_line": 29,
        "_auto_extracted": true
      },
      {
        "nCantidad": 1.0,
        "tDescripcion": "Total from Organization:8NJ2100-BSQE - SQ --- Nat CIs/JV:890/OBARSS2507BGS2",
        "nPrecioUnitario": 8204.0,
        "nPrecioTotal": 8204.0,
        "_currency": "USD",
        "_source_line": 25,
        "_auto_extracted": true
      },
      {
        "nCantidad": 1.0,
        "tDescripcion": "Total from Organization:8NJ2100 -BSQE - SQ --- Nat Cls/JV:890/OBARSS2507BGS1",
        "nPrecioUnitario": 6664.0,
        "nPrecioTotal": 6664.0,
        "_currency": "USD",
        "_source_line": 15,
        "_auto_extracted": true
      },
      {
        "nCantidad": 1.0,
        "tDescripcion": "Total from Organization:8NJ2100-BSQE - SQ --- Nat Cls/JV:890/OBARSS2507BGS5",
        "nPrecioUnitario": 2178.0,
        "nPrecioTotal": 2178.0,
        "_currency": "USD",
        "_source_line": 46,
        "_auto_extracted": true
      },
      {
        "nCantidad": 1.0,
        "tDescripcion": "Total from Organization:8NJ2100-BSQE - SQ --- Nat Cls/JV:890/OBARSS2507BGS4",
        "nPrecioUnitario": 1725.0,
        "nPrecioTotal": 1725.0,
        "_currency": "USD",
        "_source_line": 58,
        "_auto_extracted": true
      },
      {
        "nCantidad": 1.0,
        "tDescripcion": "Total By SubJob: 223",
        "nPrecioUnitario": 1005.5,
        "nPrecioTotal": 1005.5,
        "_currency": "USD",
        "_source_line": 62,
        "_auto_extracted": true
      },
      {
        "nCantidad": 1.0,
        "tDescripcion": "Total from Organization:8NJ2100-BSQE - SQ --- Nat Cls/JV:890/OBARSS2507BGS3",
        "nPrecioUnitario": 248.0,
        "nPrecioTotal": 248.0,
        "_currency": "USD",
        "_source_line": 35,
        "_auto_extracted": true
      },
      {
        "nCantidad": 1.0,
        "tDescripcion": "Total from Organization:8NJ2100-BSQE - SQ --- Nat Cls/JV:890/OBARSS2507BGS5",
        "nPrecioUnitario": 202.0,
        "nPrecioTotal": 202.0,
        "_currency": "USD",
        "_source_line": 42,
        "_auto_extracted": true
      },
      {
        "nCantidad": 1.0,
        "tDescripcion": "Bin Cai Zhou BSQE073125 7/31/2025 26443-220-YZA-MW00-1B001 CHN INSPECTING",
        "nPrecioUnitario": 184.0,
        "nPrecioTotal": 184.0,
        "_currency": "USD",
        "_source_line": 31,
        "_auto_extracted": true
      },
      {
        "nCantidad": 1.0,
        "tDescripcion": "Total from Organization:8NJ2100-BSQE - SQ --- Nat Cls/JV:890/OBARSS2507BGS5",
        "nPrecioUnitario": 182.5,
        "nPrecioTotal": 182.5,
        "_currency": "USD",
        "_source_line": 51,
        "_auto_extracted": true
      },
      {
        "nCantidad": 1.0,
        "tDescripcion": "H FAN/SC BSQE073125 6/30/2025 26443-220-YZA-MLGT-1A001 CHN INSPECTING",
        "nPrecioUnitario": 160.0,
        "nPrecioTotal": 160.0,
        "_currency": "USD",
        "_source_line": 38,
        "_auto_extracted": true
      },
      {
        "nCantidad": 1.0,
        "tDescripcion": "Total from Organization:8NJ2100-BSQE - SQ --- Nat CIs/JV:890/OBARSS2507BGS5",
        "nPrecioUnitario": 115.0,
        "nPrecioTotal": 115.0,
        "_currency": "USD",
        "_source_line": 29,
        "_auto_extracted": true
      },
      {
        "nCantidad": 1.0,
        "tDescripcion": "Total from Organization:8NJ2100-BSQE - SQ --- Nat CIs/JV:890/OBARSS2507BGS2",
        "nPrecioUnitario": 82.0,
        "nPrecioTotal": 82.0,
        "_currency": "USD",
        "_source_line": 25,
        "_auto_extracted": true
      },
      {
        "nCantidad": 1.0,
        "tDescripcion": "Total By SubJob: 223",
        "nPrecioUnitario": 81.0,
        "nPrecioTotal": 81.0,
        "_currency": "USD",
        "_source_line": 62,
        "_auto_extracted": true
      },
      {
        "nCantidad": 1.0,
        "tDescripcion": "MS HASHIM/HA BSQE073125 6/14/2025 26443-220-YZA-MWR0-10001 MAL INSPECTING",
        "nPrecioUnitario": 73.0,
        "nPrecioTotal": 73.0,
        "_currency": "USD",
        "_source_line": 48,
        "_auto_extracted": true
      },
      {
        "nCantidad": 1.0,
        "tDescripcion": "MS HASHIM/HA BSQE073125 6/22/2025 26443-220-YZA-MW R0-10001 MAL INSPECTING",
        "nPrecioUnitario": 67.0,
        "nPrecioTotal": 67.0,
        "_currency": "USD",
        "_source_line": 49,
        "_auto_extracted": true
      },
      {
        "nCantidad": 1.0,
        "tDescripcion": "Total from Organization:8NJ2100 -BSQE - SQ --- Nat Cls/JV:890/OBARSS2507BGS1",
        "nPrecioUnitario": 66.0,
        "nPrecioTotal": 66.0,
        "_currency": "USD",
        "_source_line": 15,
        "_auto_extracted": true
      },
      {
        "nCantidad": 1.0,
        "tDescripcion": "RA COIMBRA/IL BSQE073125 6/10/2025 26443-220-YZA-MPG0-1A001 BRZ INSPECTING",
        "nPrecioUnitario": 62.0,
        "nPrecioTotal": 62.0,
        "_currency": "USD",
        "_source_line": 27,
        "_auto_extracted": true
      },
      {
        "nCantidad": 1.0,
        "tDescripcion": "RA COIMBRA/IL BSQE073125 6/24/2025 26443-220-YZA-MPG0-1A001 BRZ INSPECTING",
        "nPrecioUnitario": 53.0,
        "nPrecioTotal": 53.0,
        "_currency": "USD",
        "_source_line": 28,
        "_auto_extracted": true
      },
      {
        "nCantidad": 1.0,
        "tDescripcion": "Total from Organization:8NJ2100-BSQE - SQ --- Nat Cls/JV:890/OBARSS2507BGS5  12,592.",
        "nPrecioUnitario": 50.0,
        "nPrecioTotal": 50.0,
        "_currency": "USD",
        "_source_line": 51,
        "_auto_extracted": true
      },
      {
        "nCantidad": 1.0,
        "tDescripcion": "MS HASHIM/HA BSQE073125 6/28/2025 26443-220-YZA-MW R0-10001 MAL INSPECTING",
        "nPrecioUnitario": 42.5,
        "nPrecioTotal": 42.5,
        "_currency": "USD",
        "_source_line": 50,
        "_auto_extracted": true
      },
      {
        "nCantidad": 1.0,
        "tDescripcion": "Guang Quan Ma BSQE073125 7/31/2025 26443-220-YZA-MLGC-1A001 CHN INSPECTING",
        "nPrecioUnitario": 40.0,
        "nPrecioTotal": 40.0,
        "_currency": "USD",
        "_source_line": 33,
        "_auto_extracted": true
      },
      {
        "nCantidad": 1.0,
        "tDescripcion": "E SAHBAZ/SQM BSQE073125 7/1/2025 26443-220-YZA-MLFP-10001 TUR INSPECTING",
        "nPrecioUnitario": 33.0,
        "nPrecioTotal": 33.0,
        "_currency": "USD",
        "_source_line": 60,
        "_auto_extracted": true
      },
      {
        "nCantidad": 1.0,
        "tDescripcion": "OF MENDOZA/C BSQE073125 7/12/2025 26443-220-YZA-ECM1-1A001 MEX INSPECTING",
        "nPrecioUnitario": 32.0,
        "nPrecioTotal": 32.0,
        "_currency": "USD",
        "_source_line": 53,
        "_auto_extracted": true
      },
      {
        "nCantidad": 1.0,
        "tDescripcion": "Total from Organization:8NJ2100-BSQE - SQ --- Nat Cls/JV:890/OBARSS2507BGS4",
        "nPrecioUnitario": 23.0,
        "nPrecioTotal": 23.0,
        "_currency": "USD",
        "_source_line": 58,
        "_auto_extracted": true
      },
      {
        "nCantidad": 1.0,
        "tDescripcion": "Total from Organization:8NJ2100-BSQE - SQ --- Nat Cls/JV:890/OBARSS2507BGS5",
        "nPrecioUnitario": 22.0,
        "nPrecioTotal": 22.0,
        "_currency": "USD",
        "_source_line": 46,
        "_auto_extracted": true
      },
      {
        "nCantidad": 1.0,
        "tDescripcion": "Timothy Andre Mills BSQE070625 7/6/2025 26443-220-YZA-ATRY-10001 INSPECTING",
        "nPrecioUnitario": 20.0,
        "nPrecioTotal": 20.0,
        "_currency": "USD",
        "_source_line": 12,
        "_auto_extracted": true
      },
      {
        "nCantidad": 1.0,
        "tDescripcion": "William LaPalm BSQE070625 7/6/2025 26443-220-YZA-MW00-1A001 INSPECTING",
        "nPrecioUnitario": 18.0,
        "nPrecioTotal": 18.0,
        "_currency": "USD",
        "_source_line": 14,
        "_auto_extracted": true
      },
      {
        "nCantidad": 1.0,
        "tDescripcion": "Guang Quan Ma BSQE073125 7/31/2025 26443-220-YZA- MLGC-1A001 CHN INSPECTING",
        "nPrecioUnitario": 16.0,
        "nPrecioTotal": 16.0,
        "_currency": "USD",
        "_source_line": 32,
        "_auto_extracted": true
      },
      {
        "nCantidad": 1.0,
        "tDescripcion": "William LaPalm BSQE072025 7/20/2025 26443-220-YZA-MW00-1A001 INSPECTING",
        "nPrecioUnitario": 14.0,
        "nPrecioTotal": 14.0,
        "_currency": "USD",
        "_source_line": 24,
        "_auto_extracted": true
      },
      {
        "nCantidad": 1.0,
        "tDescripcion": "Charles Cook BSQE072025 7/20/2025 26443-220-YZA-MFB0-10001 INSPECTING",
        "nPrecioUnitario": 13.0,
        "nPrecioTotal": 13.0,
        "_currency": "USD",
        "_source_line": 18,
        "_auto_extracted": true
      },
      {
        "nCantidad": 1.0,
        "tDescripcion": "Charles Cook BSQE072025 7/20/2025 26443-220-YZA-MFB0-10001 INSPECTING",
        "nPrecioUnitario": 12.0,
        "nPrecioTotal": 12.0,
        "_currency": "USD",
        "_source_line": 17,
        "_auto_extracted": true
      },
      {
        "nCantidad": 1.0,
        "tDescripcion": "Charles Cook BSQE070625 7/6/2025 26443-220-YZA-MFB0-10001 INSPECTING",
        "nPrecioUnitario": 10.0,
        "nPrecioTotal": 10.0,
        "_currency": "USD",
        "_source_line": 9,
        "_auto_extracted": true
      },
      {
        "nCantidad": 1.0,
        "tDescripcion": "Total By SubJob: 223",
        "nPrecioUnitario": 1.0,
        "nPrecioTotal": 1.0,
        "_currency": "USD",
        "_source_line": 62,
        "_auto_extracted": true
      }
    ],
    "midioma": [
      {
        "iMIdioma": 2,
        "tIdioma": "Inglés"
      }
    ],
    "mdocumento_tipo": [
      {
        "iMDocumentoTipo": 1,
        "tTipo": "Comprobante"
      }
    ],
    "mdivisa": [
      {
        "tDivisa": "USD"
      }
    ],
    "mnaturaleza": [
      {
        "tNaturaleza": "Otro"
      }
    ],
    "mproveedor": [
      {
        "tRazonSocial": "ncy"
      }
    ],
    "mresumen": [],
    "mjornada": [],
    "mjornada_empleado": [],
    "marchivo_tipo": [],
    "munidad_medida": []
  }
}