{
  "metadata": {
    "version": "1.0.0",
    "parser": "ExtractorOCR",
    "extraction_date": "2025-11-18T14:24:50.573508",
    "type": "structured",
    "email": "mariadelosangeles.abanto@newmont.com",
    "year": 2025,
    "month": "Octubre",
    "request_id": "eada6176-0aa0-4362-b8ab-f4f1b641fff8",
    "processed_at": "2025-11-18T14:25:11.827917",
    "api_version": "1.0.0",
    "periodo_id": "string"
  },
  "hoja": {
    "tJson": "6:15 PM\n325 N Florida Ave, Tampa,\nFL 33602, US\n6:25 PM\n2117 E 7th Ave, Tampa Bay,\nFL 33605, US\nN FLORII\n275 S\nENCORE\n4\nN 15TH ST\nOTEM\nOE0001\nHISTORIC YBOR\nCSX\nCASS ST\nГатра\nCHANNELSIDE DR\nReport lost item >\nContact support>\nMy trips >\nUber\nForgot password\nPrivacy\nTerms\nUber Technologies\n1725 3rd Street,\nSan Francisco,\nCalifornia\n94158\n3\n41\n585\nE ADAMO DR\nOTH ST\n41",
    "tJsonTraducido": null,
    "lFormato": false,
    "iMIdioma": 4,
    "iMDocumentoTipo": 99,
    "tSequentialNumber": "OE0001"
  },
  "additional_data": {
    "midioma": [
      {
        "iMIdioma": 4,
        "tIdioma": "Otro"
      }
    ],
    "mdocumento_tipo": [
      {
        "iMDocumentoTipo": 99,
        "tTipo": "Desconocido"
      }
    ],
    "mnaturaleza": [
      {
        "tNaturaleza": "Otro"
      }
    ],
    "mresumen": [],
    "mcomprobante": [],
    "mcomprobante_detalle": [],
    "mjornada": [],
    "mjornada_empleado": [],
    "mproveedor": [],
    "marchivo_tipo": [],
    "mdivisa": [],
    "munidad_medida": []
  }
}