{
  "metadata": {
    "version": "1.0.0",
    "parser": "ExtractorOCR",
    "extraction_date": "2025-11-18T14:21:53.452388",
    "type": "structured",
    "email": "mariadelosangeles.abanto@newmont.com",
    "year": 2025,
    "month": "Octubre",
    "request_id": "eada6176-0aa0-4362-b8ab-f4f1b641fff8",
    "processed_at": "2025-11-18T14:25:11.827917",
    "api_version": "1.0.0",
    "periodo_id": "string"
  },
  "hoja": {
    "tJson": "BSQE\nBS0004\n国家税务总局\n发票联\n国家机务总局\n发票联\n发票代码:132122281210\n发票号码:02348977\n手写无效\n单位70397662408元\n电话 88206596\n车号 M-28600\n红子 3210254857\n日期 2025-06-29\n上本 07:38\n下车 08:09\n单价 3.00元\n里程 21.3km\n等候 00:06.50\n全額 66.00元\n卡号。 0.00元\n6.09 661\n发票代码:132122381210\n发票号码:00759468\n手写无效\n*672509370588\n电话 86299669\n车号 M-19981\n证号 3210265585\n日期 2025-06-30\n上本 07:47\n下车 08:19\n单价 3.00元\n里程 20.6km\n等候 20:06.82\n金額 65.00元\n卡号 0.00\n6.30 65%\nTaxi Fee: total RMB: 2121.00\n元国统\n电子发票(普通发票)\n江苏省税务局\n发票号码:25322000000304329238\n开票日期:2025年07月01日\n名称:通标标准技术服务(上海)有限公司\n统一社会信用代码/纳税人识别号:913101046854657070\n销售方信息\n名称:泰兴市誉龙宾馆\n购买方信息\n项目名称 规格型号 单位 数量 单价 金额 税率/征收率 税额\n*住宿服务*住宿 天 23 247.524752475248 5693.07 1% 56.93\n合 计 ¥5693.07 ¥56.93\n价税合计(大写) 伍仟柒佰伍拾圆整 (小写)¥5750.00\n备注\n开票人:陈启兰\nHotel Fee: 03~19&25~30Jun2025 RMB: 5750.00\nPage 2 of 2\n下载次数:1",
    "tJsonTraducido": null,
    "lFormato": false,
    "iMIdioma": 5,
    "iMDocumentoTipo": 99,
    "tSequentialNumber": "BS0004"
  },
  "additional_data": {
    "midioma": [
      {
        "iMIdioma": 5,
        "tIdioma": "Chino"
      }
    ],
    "mdocumento_tipo": [
      {
        "iMDocumentoTipo": 99,
        "tTipo": "Desconocido"
      }
    ],
    "mdivisa": [
      {
        "tDivisa": "RM"
      },
      {
        "tDivisa": "CNY"
      }
    ],
    "mnaturaleza": [
      {
        "tNaturaleza": "Otro"
      }
    ],
    "mcomprobante_detalle": [
      {
        "nCantidad": 1.0,
        "tDescripcion": "价税合计(大写) 伍仟柒佰伍拾圆整 (小写)¥",
        "nPrecioUnitario": 5750.0,
        "nPrecioTotal": 5750.0,
        "_currency": "USD",
        "_source_line": 53,
        "_auto_extracted": true
      },
      {
        "nCantidad": 1.0,
        "tDescripcion": "*住宿服务*住宿 天 23 247.524752475248",
        "nPrecioUnitario": 5693.07,
        "nPrecioTotal": 5693.07,
        "_currency": "USD",
        "_source_line": 51,
        "_auto_extracted": true
      },
      {
        "nCantidad": 1.0,
        "tDescripcion": "Taxi Fee: total RMB:",
        "nPrecioUnitario": 2121.0,
        "nPrecioTotal": 2121.0,
        "_currency": "USD",
        "_source_line": 39,
        "_auto_extracted": true
      },
      {
        "nCantidad": 1.0,
        "tDescripcion": "*住宿服务*住宿 天 23 247.524752475248  1%",
        "nPrecioUnitario": 56.93,
        "nPrecioTotal": 56.93,
        "_currency": "USD",
        "_source_line": 51,
        "_auto_extracted": true
      },
      {
        "nCantidad": 1.0,
        "tDescripcion": "Hotel Fee: 03~19&",
        "nPrecioUnitario": 25.0,
        "nPrecioTotal": 25.0,
        "_currency": "USD",
        "_source_line": 56,
        "_auto_extracted": true
      },
      {
        "nCantidad": 1.0,
        "tDescripcion": "Hotel Fee: 03~",
        "nPrecioUnitario": 19.0,
        "nPrecioTotal": 19.0,
        "_currency": "USD",
        "_source_line": 56,
        "_auto_extracted": true
      },
      {
        "nCantidad": 1.0,
        "tDescripcion": "等候 20:",
        "nPrecioUnitario": 6.82,
        "nPrecioTotal": 6.82,
        "_currency": "USD",
        "_source_line": 35,
        "_auto_extracted": true
      },
      {
        "nCantidad": 1.0,
        "tDescripcion": "等候 00:",
        "nPrecioUnitario": 6.5,
        "nPrecioTotal": 6.5,
        "_currency": "USD",
        "_source_line": 19,
        "_auto_extracted": true
      },
      {
        "nCantidad": 1.0,
        "tDescripcion": "Hotel Fee:",
        "nPrecioUnitario": 3.0,
        "nPrecioTotal": 3.0,
        "_currency": "USD",
        "_source_line": 56,
        "_auto_extracted": true
      }
    ],
    "mresumen": [],
    "mcomprobante": [],
    "mjornada": [],
    "mjornada_empleado": [],
    "mproveedor": [],
    "marchivo_tipo": [],
    "munidad_medida": []
  }
}