{
  "metadata": {
    "version": "1.0.0",
    "parser": "ExtractorOCR",
    "extraction_date": "2025-11-18T14:24:15.260046",
    "type": "structured",
    "email": "mariadelosangeles.abanto@newmont.com",
    "year": 2025,
    "month": "Octubre",
    "request_id": "eada6176-0aa0-4362-b8ab-f4f1b641fff8",
    "processed_at": "2025-11-18T14:25:11.827917",
    "api_version": "1.0.0",
    "periodo_id": "string"
  },
  "hoja": {
    "tJson": "Invoice No. Report/Emp Number Technical Specialist Supplier Supplier PO Country PPE / Date Date Period Charge No/Sub No Units Type Rate Total Curr\nBSQE AUSTRALIA ENTRIES\nEntries in Jun 2025:\nAmount Hours\nE9XL 0000 890 24084 PAY AUD$ (112,592.00)\nE9XL M&M 890 26629 310 AUD$ 2,618.00 17.0\nE9XL M&M 890 26439 712 AUD$ 77,298.00 499.50\nE9XL M&M 890 26711 110 AUD$ 15,736.00 101.50\nE9XL Energy 890 26232 115 AUD$ 16,940.00 110.00\n0.00 728.0\nE9XL M&M 24084 PAY USD$ (2,600.00)\nE9XL M&M 890 26251 140 USD$\nE9XL M&M 890 26442 223 USD$ 2,600.00 26.0\n- 26.0\ncost of invoice is recorded to 24084 PAY & EXP when invoice is recorded\nJob charge will autocode.",
    "tJsonTraducido": null,
    "lFormato": false,
    "iMIdioma": 2,
    "iMDocumentoTipo": 1,
    "tSequentialNumber": "BS2025"
  },
  "additional_data": {
    "mcomprobante": [
      {
        "_stamp_name": "BSQE",
        "_sequential_number": "BS2025",
        "tNumero": "Report/Emp",
        "tSerie": null,
        "tCliente": null
      }
    ],
    "mcomprobante_detalle": [
      {
        "nCantidad": 17.0,
        "tDescripcion": "E9XL M&M 890 26629 310",
        "nPrecioUnitario": 154.0,
        "nPrecioTotal": 2618.0
      },
      {
        "nCantidad": 499.5,
        "tDescripcion": "E9XL M&M 890 26439 712",
        "nPrecioUnitario": 154.75,
        "nPrecioTotal": 77298.0
      },
      {
        "nCantidad": 101.5,
        "tDescripcion": "E9XL M&M 890 26711 110",
        "nPrecioUnitario": 155.03,
        "nPrecioTotal": 15736.0
      },
      {
        "nCantidad": 110.0,
        "tDescripcion": "E9XL Energy 890 26232 115",
        "nPrecioUnitario": 154.0,
        "nPrecioTotal": 16940.0
      },
      {
        "nCantidad": 26.0,
        "tDescripcion": "E9XL M&M 890 26442 223",
        "nPrecioUnitario": 100.0,
        "nPrecioTotal": 2600.0
      },
      {
        "nCantidad": 1.0,
        "tDescripcion": "E9XL 0000 890 24084 PAY AUD$ (",
        "nPrecioUnitario": 112592.0,
        "nPrecioTotal": 112592.0,
        "_currency": "USD",
        "_source_line": 5,
        "_auto_extracted": true
      },
      {
        "nCantidad": 1.0,
        "tDescripcion": "E9XL M&M 890 26439 712 AUD",
        "nPrecioUnitario": 499.5,
        "nPrecioTotal": 499.5,
        "_currency": "USD",
        "_source_line": 7,
        "_auto_extracted": true
      },
      {
        "nCantidad": 1.0,
        "tDescripcion": "E9XL Energy 890 26232 115 AUD",
        "nPrecioUnitario": 110.0,
        "nPrecioTotal": 110.0,
        "_currency": "USD",
        "_source_line": 9,
        "_auto_extracted": true
      },
      {
        "nCantidad": 1.0,
        "tDescripcion": "E9XL M&M 890 26711 110 AUD",
        "nPrecioUnitario": 101.5,
        "nPrecioTotal": 101.5,
        "_currency": "USD",
        "_source_line": 8,
        "_auto_extracted": true
      },
      {
        "nCantidad": 1.0,
        "tDescripcion": "E9XL M&M 890 26439 712 AUD",
        "nPrecioUnitario": 77.0,
        "nPrecioTotal": 77.0,
        "_currency": "$",
        "_source_line": 7,
        "_auto_extracted": true
      },
      {
        "nCantidad": 1.0,
        "tDescripcion": "E9XL M&M 890 26439 712 AUD$",
        "nPrecioUnitario": 77.0,
        "nPrecioTotal": 77.0,
        "_currency": "USD",
        "_source_line": 7,
        "_auto_extracted": true
      },
      {
        "nCantidad": 1.0,
        "tDescripcion": "E9XL M&M 890 26439 712 AUD 499.",
        "nPrecioUnitario": 50.0,
        "nPrecioTotal": 50.0,
        "_currency": "USD",
        "_source_line": 7,
        "_auto_extracted": true
      },
      {
        "nCantidad": 1.0,
        "tDescripcion": "E9XL M&M 890 26442 223 USD",
        "nPrecioUnitario": 26.0,
        "nPrecioTotal": 26.0,
        "_currency": "USD",
        "_source_line": 13,
        "_auto_extracted": true
      },
      {
        "nCantidad": 1.0,
        "tDescripcion": "E9XL M&M 890 26629 310 AUD",
        "nPrecioUnitario": 17.0,
        "nPrecioTotal": 17.0,
        "_currency": "USD",
        "_source_line": 6,
        "_auto_extracted": true
      },
      {
        "nCantidad": 1.0,
        "tDescripcion": "E9XL Energy 890 26232 115 AUD",
        "nPrecioUnitario": 16.0,
        "nPrecioTotal": 16.0,
        "_currency": "$",
        "_source_line": 9,
        "_auto_extracted": true
      },
      {
        "nCantidad": 1.0,
        "tDescripcion": "E9XL Energy 890 26232 115 AUD$",
        "nPrecioUnitario": 16.0,
        "nPrecioTotal": 16.0,
        "_currency": "USD",
        "_source_line": 9,
        "_auto_extracted": true
      },
      {
        "nCantidad": 1.0,
        "tDescripcion": "E9XL M&M 890 26711 110 AUD",
        "nPrecioUnitario": 15.0,
        "nPrecioTotal": 15.0,
        "_currency": "$",
        "_source_line": 8,
        "_auto_extracted": true
      },
      {
        "nCantidad": 1.0,
        "tDescripcion": "E9XL M&M 890 26711 110 AUD$",
        "nPrecioUnitario": 15.0,
        "nPrecioTotal": 15.0,
        "_currency": "USD",
        "_source_line": 8,
        "_auto_extracted": true
      },
      {
        "nCantidad": 1.0,
        "tDescripcion": "E9XL M&M 890 26629 310 AUD",
        "nPrecioUnitario": 2.0,
        "nPrecioTotal": 2.0,
        "_currency": "$",
        "_source_line": 6,
        "_auto_extracted": true
      },
      {
        "nCantidad": 1.0,
        "tDescripcion": "E9XL M&M 890 26629 310 AUD$",
        "nPrecioUnitario": 2.0,
        "nPrecioTotal": 2.0,
        "_currency": "USD",
        "_source_line": 6,
        "_auto_extracted": true
      }
    ],
    "midioma": [
      {
        "iMIdioma": 2,
        "tIdioma": "Inglés"
      }
    ],
    "mdocumento_tipo": [
      {
        "iMDocumentoTipo": 1,
        "tTipo": "Comprobante"
      }
    ],
    "mdivisa": [
      {
        "tDivisa": "USD"
      }
    ],
    "mnaturaleza": [
      {
        "tNaturaleza": "Otro"
      }
    ],
    "mproveedor": [
      {
        "tRazonSocial": "BSQE AUSTRALIA ENTRIES"
      }
    ],
    "mresumen": [],
    "mjornada": [],
    "mjornada_empleado": [],
    "marchivo_tipo": [],
    "munidad_medida": []
  }
}