{
  "metadata": {
    "version": "1.0.0",
    "parser": "ExtractorOCR",
    "extraction_date": "2025-11-18T14:20:37.010017",
    "type": "structured",
    "email": "mariadelosangeles.abanto@newmont.com",
    "year": 2025,
    "month": "Octubre",
    "request_id": "eada6176-0aa0-4362-b8ab-f4f1b641fff8",
    "processed_at": "2025-11-18T14:25:11.827917",
    "api_version": "1.0.0",
    "periodo_id": "string"
  },
  "hoja": {
    "tJson": "Hawk\nINTERNATIONAL\nBBS ND REVD 09 JUL 2025\nBSQE\nBS0003\nBechtel Supplier Quality & Expediting Inc.\n300 Post Oak Blvd MS75\nHouston,\nTexas 77056\nAttn.: Semien Alejandro\nFATTURA NO.:\nINVOICE No.\nMILANO\nContract no\nProject no.\n335/25\n30-06-25\n446477\n26443\nYanacocha AWTP Onshore\nAsia Pacific\nServizi resi dalle nostre risorse nel mese di giugno 2025 - SPESE\nServices rendered by our resources in June 2025 - EXPENSES\n(vedi allegato/see spreadsheet here attached)\nTotale complessivo in USD $\nTotal amount due in USD $\nStamp duty excl art. 15 DPR 633/1972 (€ 2,00)\nTOTAL\n$\n3,755.80\n$ 2.34\n$ 3,758.14\nTotal amount in Euro: 3,207.73\n1€ = US $1.17159\nNOTE: Euro amount shown for internal administrative purpose only\nOperazione non territoriale ai sensi dell'art. 7-ter co. 1/a del DPR 633/72\nExtra territorial service, V.A.T. exempt as per art. 7- ter par. 1/a of DPR 633/72\nPagamento/Payment: 60 days\nNEW BANK CODES Effective 26 November 2018\nIBAN IT89 C 05034 01691 USD 181000165\nSWIFT BAPPIT21371\nHawk International Srl | Via Spontini 1 | 20131 Milan, Italy |\nPh. +39 02 20404924 Fax +39 02 20409016. Cod. Fisc. / Part. IVA 03355410964",
    "tJsonTraducido": null,
    "lFormato": false,
    "iMIdioma": 3,
    "iMDocumentoTipo": 1,
    "tSequentialNumber": "BS0003"
  },
  "additional_data": {
    "mcomprobante": [
      {
        "_stamp_name": "BSQE",
        "_sequential_number": "BS0003",
        "tNumero": "INVOICE",
        "tSerie": null,
        "fEmision": "30-06-25",
        "nPrecioTotal": 3755.8,
        "tCliente": "Semien Alejandro"
      }
    ],
    "midioma": [
      {
        "iMIdioma": 3,
        "tIdioma": "Italiano"
      }
    ],
    "mdocumento_tipo": [
      {
        "iMDocumentoTipo": 1,
        "tTipo": "Comprobante"
      }
    ],
    "mdivisa": [
      {
        "tDivisa": "USD"
      }
    ],
    "mnaturaleza": [
      {
        "tNaturaleza": "Otro"
      }
    ],
    "mproveedor": [
      {
        "tRazonSocial": "Hawk\nINTERNATIONAL\nBBS ND REVD"
      }
    ],
    "mcomprobante_detalle": [
      {
        "nCantidad": 1.0,
        "tDescripcion": "Valor monetario línea 32",
        "nPrecioUnitario": 3758.14,
        "nPrecioTotal": 3758.14,
        "_currency": "$",
        "_source_line": 32,
        "_auto_extracted": true
      },
      {
        "nCantidad": 1.0,
        "tDescripcion": "$",
        "nPrecioUnitario": 3758.14,
        "nPrecioTotal": 3758.14,
        "_currency": "USD",
        "_source_line": 32,
        "_auto_extracted": true
      },
      {
        "nCantidad": 1.0,
        "tDescripcion": "Valor monetario línea 30",
        "nPrecioUnitario": 3755.8,
        "nPrecioTotal": 3755.8,
        "_currency": "USD",
        "_source_line": 30,
        "_auto_extracted": true
      },
      {
        "nCantidad": 1.0,
        "tDescripcion": "Total amount in Euro:",
        "nPrecioUnitario": 3207.73,
        "nPrecioTotal": 3207.73,
        "_currency": "USD",
        "_source_line": 33,
        "_auto_extracted": true
      },
      {
        "nCantidad": 1.0,
        "tDescripcion": "Total amount in Euro: 3,207.",
        "nPrecioUnitario": 73.0,
        "nPrecioTotal": 73.0,
        "_currency": "USD",
        "_source_line": 33,
        "_auto_extracted": true
      },
      {
        "nCantidad": 1.0,
        "tDescripcion": "$ 2.",
        "nPrecioUnitario": 34.0,
        "nPrecioTotal": 34.0,
        "_currency": "USD",
        "_source_line": 31,
        "_auto_extracted": true
      },
      {
        "nCantidad": 1.0,
        "tDescripcion": ",758.",
        "nPrecioUnitario": 14.0,
        "nPrecioTotal": 14.0,
        "_currency": "USD",
        "_source_line": 32,
        "_auto_extracted": true
      },
      {
        "nCantidad": 1.0,
        "tDescripcion": "Valor monetario línea 32",
        "nPrecioUnitario": 3.0,
        "nPrecioTotal": 3.0,
        "_currency": "$",
        "_source_line": 32,
        "_auto_extracted": true
      },
      {
        "nCantidad": 1.0,
        "tDescripcion": "$",
        "nPrecioUnitario": 3.0,
        "nPrecioTotal": 3.0,
        "_currency": "USD",
        "_source_line": 32,
        "_auto_extracted": true
      },
      {
        "nCantidad": 1.0,
        "tDescripcion": "Valor monetario línea 31",
        "nPrecioUnitario": 2.34,
        "nPrecioTotal": 2.34,
        "_currency": "$",
        "_source_line": 31,
        "_auto_extracted": true
      },
      {
        "nCantidad": 1.0,
        "tDescripcion": "Valor monetario línea 31",
        "nPrecioUnitario": 2.0,
        "nPrecioTotal": 2.0,
        "_currency": "$",
        "_source_line": 31,
        "_auto_extracted": true
      },
      {
        "nCantidad": 1.0,
        "tDescripcion": "$",
        "nPrecioUnitario": 2.0,
        "nPrecioTotal": 2.0,
        "_currency": "USD",
        "_source_line": 31,
        "_auto_extracted": true
      },
      {
        "nCantidad": 1.0,
        "tDescripcion": "1€ = US",
        "nPrecioUnitario": 1.17,
        "nPrecioTotal": 1.17,
        "_currency": "$",
        "_source_line": 34,
        "_auto_extracted": true
      },
      {
        "nCantidad": 1.0,
        "tDescripcion": "1€ = US",
        "nPrecioUnitario": 1.0,
        "nPrecioTotal": 1.0,
        "_currency": "$",
        "_source_line": 34,
        "_auto_extracted": true
      },
      {
        "nCantidad": 1.0,
        "tDescripcion": "1€ = US 159",
        "nPrecioUnitario": 1.0,
        "nPrecioTotal": 1.0,
        "_currency": "USD",
        "_source_line": 34,
        "_auto_extracted": true
      }
    ],
    "mresumen": [],
    "mjornada": [],
    "mjornada_empleado": [],
    "marchivo_tipo": [],
    "munidad_medida": []
  }
}