{
  "metadata": {
    "version": "1.0.0",
    "parser": "ExtractorOCR",
    "extraction_date": "2025-11-18T14:20:55.889028",
    "type": "structured",
    "email": "mariadelosangeles.abanto@newmont.com",
    "year": 2025,
    "month": "Octubre",
    "request_id": "eada6176-0aa0-4362-b8ab-f4f1b641fff8",
    "processed_at": "2025-11-18T14:25:11.827917",
    "api_version": "1.0.0",
    "periodo_id": "string"
  },
  "hoja": {
    "tJson": "BSQE\nBS0003\nM/S\nMEM\n日期\nDate:\nNo 13/6/25\nNO 摘要 数量 价格 银额\nPATICULARS QUANTITY UNIT PRICE AMOUNT\nBUTIR-BUTIR KUANTITI HARGA NILAI\n1 20.60\n2\n3\n4\n5\n6\n7\n8\n9\n10 USD 5.00\n11\n货物出门,恕不退换 TOTAL/总额 20.60\nGood sold are not returnable/Barang yang dijual tidak boleh dikembalikan JUMLAH\nReceived by/Terima Oleh/收货人 Signature/Tandatangan/经手人",
    "tJsonTraducido": null,
    "lFormato": false,
    "iMIdioma": 5,
    "iMDocumentoTipo": 1,
    "tSequentialNumber": "BS0003"
  },
  "additional_data": {
    "mcomprobante": [
      {
        "_stamp_name": "BSQE",
        "_sequential_number": "BS0003",
        "tNumero": null,
        "tSerie": null,
        "fEmision": "13/6/25",
        "tCliente": null,
        "nPrecioTotal": 5.0
      }
    ],
    "mcomprobante_detalle": [
      {
        "nCantidad": 1.0,
        "tDescripcion": "Item 10 (USD)",
        "nPrecioUnitario": 5.0,
        "nPrecioTotal": 5.0
      },
      {
        "nCantidad": 1.0,
        "tDescripcion": "USD",
        "nPrecioUnitario": 5.0,
        "nPrecioTotal": 5.0
      },
      {
        "nCantidad": 1.0,
        "tDescripcion": "货物出门,恕不退换 TOTAL/总额 20.",
        "nPrecioUnitario": 60.0,
        "nPrecioTotal": 60.0,
        "_currency": "USD",
        "_source_line": 22,
        "_auto_extracted": true
      },
      {
        "nCantidad": 1.0,
        "tDescripcion": "1",
        "nPrecioUnitario": 20.6,
        "nPrecioTotal": 20.6,
        "_currency": "USD",
        "_source_line": 11,
        "_auto_extracted": true
      },
      {
        "nCantidad": 1.0,
        "tDescripcion": "货物出门,恕不退换 TOTAL/总额",
        "nPrecioUnitario": 20.0,
        "nPrecioTotal": 20.0,
        "_currency": "USD",
        "_source_line": 22,
        "_auto_extracted": true
      }
    ],
    "midioma": [
      {
        "iMIdioma": 5,
        "tIdioma": "Chino"
      }
    ],
    "mdocumento_tipo": [
      {
        "iMDocumentoTipo": 1,
        "tTipo": "Comprobante"
      }
    ],
    "mdivisa": [
      {
        "tDivisa": "USD"
      }
    ],
    "mnaturaleza": [
      {
        "tNaturaleza": "Otro"
      }
    ],
    "mproveedor": [
      {
        "tRazonSocial": "PATICULARS QUANTITY UNIT PRICE AMOUNT"
      }
    ],
    "mresumen": [],
    "mjornada": [],
    "mjornada_empleado": [],
    "marchivo_tipo": [],
    "munidad_medida": []
  }
}