{
  "metadata": {
    "version": "1.0.0",
    "parser": "ExtractorOCR",
    "extraction_date": "2025-11-18T14:24:48.893578",
    "type": "structured",
    "email": "mariadelosangeles.abanto@newmont.com",
    "year": 2025,
    "month": "Octubre",
    "request_id": "eada6176-0aa0-4362-b8ab-f4f1b641fff8",
    "processed_at": "2025-11-18T14:25:11.827917",
    "api_version": "1.0.0",
    "periodo_id": "string"
  },
  "hoja": {
    "tJson": "Flores Fuentes, Fanny\nFrom: noreply=uber.com@mgt.uber.com on behalf of Uber Receipts <notepl\nSent: martes, 27 de mayo de 2025 18:25\nTo: Flores Fuentes, Fanny\nSubject: [Business] Your Tuesday evening trip with Uber\nThis Email Originated Outside of Bechtel\nCaution: Do not click links or open attachments unless you recognize the sender and know the content is safe.\nUber\nTotal $15.95\nMay 27, 2025\nTotal $15.95\nIn December 2024 in Florida, roughly 21% of customers' fares went\ntoward covering government-mandated commercial insurance for\nrideshare/TNC (transportation network company) trips. Take action to\nbring down costs.\nTrip fare $6.02\nReserve Premium $7.53\n1\nOTEM\nOE0001\nhotel-Restorant\nCena",
    "tJsonTraducido": null,
    "lFormato": false,
    "iMIdioma": 2,
    "iMDocumentoTipo": 99,
    "tSequentialNumber": "OE0001"
  },
  "additional_data": {
    "midioma": [
      {
        "iMIdioma": 2,
        "tIdioma": "Inglés"
      }
    ],
    "mdocumento_tipo": [
      {
        "iMDocumentoTipo": 99,
        "tTipo": "Desconocido"
      }
    ],
    "mdivisa": [
      {
        "tDivisa": "USD"
      }
    ],
    "mnaturaleza": [
      {
        "tNaturaleza": "Otro"
      }
    ],
    "mproveedor": [
      {
        "tRazonSocial": "g trip with Uber\nThis Email Originated Outside of Bechtel\nCaution"
      }
    ],
    "mcomprobante_detalle": [
      {
        "nCantidad": 1.0,
        "tDescripcion": "Total .",
        "nPrecioUnitario": 95.0,
        "nPrecioTotal": 95.0,
        "_currency": "USD",
        "_source_line": 9,
        "_auto_extracted": true
      },
      {
        "nCantidad": 1.0,
        "tDescripcion": "Reserve Premium .",
        "nPrecioUnitario": 53.0,
        "nPrecioTotal": 53.0,
        "_currency": "USD",
        "_source_line": 17,
        "_auto_extracted": true
      },
      {
        "nCantidad": 1.0,
        "tDescripcion": "Total",
        "nPrecioUnitario": 15.95,
        "nPrecioTotal": 15.95,
        "_currency": "$",
        "_source_line": 9,
        "_auto_extracted": true
      },
      {
        "nCantidad": 1.0,
        "tDescripcion": "Total $",
        "nPrecioUnitario": 15.95,
        "nPrecioTotal": 15.95,
        "_currency": "USD",
        "_source_line": 9,
        "_auto_extracted": true
      },
      {
        "nCantidad": 1.0,
        "tDescripcion": "Total",
        "nPrecioUnitario": 15.0,
        "nPrecioTotal": 15.0,
        "_currency": "$",
        "_source_line": 9,
        "_auto_extracted": true
      },
      {
        "nCantidad": 1.0,
        "tDescripcion": "Total $",
        "nPrecioUnitario": 15.0,
        "nPrecioTotal": 15.0,
        "_currency": "USD",
        "_source_line": 9,
        "_auto_extracted": true
      },
      {
        "nCantidad": 1.0,
        "tDescripcion": "Reserve Premium",
        "nPrecioUnitario": 7.53,
        "nPrecioTotal": 7.53,
        "_currency": "$",
        "_source_line": 17,
        "_auto_extracted": true
      },
      {
        "nCantidad": 1.0,
        "tDescripcion": "Reserve Premium",
        "nPrecioUnitario": 7.0,
        "nPrecioTotal": 7.0,
        "_currency": "$",
        "_source_line": 17,
        "_auto_extracted": true
      },
      {
        "nCantidad": 1.0,
        "tDescripcion": "Reserve Premium $",
        "nPrecioUnitario": 7.0,
        "nPrecioTotal": 7.0,
        "_currency": "USD",
        "_source_line": 17,
        "_auto_extracted": true
      },
      {
        "nCantidad": 1.0,
        "tDescripcion": "Trip fare",
        "nPrecioUnitario": 6.02,
        "nPrecioTotal": 6.02,
        "_currency": "$",
        "_source_line": 16,
        "_auto_extracted": true
      },
      {
        "nCantidad": 1.0,
        "tDescripcion": "Trip fare",
        "nPrecioUnitario": 6.0,
        "nPrecioTotal": 6.0,
        "_currency": "$",
        "_source_line": 16,
        "_auto_extracted": true
      },
      {
        "nCantidad": 1.0,
        "tDescripcion": "Trip fare $",
        "nPrecioUnitario": 6.0,
        "nPrecioTotal": 6.0,
        "_currency": "USD",
        "_source_line": 16,
        "_auto_extracted": true
      },
      {
        "nCantidad": 1.0,
        "tDescripcion": "Trip fare .",
        "nPrecioUnitario": 2.0,
        "nPrecioTotal": 2.0,
        "_currency": "USD",
        "_source_line": 16,
        "_auto_extracted": true
      }
    ],
    "mresumen": [],
    "mcomprobante": [],
    "mjornada": [],
    "mjornada_empleado": [],
    "marchivo_tipo": [],
    "munidad_medida": []
  }
}