{
  "metadata": {
    "version": "1.0.0",
    "parser": "ExtractorOCR",
    "extraction_date": "2025-11-18T14:20:50.860748",
    "type": "structured",
    "email": "mariadelosangeles.abanto@newmont.com",
    "year": 2025,
    "month": "Octubre",
    "request_id": "eada6176-0aa0-4362-b8ab-f4f1b641fff8",
    "processed_at": "2025-11-18T14:25:11.827917",
    "api_version": "1.0.0",
    "periodo_id": "string"
  },
  "hoja": {
    "tJson": "BSQE\nBS0003\nMEM\nBERJAYA STARBUCKS COFFEE\nCOMPANY SDN BHD (462026-H)\nLot 10-14 Level 10, West, Berjaya Times Square,\nNo, Jalan Imbi, 55100 Kuala Lumpur, Malaysia\nwebsite www.starbucks.com.my\nSri Pinang DT\n1300-80-8989\nSERVICE TAX ID: W10-1808-31025875\nInvoice No: SB199R2-0544560 FOR HERE\nDate: 11 Jun 25 00:28:57 HAIKAL\nICE VANILLA LATT - VWE 1 17.50\nADD ESP SHT 1 2.00\nSub-Total RM 19.50\n6% Service Tax (ST) RM 1.17\nRounding RM -0.02\nTotal Sale (Incl. ST) RM 20.65\nMBBCREDIT RM 20.65\nMBBCHEDIT: 430455******3976 USD 5,00\nApproval code : 10160\n11 Jun 25 00:29:50-\nYour Next Drink Could Be Free\nWith A Starbucks Card\nTurn Your Visits Into Rewards!\nFree Wifi Code\n2hdtub\nPlease register E-Invoice\nafter 24 hours at\nwww.starbucks.com.my/e-invoice",
    "tJsonTraducido": null,
    "lFormato": false,
    "iMIdioma": 2,
    "iMDocumentoTipo": 1,
    "tSequentialNumber": "BS0003"
  },
  "additional_data": {
    "mcomprobante": [
      {
        "_stamp_name": "BSQE",
        "_sequential_number": "BS0003",
        "tNumero": "No",
        "tSerie": null,
        "fEmision": "11 Jun 25",
        "nPrecioTotal": 19.5,
        "tCliente": null
      }
    ],
    "mcomprobante_detalle": [
      {
        "nCantidad": 1.0,
        "tDescripcion": "ADD ESP SHT",
        "nPrecioUnitario": 2.0,
        "nPrecioTotal": 2.0
      },
      {
        "nCantidad": 1.0,
        "tDescripcion": "ICE VANILLA LATT - VWE",
        "nPrecioUnitario": 17.5,
        "nPrecioTotal": 17.5
      },
      {
        "nCantidad": 1.0,
        "tDescripcion": "Total Sale (Incl. ST) RM 20.",
        "nPrecioUnitario": 65.0,
        "nPrecioTotal": 65.0,
        "_currency": "USD",
        "_source_line": 19,
        "_auto_extracted": true
      },
      {
        "nCantidad": 1.0,
        "tDescripcion": "Sub-Total RM 19.",
        "nPrecioUnitario": 50.0,
        "nPrecioTotal": 50.0,
        "_currency": "USD",
        "_source_line": 16,
        "_auto_extracted": true
      },
      {
        "nCantidad": 1.0,
        "tDescripcion": "Total Sale (Incl. ST) RM",
        "nPrecioUnitario": 20.65,
        "nPrecioTotal": 20.65,
        "_currency": "USD",
        "_source_line": 19,
        "_auto_extracted": true
      },
      {
        "nCantidad": 1.0,
        "tDescripcion": "Total Sale (Incl. ST) RM",
        "nPrecioUnitario": 20.0,
        "nPrecioTotal": 20.0,
        "_currency": "USD",
        "_source_line": 19,
        "_auto_extracted": true
      },
      {
        "nCantidad": 1.0,
        "tDescripcion": "Sub-Total RM",
        "nPrecioUnitario": 19.5,
        "nPrecioTotal": 19.5,
        "_currency": "USD",
        "_source_line": 16,
        "_auto_extracted": true
      },
      {
        "nCantidad": 1.0,
        "tDescripcion": "Sub-Total RM",
        "nPrecioUnitario": 19.0,
        "nPrecioTotal": 19.0,
        "_currency": "USD",
        "_source_line": 16,
        "_auto_extracted": true
      }
    ],
    "midioma": [
      {
        "iMIdioma": 2,
        "tIdioma": "Inglés"
      }
    ],
    "mdocumento_tipo": [
      {
        "iMDocumentoTipo": 1,
        "tTipo": "Comprobante"
      }
    ],
    "mdivisa": [
      {
        "tDivisa": "RM"
      },
      {
        "tDivisa": "USD"
      }
    ],
    "mnaturaleza": [
      {
        "tNaturaleza": "Otro"
      }
    ],
    "mproveedor": [
      {
        "tRazonSocial": "BSQE\nBS"
      }
    ],
    "mresumen": [],
    "mjornada": [],
    "mjornada_empleado": [],
    "marchivo_tipo": [],
    "munidad_medida": []
  }
}