{
  "metadata": {
    "version": "1.0.0",
    "parser": "ExtractorOCR",
    "extraction_date": "2025-11-18T14:22:16.513357",
    "type": "structured",
    "email": "mariadelosangeles.abanto@newmont.com",
    "year": 2025,
    "month": "Octubre",
    "request_id": "eada6176-0aa0-4362-b8ab-f4f1b641fff8",
    "processed_at": "2025-11-18T14:25:11.827917",
    "api_version": "1.0.0",
    "periodo_id": "string"
  },
  "hoja": {
    "tJson": "BSQE\nBS0004\n天津客运出租汽车专用发票\nTIANJIN PASSENGER\nTAXI SPECIAL INVOICE\n发票联\nINVOICE\n代码112002060221\nINVOICE CODE\n号码 32006325\nINVOICE No.\n开票日期: 2025-06-05\nDATE\n单位:\n6004\nSECTION\n税号:\n911202000\nTAX PAYER'S FILE N900214146\n电话:\n88908890\nTEL\n车号:\nSREGISTION MARK No. E-34180\n起止时间17:46 8:59\n单价:\nTUNIT PRICE\n臺里程:\nKILOMETRE\n三等候时间:\n无\n存根\nWATTING TIME\n附加费:\n2.50\n62.6\n00:08:00\n¥0.00\nADDITIONAL FEE\n¥160.00\n金额:\nAMOLINT\n卡号:\nCARD No.\n卡原额:\n天津市客运出租\nCARD ORIGINAL SUM 000000000000\n卡余额:\nCARD BALANCE SU\n发票专用章\n天津客运出租汽车专用发票\nTHANJIN PASSENGER\nTAXI SPECIAL INVOICE\n发票联\nINVOICE\n代码112001960321\nINVOICE CODE\n号码\nINVOICE No.\n65628411\n开票日期:2025年06月05日\nDATE\n单位:\nSECTION\n税号:\nJ004\n911204000\nTAX PAYER'S FITE N000484569\n电话:\n87092616\n车号:\nREGESTION MARK No.\nΕ. 11628\n穿起止时间:\n机\nTIME\n单价:\nUNIT PRICE\n養里程:\nKILOMETRE\n享等候时间:\n效\nWATTING TIME\n附加费:\n07:56 08:59\nADDITIONAL FEE\n金额:\nAMOUNT\n卡号:\nCARD No.\n卡原额:\nCARD ORIGINAL SOM\n卡余额:\n存\nCARD BALANCE SUK\n4.25元/km\n42.0km\n00:08.00\n0.00元\n160.00元\n天\n路\n天津客运出租汽车专用发票\nFLANJIN PASSENGER\nTAXI SPECIAL, INVOICE\n发票联\nINVOICE\n代码112002060221\nINVOICE CODE\n号码: 04472968\nINVOICE No.\n开票日期:2025年06月06日\nDATE\n单位\nSECTION\n售税号:\nJ004\n911205000\nTAX PAYER'S FILE N900574572\n电话:\nTBI\n含车号:\nREGISTION MARK Mo\n起止时间:\nTIME\n机单价:\n87092616\nΕ. 28339\n조\n07:55 08:58\nUNIT PRICE\n4.25元/km\n42.0km\n签程程:\nKTLOMETRE\n李等候时间:\nRATTING TIMB\n附加费:\nPRITING\nADDITIONAL FER\n金额:\nAMOUNT\n卡号:\nCARD No.\n卡原额:\nCARD ORIGINAL SUM\n卡余额:\n发票专用章\nCARD BALANCE SOR\n存\n根\n00:08.00\n0.00元\n160.00元\n天津客运出租汽车专用发票\nSMANJIN PASSENGER\nTAXI SPECIAL LYVOTOR\n发票联\nINVOICE\n代码112002060221\nINVOTCE CODE\n号码:04472585\nTNVOICEM\n开票日期:2025年06月06日\nDATA\n单位:\nSECTION\n营税号:\n04\n911208000\nTAX PAVER'S FIRE N000854100\n晨电话:\nTEL\n87092616\nREGISTICK MARK Ne Ε. 21611\n穿起止时间:\nTEE\n单价:\nUNIT PRICE\nLOMAERR\n主等候时间:\nPAITING ME\n附加费:\nADDITIONAL FEE\n金额:\n卡号:\nCARD No.\n卡原類:\n17:45 08:58\n2.50ft/km\n$2.6km\n00:08.00\n0.00元\n160.00元\nCARD ORIGIN千日手ま\n卡余额:\nCARD BALANCE S\n存\n根\n天津客运出租汽车专用发票\nTLANJIN PASSENGER\nTAXI SPECIAL INVOICE\n发票联\nINVOICE\n代码112002060221\nINVOICE CODE\n号码 04429343\nINVOICE\n开票日期:\nDATE\n采单位:\n2025-06-07\n天津家运出租汽车专用发票\nTIANJIN PASSENGER\nTAXI SPECIAL INVOICE\n发票联\nINVOICE\n代码112002060221\nINVOICE CODE\n号码 21566042\nINVOICE No.\n开票日期:2025年06月07日\nDATE\n建单位:\nJ004\n911206000\nTAX PAYER'S FILE N000664686\nG004\nSECTION\n税号:\nSECTION\n無税号:\n911204000\n电话:\nTEL.\nTAX PAYER'S FILE 990424567\n电话:\nTEL\n车号:\nREGISTION MARK No.\n88908890\nE-10361\n起止时7:57 09:00\nTIME\n单价:\nUNIT PRICE\n签里程:\nILOMETRE\n冬等候时间:\n存\n餅\nHATTING TIME\n附加費:\n4.25\n42.0\n00:08:00\n¥0.00\nADDITIONAL. FRE\n金额:\nAMOUNT\n卡号:\nCARD N\n卡原额:\n¥160.00\n津市客运出即\nCARD ORIGINA SUM 00000000000000000\n卡余额:\nCARD BALANCE SUM\n车号:\n87092616\nREGISTLON MARK No. Ε. 11302\n穿起止时间:\n机\nTIME\n单价:\nTUNTT PRICE\n冬里程:\nXILOMETRE\n三等候时间:\nWATTING TIME\n附加费:\n17:46 18:49\nAUDITIONAL FER\n当金额:\nAMOUNT\n卡号:\nCARD No.\n卡原额:\n4.25元/km\n42.0km\n00:08.00\n0.00元\n160.00元\nCARD ORIGINAL SUM 00000000000000000\n卡余额:\n存\n根\nCARD BALANCE STU\n发票专用章\n2025-06-05\nTraveling to and from 12mZ\n¥:320\n2025-06-06\nTrave'ng to and from TZMZ\n¥:320\nP2\nPage 2 of 8\n2025-06-07\nTraveing to and from izmz\n¥:320",
    "tJsonTraducido": null,
    "lFormato": false,
    "iMIdioma": 5,
    "iMDocumentoTipo": 1,
    "tSequentialNumber": "BS0004"
  },
  "additional_data": {
    "mcomprobante": [
      {
        "_stamp_name": "BSQE",
        "_sequential_number": "BS0004",
        "tNumero": "CODE",
        "tSerie": null,
        "tCliente": null
      }
    ],
    "mcomprobante_detalle": [
      {
        "nCantidad": 1.0,
        "tDescripcion": "KILOMETRE",
        "nPrecioUnitario": 4.25,
        "nPrecioTotal": 4.25
      },
      {
        "nCantidad": 1.0,
        "tDescripcion": "ADDITIONAL FEE",
        "nPrecioUnitario": 2.5,
        "nPrecioTotal": 2.5
      },
      {
        "nCantidad": 1.0,
        "tDescripcion": "KILOMETRE",
        "nPrecioUnitario": 4.25,
        "nPrecioTotal": 4.25
      },
      {
        "nCantidad": 1.0,
        "tDescripcion": "ADDITIONAL FEE",
        "nPrecioUnitario": 2.5,
        "nPrecioTotal": 2.5
      },
      {
        "nCantidad": 1.0,
        "tDescripcion": "KILOMETRE",
        "nPrecioUnitario": 4.25,
        "nPrecioTotal": 4.25
      },
      {
        "nCantidad": 1.0,
        "tDescripcion": "ADDITIONAL. FRE",
        "nPrecioUnitario": 4.25,
        "nPrecioTotal": 4.25
      },
      {
        "nCantidad": 1.0,
        "tDescripcion": "KILOMETRE",
        "nPrecioUnitario": 4.25,
        "nPrecioTotal": 4.25
      },
      {
        "nCantidad": 1.0,
        "tDescripcion": "¥",
        "nPrecioUnitario": 160.0,
        "nPrecioTotal": 160.0,
        "_currency": "USD",
        "_source_line": 40,
        "_auto_extracted": true
      },
      {
        "nCantidad": 1.0,
        "tDescripcion": "00:",
        "nPrecioUnitario": 8.0,
        "nPrecioTotal": 8.0,
        "_currency": "USD",
        "_source_line": 98,
        "_auto_extracted": true
      },
      {
        "nCantidad": 1.0,
        "tDescripcion": ".6km",
        "nPrecioUnitario": 2.0,
        "nPrecioTotal": 2.0,
        "_currency": "$",
        "_source_line": 191,
        "_auto_extracted": true
      },
      {
        "nCantidad": 1.0,
        "tDescripcion": "$",
        "nPrecioUnitario": 2.0,
        "nPrecioTotal": 2.0,
        "_currency": "USD",
        "_source_line": 191,
        "_auto_extracted": true
      }
    ],
    "midioma": [
      {
        "iMIdioma": 5,
        "tIdioma": "Chino"
      }
    ],
    "mdocumento_tipo": [
      {
        "iMDocumentoTipo": 1,
        "tTipo": "Comprobante"
      }
    ],
    "mdivisa": [
      {
        "tDivisa": "USD"
      },
      {
        "tDivisa": "CNY"
      }
    ],
    "mnaturaleza": [
      {
        "tNaturaleza": "Otro"
      }
    ],
    "mproveedor": [
      {
        "tRazonSocial": "TIANJIN PASSENGER"
      }
    ],
    "mresumen": [],
    "mjornada": [],
    "mjornada_empleado": [],
    "marchivo_tipo": [],
    "munidad_medida": []
  }
}