{
  "metadata": {
    "version": "1.0.0",
    "parser": "ExtractorOCR",
    "extraction_date": "2025-11-18T14:23:08.770822",
    "type": "structured",
    "email": "mariadelosangeles.abanto@newmont.com",
    "year": 2025,
    "month": "Octubre",
    "request_id": "eada6176-0aa0-4362-b8ab-f4f1b641fff8",
    "processed_at": "2025-11-18T14:25:11.827917",
    "api_version": "1.0.0",
    "periodo_id": "string"
  },
  "hoja": {
    "tJson": "BSQE\nBS0004\n电子发票(普通发票)\n发票号码:25322000000263788129\n开票日期:2025年06月10日\n名称:通标标准技术服务(上海)有限公司\n统一社会信用代码/纳税人识别号:91310104685465707Q\n名称:仪征市真州镇新豪商务宾馆\n统一社会信用代码/纳税人识别号:92321081MA1TCYEY04\n项目名称 规格型号 单位 数量 单价 金额 税率/征收率 税额\n*住宿服务*住宿服务 天 1 137.6237623762376 137.62 1% 1.38\n合 计 ¥137.62 ¥1.38\n价税合计(大写) 壹佰叁拾玖圆整 (小写)¥139.00\n购方开户银行:花旗银行(中国)有限公司上海分行; 银行账号:1748074208;\n销方开户银行:江苏仪征农村商业银行汽车园支行; 银行账号:3210810321010000020569;\n收款人:王嘉; 复核人:阚正清;\n开票人:王有霞\n92321081MA1TCYEY04\n发票专用章\nPage 5 of 7",
    "tJsonTraducido": null,
    "lFormato": false,
    "iMIdioma": 5,
    "iMDocumentoTipo": 99,
    "tSequentialNumber": "BS0004"
  },
  "additional_data": {
    "midioma": [
      {
        "iMIdioma": 5,
        "tIdioma": "Chino"
      }
    ],
    "mdocumento_tipo": [
      {
        "iMDocumentoTipo": 99,
        "tTipo": "Desconocido"
      }
    ],
    "mdivisa": [
      {
        "tDivisa": "CNY"
      }
    ],
    "mnaturaleza": [
      {
        "tNaturaleza": "Otro"
      }
    ],
    "mcomprobante_detalle": [
      {
        "nCantidad": 1.0,
        "tDescripcion": "价税合计(大写) 壹佰叁拾玖圆整 (小写)¥",
        "nPrecioUnitario": 139.0,
        "nPrecioTotal": 139.0,
        "_currency": "USD",
        "_source_line": 13,
        "_auto_extracted": true
      },
      {
        "nCantidad": 1.0,
        "tDescripcion": "*住宿服务*住宿服务 天 1 137.6237623762376",
        "nPrecioUnitario": 137.62,
        "nPrecioTotal": 137.62,
        "_currency": "USD",
        "_source_line": 11,
        "_auto_extracted": true
      }
    ],
    "mresumen": [],
    "mcomprobante": [],
    "mjornada": [],
    "mjornada_empleado": [],
    "mproveedor": [],
    "marchivo_tipo": [],
    "munidad_medida": []
  }
}