{
  "metadata": {
    "version": "1.0.0",
    "parser": "ExtractorOCR",
    "extraction_date": "2025-11-18T14:23:15.538474",
    "type": "structured",
    "email": "mariadelosangeles.abanto@newmont.com",
    "year": 2025,
    "month": "Octubre",
    "request_id": "eada6176-0aa0-4362-b8ab-f4f1b641fff8",
    "processed_at": "2025-11-18T14:25:11.827917",
    "api_version": "1.0.0",
    "periodo_id": "string"
  },
  "hoja": {
    "tJson": "BSQE\nBS0004\nMonth: Jun-25\nSGS-CSTC Standards Technical Service., Ltd. Shanghai Branch\nProject Monthly Expense\nSQR/AEX:Jim Song\nDate Assignment No. Charge No. Report No. Country Type of Activity Type Kilometer Amount Hotel (USD) Total (USD)\n1\n2\n3\n4\n5\n6\n7\n8\n9\n10\n11 26607-220-YZA-PV00-4A001 26607-214 26607-220-YQA-PV00-4A001 China SQR Taxi ¥156.00 ¥250.00 $62.46\n12 26607-220-YZA-PV00-4A001 26607-214 26607-220-YQA-PV00-4A001 China SQR Taxi+Train ¥322.00 $49.54\n13\n14\n15\n16\n17\n18\n19\n20\n21\n22\n23\n24\n25\n26\n27\n28\n29\n30\nTotal China SQR $73.54 $38.46 $112.00\n表格说明\nCURRENCY EXCHANGE RATE: 1USD=6.5RMB\nNIGHT SHIFT-7PM-7AM WILL BE CHARGED AT 1.5 TIMES UNIT RATE\nSATURDAYS WILL BE CHARGED AT 1.25 TIMES UNIT RATE\nSUNDAYS & PUBLIC HOLIDAYS WILL BE CHARGED AT 1.5 TIMES UNIT RATE\nUNIT RATE APPLIES TO ALL INSPECTION. TRAVEL AND REPORTING TIME\nUNIT RATE IS NET OF APPLICABLE LOCAL AND FEDERAL TAXES OF COUNTRY OF EXECUTION (E. G. VAT. ETC)\nMINIMUM CHARGE OF 5 HOURS APPLIES TO EACH EVENT (PER DATE AND SITE)",
    "tJsonTraducido": null,
    "lFormato": false,
    "iMIdioma": 5,
    "iMDocumentoTipo": 1,
    "tSequentialNumber": "BS0004"
  },
  "additional_data": {
    "mcomprobante": [
      {
        "_stamp_name": "BSQE",
        "_sequential_number": "BS0004",
        "tNumero": null,
        "tSerie": null,
        "nPrecioTotal": 1.0,
        "tCliente": null
      }
    ],
    "mcomprobante_detalle": [
      {
        "nCantidad": 1.0,
        "tDescripcion": "Taxi",
        "nPrecioUnitario": 62.46,
        "nPrecioTotal": 62.46
      },
      {
        "nCantidad": 1.0,
        "tDescripcion": "Taxi+Train",
        "nPrecioUnitario": 49.54,
        "nPrecioTotal": 49.54
      },
      {
        "nCantidad": 1.0,
        "tDescripcion": "12 26607-220-YZA-PV00-4A001 26607-214 26607-220-YQA-PV00-4A001 China SQR Taxi+Train ¥",
        "nPrecioUnitario": 322.0,
        "nPrecioTotal": 322.0,
        "_currency": "USD",
        "_source_line": 19,
        "_auto_extracted": true
      },
      {
        "nCantidad": 1.0,
        "tDescripcion": "11 26607-220-YZA-PV00-4A001 26607-214 26607-220-YQA-PV00-4A001 China SQR Taxi ¥ ¥",
        "nPrecioUnitario": 250.0,
        "nPrecioTotal": 250.0,
        "_currency": "USD",
        "_source_line": 18,
        "_auto_extracted": true
      },
      {
        "nCantidad": 1.0,
        "tDescripcion": "11 26607-220-YZA-PV00-4A001 26607-214 26607-220-YQA-PV00-4A001 China SQR Taxi ¥",
        "nPrecioUnitario": 156.0,
        "nPrecioTotal": 156.0,
        "_currency": "USD",
        "_source_line": 18,
        "_auto_extracted": true
      },
      {
        "nCantidad": 1.0,
        "tDescripcion": "Total China SQR",
        "nPrecioUnitario": 112.0,
        "nPrecioTotal": 112.0,
        "_currency": "$",
        "_source_line": 38,
        "_auto_extracted": true
      },
      {
        "nCantidad": 1.0,
        "tDescripcion": "Total China SQR   $",
        "nPrecioUnitario": 112.0,
        "nPrecioTotal": 112.0,
        "_currency": "USD",
        "_source_line": 38,
        "_auto_extracted": true
      },
      {
        "nCantidad": 1.0,
        "tDescripcion": "Total China SQR",
        "nPrecioUnitario": 73.54,
        "nPrecioTotal": 73.54,
        "_currency": "$",
        "_source_line": 38,
        "_auto_extracted": true
      },
      {
        "nCantidad": 1.0,
        "tDescripcion": "Total China SQR $",
        "nPrecioUnitario": 73.54,
        "nPrecioTotal": 73.54,
        "_currency": "USD",
        "_source_line": 38,
        "_auto_extracted": true
      },
      {
        "nCantidad": 1.0,
        "tDescripcion": "Total China SQR",
        "nPrecioUnitario": 73.0,
        "nPrecioTotal": 73.0,
        "_currency": "$",
        "_source_line": 38,
        "_auto_extracted": true
      },
      {
        "nCantidad": 1.0,
        "tDescripcion": "Total China SQR $",
        "nPrecioUnitario": 73.0,
        "nPrecioTotal": 73.0,
        "_currency": "USD",
        "_source_line": 38,
        "_auto_extracted": true
      },
      {
        "nCantidad": 1.0,
        "tDescripcion": "11 26607-220-YZA-PV00-4A001 26607-214 26607-220-YQA-PV00-4A001 China SQR Taxi ¥ ¥",
        "nPrecioUnitario": 62.0,
        "nPrecioTotal": 62.0,
        "_currency": "$",
        "_source_line": 18,
        "_auto_extracted": true
      },
      {
        "nCantidad": 1.0,
        "tDescripcion": "11 26607-220-YZA-PV00-4A001 26607-214 26607-220-YQA-PV00-4A001 China SQR Taxi ¥ ¥ $",
        "nPrecioUnitario": 62.0,
        "nPrecioTotal": 62.0,
        "_currency": "USD",
        "_source_line": 18,
        "_auto_extracted": true
      },
      {
        "nCantidad": 1.0,
        "tDescripcion": "12 26607-220-YZA-PV00-4A001 26607-214 26607-220-YQA-PV00-4A001 China SQR Taxi+Train ¥ .",
        "nPrecioUnitario": 54.0,
        "nPrecioTotal": 54.0,
        "_currency": "USD",
        "_source_line": 19,
        "_auto_extracted": true
      },
      {
        "nCantidad": 1.0,
        "tDescripcion": "12 26607-220-YZA-PV00-4A001 26607-214 26607-220-YQA-PV00-4A001 China SQR Taxi+Train ¥",
        "nPrecioUnitario": 49.0,
        "nPrecioTotal": 49.0,
        "_currency": "$",
        "_source_line": 19,
        "_auto_extracted": true
      },
      {
        "nCantidad": 1.0,
        "tDescripcion": "12 26607-220-YZA-PV00-4A001 26607-214 26607-220-YQA-PV00-4A001 China SQR Taxi+Train ¥ $",
        "nPrecioUnitario": 49.0,
        "nPrecioTotal": 49.0,
        "_currency": "USD",
        "_source_line": 19,
        "_auto_extracted": true
      },
      {
        "nCantidad": 1.0,
        "tDescripcion": "11 26607-220-YZA-PV00-4A001 26607-214 26607-220-YQA-PV00-4A001 China SQR Taxi ¥ ¥ .",
        "nPrecioUnitario": 46.0,
        "nPrecioTotal": 46.0,
        "_currency": "USD",
        "_source_line": 18,
        "_auto_extracted": true
      },
      {
        "nCantidad": 1.0,
        "tDescripcion": "Total China SQR",
        "nPrecioUnitario": 38.46,
        "nPrecioTotal": 38.46,
        "_currency": "$",
        "_source_line": 38,
        "_auto_extracted": true
      },
      {
        "nCantidad": 1.0,
        "tDescripcion": "Total China SQR  $",
        "nPrecioUnitario": 38.46,
        "nPrecioTotal": 38.46,
        "_currency": "USD",
        "_source_line": 38,
        "_auto_extracted": true
      },
      {
        "nCantidad": 1.0,
        "tDescripcion": "Total China SQR",
        "nPrecioUnitario": 38.0,
        "nPrecioTotal": 38.0,
        "_currency": "$",
        "_source_line": 38,
        "_auto_extracted": true
      },
      {
        "nCantidad": 1.0,
        "tDescripcion": "Total China SQR  $",
        "nPrecioUnitario": 38.0,
        "nPrecioTotal": 38.0,
        "_currency": "USD",
        "_source_line": 38,
        "_auto_extracted": true
      },
      {
        "nCantidad": 1.0,
        "tDescripcion": "12 26607-220-YZA-PV00-4A001 26607-214 26607-220-YQA-PV00-4A001 China SQR Taxi+Train ¥",
        "nPrecioUnitario": 12.0,
        "nPrecioTotal": 12.0,
        "_currency": "USD",
        "_source_line": 19,
        "_auto_extracted": true
      },
      {
        "nCantidad": 1.0,
        "tDescripcion": "11 26607-220-YZA-PV00-4A001 26607-214 26607-220-YQA-PV00-4A001 China SQR Taxi ¥ ¥",
        "nPrecioUnitario": 11.0,
        "nPrecioTotal": 11.0,
        "_currency": "USD",
        "_source_line": 18,
        "_auto_extracted": true
      },
      {
        "nCantidad": 1.0,
        "tDescripcion": "CURRENCY EXCHANGE RATE: 1USD=",
        "nPrecioUnitario": 6.0,
        "nPrecioTotal": 6.0,
        "_currency": "USD",
        "_source_line": 40,
        "_auto_extracted": true
      }
    ],
    "midioma": [
      {
        "iMIdioma": 5,
        "tIdioma": "Chino"
      }
    ],
    "mdocumento_tipo": [
      {
        "iMDocumentoTipo": 1,
        "tTipo": "Comprobante"
      }
    ],
    "mdivisa": [
      {
        "tDivisa": "USD"
      },
      {
        "tDivisa": "CNY"
      }
    ],
    "mnaturaleza": [
      {
        "tNaturaleza": "Otro"
      }
    ],
    "mproveedor": [
      {
        "tRazonSocial": "BSQE\nBS"
      }
    ],
    "mresumen": [],
    "mjornada": [],
    "mjornada_empleado": [],
    "marchivo_tipo": [],
    "munidad_medida": []
  }
}