{
  "metadata": {
    "version": "1.0.0",
    "parser": "ExtractorOCR",
    "extraction_date": "2025-11-18T14:22:58.292554",
    "type": "structured",
    "email": "mariadelosangeles.abanto@newmont.com",
    "year": 2025,
    "month": "Octubre",
    "request_id": "eada6176-0aa0-4362-b8ab-f4f1b641fff8",
    "processed_at": "2025-11-18T14:25:11.827917",
    "api_version": "1.0.0",
    "periodo_id": "string"
  },
  "hoja": {
    "tJson": "IN-SH-5801-25P76K\nBSQE\nBS0004\n电子发票(普通发票)\n发票号码:25132000000098175958\n开票日期:2025年06月10日\n购买方信息\n名称:通标标准技术服务有限公司\n河北省税务局\n数量\n统一社会信用代码/纳税人识别号:91110108625907462B\n项目名称 规格型号 单位\n*住宿服务*住宿服务 天\n销售方信息\n名称:保定宁祥住宿有限公司\n下载次数:1\n税額\n1.01\n统一社会信用代码/纳税人识别号:91130602MA7M22356x\n单价\n1 100.990099009901\n金額税率/征收率\n100.99\n1%\n¥100.99\n¥1.01\n合计\n价税合计(大写)\n壹佰零贰圆整\n(小写)¥102.00\n备注\n开票人:刘占房\n电子发票(普通发票)\n发票号码:25132000000099704691\n开票日期:2025年06月12日\n购买方信息\n名称:通标标准技术服务有限公司\n河北省税务局\n数量\n销售方信息\n名称:保定市新市区君悦酒店\n下载次数:1\n税額\n1.97\n统一社会信用代码/纳税人识别号:91110108625907462B\n项目名称 规格型号 单位\n*住宿服务*住宿費 天\n统一社会信用代码/纳税人识别号:9113060206702623XD\n单价\n2 98.5148514851485\n金額税率/征收率\n197.03\n1%\n¥197.03\n¥1.97\n合计\n价税合计(大写)\n壹佰玖拾玖圆整\n(小写)¥199.00\n销售方地址:保定市竞秀区先锋街道办事处乐凯南大街121号: 电话:15130249999;\n销方开户银行:保定银行股份有限公司阳光支行: 银行账号:6062080120110100042821;\n收款人:王涛:复核人:王钊:\n备注\n开录人:赵晓明\nPage 1 of 2",
    "tJsonTraducido": null,
    "lFormato": false,
    "iMIdioma": 5,
    "iMDocumentoTipo": 99,
    "tSequentialNumber": "BS0004"
  },
  "additional_data": {
    "midioma": [
      {
        "iMIdioma": 5,
        "tIdioma": "Chino"
      }
    ],
    "mdocumento_tipo": [
      {
        "iMDocumentoTipo": 99,
        "tTipo": "Desconocido"
      }
    ],
    "mdivisa": [
      {
        "tDivisa": "CNY"
      }
    ],
    "mnaturaleza": [
      {
        "tNaturaleza": "Otro"
      }
    ],
    "mcomprobante_detalle": [
      {
        "nCantidad": 1.0,
        "tDescripcion": "(小写)¥",
        "nPrecioUnitario": 199.0,
        "nPrecioTotal": 199.0,
        "_currency": "USD",
        "_source_line": 59,
        "_auto_extracted": true
      },
      {
        "nCantidad": 1.0,
        "tDescripcion": "Valor monetario línea 52",
        "nPrecioUnitario": 197.03,
        "nPrecioTotal": 197.03,
        "_currency": "USD",
        "_source_line": 52,
        "_auto_extracted": true
      },
      {
        "nCantidad": 1.0,
        "tDescripcion": "(小写)¥",
        "nPrecioUnitario": 102.0,
        "nPrecioTotal": 102.0,
        "_currency": "USD",
        "_source_line": 30,
        "_auto_extracted": true
      },
      {
        "nCantidad": 1.0,
        "tDescripcion": "Valor monetario línea 23",
        "nPrecioUnitario": 100.99,
        "nPrecioTotal": 100.99,
        "_currency": "USD",
        "_source_line": 23,
        "_auto_extracted": true
      }
    ],
    "mresumen": [],
    "mcomprobante": [],
    "mjornada": [],
    "mjornada_empleado": [],
    "mproveedor": [],
    "marchivo_tipo": [],
    "munidad_medida": []
  }
}