{
  "metadata": {
    "version": "1.0.0",
    "parser": "ExtractorOCR",
    "extraction_date": "2025-11-18T14:23:00.146349",
    "type": "structured",
    "email": "mariadelosangeles.abanto@newmont.com",
    "year": 2025,
    "month": "Octubre",
    "request_id": "eada6176-0aa0-4362-b8ab-f4f1b641fff8",
    "processed_at": "2025-11-18T14:25:11.827917",
    "api_version": "1.0.0",
    "periodo_id": "string"
  },
  "hoja": {
    "tJson": "BSQE\nBS0004\n存根\n存根\n存根\n存根\n江苏通用机打发票 江苏通用机打发票 江苏通用机打发票 江苏通用机打发票\n国家税务局\n发票联\n132022281210\n11894667\n发票联\n132022281210\n11141668\n国家税务总局\n发票联\n132022281210\n11145953\n发票联\n132022281210\n07963591\n根\n南通5月3万100000-1000000\n江苏通用机打发票\n发票联\n代码132052281211\n号码11319305\n根\n南港現代年山月3万17-10\n江苏通用机打发票\n发票联\n代码132052181211\n号码:09401463\n手写无效\n运营监督电话:(0510) 12328\n税务举报电话:(0510) 12366\n车号\n证号\nB-2T687+\n16209231\n日期 2025年06月06日\n上车(K0900)08:53\n下车\n单价\n里程\n等候\n金额\n※店 发票专用章\n余额\n10:11\n2.85元\n50.9km\n00:11.22\n+0.00元\n149.00元\n无锡双龙2022.04(1000001-2000万\n手写无数\n运营监督电话:(0510) 12328\n税务举报电话:(0510) 12366\n车号\n证号\n日期\n上车\n下车\n单价\n里程\n等候\n金额\nB-6T120\n19863917\n2025-06-06\n13:12\n14:27\n2.85元\n51.3km\n00:07.54\n0.00元\n手写无效\n运管监督电话:(0510) 12328\n税务举报电话:(0510) 12366\n车号\n证号\nB2T832\n13373867\n日期 2025年06月17日\n无上车(K0630)08:13\n效下车\n单价\n里程\n等候\n金额\n耐地税して149.00元 防文学专用章\n余额\n光陽克2022043000000-2000000010万\n09:31\n2.85元\n50.4km\n00:11.46\n+0.00元\n148.00元\n余额\n无双龙2022.04(1000001-20000000010万\n手写无效\n运管监督电话:(0510) 12328\n税务举报电话:(0510) 12366\n车号\n证号\n日期\n上车\nB-5T909\n29101573\n2025-06-17\n16:32\n手写无效\n发务专用章\n335461167561 T\n年号 E-7YA29 E\n工号\n日2025-06-24 6\n227676 L\n0730)08:13 8\n09:27 2\n下车\n起租价 10.00元 1\n407309513427 T\n手本号 E-4EQ12 E\n写工号\n084493 L\n无日2025-06-24 6\n100930)17:01 2\n效\n下车\n18:15 3\n起租价 10.00元 8\n3.00元 3\n单价\n47.2km 0\n里程\n等候 00:12:27 8\n17:48\n单价\n2.85元\n里程\n里程\n51.2km\n00:08.43\n(F5元)\n149元 9\n卡号\n0.00元\n原級\n金额\n3.00元 5\n47.5km 7\n等候 00:11:48 6\n(FJAB元) 149元 2\n卡号\n原編\n效下车\n单价\n等候\n市場租汽\n金額\n果专用章\n余額\n149.00元\n无锡双龙2022.0200000001-100000)10万\n金級\nPage 3 of 3",
    "tJsonTraducido": null,
    "lFormato": false,
    "iMIdioma": 5,
    "iMDocumentoTipo": 99,
    "tSequentialNumber": "BS0004"
  },
  "additional_data": {
    "midioma": [
      {
        "iMIdioma": 5,
        "tIdioma": "Chino"
      }
    ],
    "mdocumento_tipo": [
      {
        "iMDocumentoTipo": 99,
        "tTipo": "Desconocido"
      }
    ],
    "mdivisa": [
      {
        "tDivisa": "CNY"
      }
    ],
    "mnaturaleza": [
      {
        "tNaturaleza": "Otro"
      }
    ],
    "mcomprobante_detalle": [
      {
        "nCantidad": 1.0,
        "tDescripcion": "00:",
        "nPrecioUnitario": 11.46,
        "nPrecioTotal": 11.46,
        "_currency": "USD",
        "_source_line": 98,
        "_auto_extracted": true
      },
      {
        "nCantidad": 1.0,
        "tDescripcion": "00:",
        "nPrecioUnitario": 11.22,
        "nPrecioTotal": 11.22,
        "_currency": "USD",
        "_source_line": 53,
        "_auto_extracted": true
      },
      {
        "nCantidad": 1.0,
        "tDescripcion": "00:",
        "nPrecioUnitario": 8.43,
        "nPrecioTotal": 8.43,
        "_currency": "USD",
        "_source_line": 146,
        "_auto_extracted": true
      },
      {
        "nCantidad": 1.0,
        "tDescripcion": "00:",
        "nPrecioUnitario": 7.54,
        "nPrecioTotal": 7.54,
        "_currency": "USD",
        "_source_line": 76,
        "_auto_extracted": true
      }
    ],
    "mresumen": [],
    "mcomprobante": [],
    "mjornada": [],
    "mjornada_empleado": [],
    "mproveedor": [],
    "marchivo_tipo": [],
    "munidad_medida": []
  }
}