{
  "metadata": {
    "version": "1.0.0",
    "parser": "ExtractorOCR",
    "extraction_date": "2025-11-18T14:24:53.488813",
    "type": "structured",
    "email": "mariadelosangeles.abanto@newmont.com",
    "year": 2025,
    "month": "Octubre",
    "request_id": "eada6176-0aa0-4362-b8ab-f4f1b641fff8",
    "processed_at": "2025-11-18T14:25:11.827917",
    "api_version": "1.0.0",
    "periodo_id": "string"
  },
  "hoja": {
    "tJson": "Google 1st St S 1st St S Map data ©2025\nOTEM\nOE0001\nAIR LINE TAXI\nLast Location\nMasterCard 9743 (Swipe) May 28\nFANNY FLORES F 2025\nat\n10:11\nPM\n#hmdd\nAuth\ncode:\n378343\nReceipt Settings\nNot your receipt?\nTurn off automatic receipts\nManage preferences\n© 2025 Square Privacy Policy\n1955 Broadway, Suite 600\nOakland, CA 94612\n2",
    "tJsonTraducido": null,
    "lFormato": false,
    "iMIdioma": 2,
    "iMDocumentoTipo": 99,
    "tSequentialNumber": "OE0001"
  },
  "additional_data": {
    "midioma": [
      {
        "iMIdioma": 2,
        "tIdioma": "Inglés"
      }
    ],
    "mdocumento_tipo": [
      {
        "iMDocumentoTipo": 99,
        "tTipo": "Desconocido"
      }
    ],
    "mnaturaleza": [
      {
        "tNaturaleza": "Otro"
      }
    ],
    "mproveedor": [
      {
        "tRazonSocial": "AIR LINE TAXI"
      }
    ],
    "mresumen": [],
    "mcomprobante": [],
    "mcomprobante_detalle": [],
    "mjornada": [],
    "mjornada_empleado": [],
    "marchivo_tipo": [],
    "mdivisa": [],
    "munidad_medida": []
  }
}