{
  "metadata": {
    "version": "1.0.0",
    "parser": "ExtractorOCR",
    "extraction_date": "2025-11-18T14:21:15.434558",
    "type": "structured",
    "email": "mariadelosangeles.abanto@newmont.com",
    "year": 2025,
    "month": "Octubre",
    "request_id": "eada6176-0aa0-4362-b8ab-f4f1b641fff8",
    "processed_at": "2025-11-18T14:25:11.827917",
    "api_version": "1.0.0",
    "periodo_id": "string"
  },
  "hoja": {
    "tJson": "BSQE\nBS0003\nM/S\nMEL\n日期\nDATE/TARIKH : 21.6.2025\n號碼 摘要 數量 價目 銀額\nNO PARTICULARS QUANTITY UNIT PRICE AMOUNT\nBUTIR-BUTIR KUANTITI HARGA JUMLAH\n1\n2 18.10\n3\n4\n5\n6\n7\n8\n9\n10 USD 4.40\n號碼\nNO. 53749\n货物出门,恕不退换。\nGoods sold are not returnable.\nBarang yang sudah dijual\ntidak boleh dikembalikan.\n總計\nTOTAL 18 10\nJUMLAH\nReceived by / Diterima oleh /收貨人 Signature/Tandatangan/經手人",
    "tJsonTraducido": null,
    "lFormato": false,
    "iMIdioma": 5,
    "iMDocumentoTipo": 1,
    "tSequentialNumber": "BS0003"
  },
  "additional_data": {
    "mcomprobante": [
      {
        "_stamp_name": "BSQE",
        "_sequential_number": "BS0003",
        "tNumero": "53749",
        "tSerie": null,
        "nPrecioTotal": 18.0,
        "tCliente": null
      }
    ],
    "mcomprobante_detalle": [
      {
        "nCantidad": 1.0,
        "tDescripcion": "Item 10 (USD)",
        "nPrecioUnitario": 4.4,
        "nPrecioTotal": 4.4
      },
      {
        "nCantidad": 1.0,
        "tDescripcion": "2 18.10",
        "nPrecioUnitario": 18.1,
        "nPrecioTotal": 18.1
      },
      {
        "nCantidad": 1.0,
        "tDescripcion": "USD 4.40",
        "nPrecioUnitario": 4.4,
        "nPrecioTotal": 4.4
      },
      {
        "nCantidad": 1.0,
        "tDescripcion": "TOTAL",
        "nPrecioUnitario": 18.0,
        "nPrecioTotal": 18.0,
        "_currency": "USD",
        "_source_line": 27,
        "_auto_extracted": true
      },
      {
        "nCantidad": 1.0,
        "tDescripcion": "TOTAL 18",
        "nPrecioUnitario": 10.0,
        "nPrecioTotal": 10.0,
        "_currency": "USD",
        "_source_line": 27,
        "_auto_extracted": true
      }
    ],
    "midioma": [
      {
        "iMIdioma": 5,
        "tIdioma": "Chino"
      }
    ],
    "mdocumento_tipo": [
      {
        "iMDocumentoTipo": 1,
        "tTipo": "Comprobante"
      }
    ],
    "mdivisa": [
      {
        "tDivisa": "USD"
      }
    ],
    "mnaturaleza": [
      {
        "tNaturaleza": "Otro"
      }
    ],
    "mproveedor": [
      {
        "tRazonSocial": "NO PARTICULARS QUANTITY UNIT PRICE AMOUNT"
      }
    ],
    "mresumen": [],
    "mjornada": [],
    "mjornada_empleado": [],
    "marchivo_tipo": [],
    "munidad_medida": []
  }
}