{
  "metadata": {
    "version": "1.0.0",
    "parser": "ExtractorOCR",
    "extraction_date": "2025-11-18T14:22:50.305583",
    "type": "structured",
    "email": "mariadelosangeles.abanto@newmont.com",
    "year": 2025,
    "month": "Octubre",
    "request_id": "eada6176-0aa0-4362-b8ab-f4f1b641fff8",
    "processed_at": "2025-11-18T14:25:11.827917",
    "api_version": "1.0.0",
    "periodo_id": "string"
  },
  "hoja": {
    "tJson": "BSQE\nBS0004\nIN-SH-5801-25P41K\n发票代码: 1321222381210 发票代码: 1321222381210 发票代码: 1321222381210 发票代码: 1321222381210 发票代码: 1321222381210\n发票号码: 00194209 发票号码: 00122969 发票号码: 01217162 发票号码: 04409180 发票号码: 02789662\n手写无效 手写无效 手写无效 手写无效 手写无效\n单位:1310023606706 单位:672509502604 单位:672509199887 单位:672509502646 单位:672509141358\n电话: 9131010672256163 电话: 86965088 电话: 86965088 电话: 86965088 电话: 86965988\n监督电话:65392619 车号: M-57172 车号: M-64362 车号: M-34709 车号: M-18624\n地址: 65392619 江苏 证书: 3210265383 证书: 3210296145 证书: 3210284428 证书: 3210294867\n日期: 2025-06-17 日期: 2025-06-09 日期: 2025-06-11 日期: 2025-06-03 日期: 2025-06-03\n车号 ADS8172 上车: 08:00 上车: 07:55 上车: 17:25 上车: 17:25\n证号 034374 下车: 08:32 下车: 08:28 下车: 17:49 下车: 17:59\n日期 2025-06-25 单价: 3.00元 单价: 3.00元 单价: 3.00元 单价: 3.00元\n无 上车: <K00970>06:01 里程: 22.0km 里程: 21.6km 里程: 30.9km 里程: 21.6km\n效 下车: 07:16 等候: 等候: 等候: 等候:\n单价: 4.10元 金额: 68.00元 金额: 68.00元 金额: 126.00元 金额: 68.00元\n里程: 54.4km 合电调整: 0元 合电调整: 0元 合电调整: 0元 合电调整: 0.00元\n等候: 00:12.27 燃油附加费: 0元 燃油附加费: 0元 燃油附加费: 0元\n金额: 138.00元 余额: 余额: 余额:\n合电调整: 0元\n燃油附加费: 0元\n余额:\n6.3 138. 6.3 126. 6.3 68. 6.5 68.\n发票代码: 1321222381210 发票代码: 1321222381210 发票代码: 1321222381210 发票代码: 1321222381210 发票代码: 1321222381210\n发票号码: 01310078 发票号码: 04032485 发票号码: 02267466 发票号码: 00627669 发票号码: 0061965\n手写无效 手写无效 手写无效 手写无效 手写无效\n单位:672509236033 单位:670397646373 单位:672509236033 单位:670397625325 单位:672509225094\n电话: 86299669 电话: 88206596 电话: 86299669 电话: 86965988 电话: 86965088\n车号: M-43281 车号: M-78328 车号: M-41184 车号: M-86624 车号: M-37482\n证书: 3210301629 证书: 3210272170 证书: 3210251396 证书: 3210252400 证书: 3210265782\n日期: 2025-06-20 日期: 2025-06-13 日期: 2025-06-16 日期: 2025-06-06 日期: 2025-06-05\n上车: 07:43 上车: 08:17 上车: 07:44 上车: 07:45 上车: 08:38\n下车: 08:16 下车: 08:17 下车: 08:20 下车: 08:19 下车: 09:34\n单价: 3.00元 单价: 3.00元 单价: 3.00元 单价: 3.00元 单价: 3.00元\n里程: 21.6km 里程: 22.3km 里程: 20.4km 里程: 21.7km 里程: 41.1km\n等候: 00:08.02 等候: 00:06:48 等候: 00:12:01 等候: 等候:\n金额: 68.00元 金额: 69.00元 金额: 67.00元 金额: 68.00元 金额: 127.31元\n合电调整: 0元 合电调整: 0元 合电调整: 0元 合电调整: 0元 合电调整: 0元\n燃油附加费: 0元 燃油附加费: 0元 燃油附加费: 0元 燃油附加费: 0元 燃油附加费: 0元\n余额: 余额: 余额: 余额: 余额:\n6.22 68.00元 6.13 69.00元 6.67 67.00元 5.6 68. 6.12 127.31\n发票代码: 1321222381210 发票代码: 1321222381210 发票代码: 1321222381210 发票代码: 1321222381210 发票代码: 1321222381210\n发票号码: 04213529 发票号码: 02172962 发票号码: 01000281 发票号码: 04032485 发票号码: 02267466\n手写无效 手写无效 手写无效 手写无效 手写无效\n单位:672509178340 单位:672509264680 单位:670397659314 单位:670397646373 单位:672509236033\n电话: 86299669 电话: 86965088 电话: 88206596 电话: 88206596 电话: 86299669\n车号: M-35685 车号: M-16517 车号: M-59694 车号: M-78328 车号: M-41184\n证书: 3210265562 证书: 3210294182 证书: 3210301629 证书: 3210272170 证书: 3210251396\n日期: 2025-06-15 日期: 2025-06-20 日期: 2025-06-11 日期: 2025-06-13 日期: 2025-06-16\n上车: 07:32 上车: 07:48 上车: 07:13 上车: 08:17 上车: 07:44\n下车: 08:03 下车: 08:19 下车: 07:38 下车: 08:17 下车: 08:20\n单价: 3.00元 单价: 3.00元 单价: 3.00元 单价: 3.00元 单价: 3.00元\n里程: 21.0km 里程: 19.9km 里程: 21.8km 里程: 22.3km 里程: 20.4km\n等候: 等候: 等候: 00:06:48 等候: 00:12:01\n金额: 65.00元 金额: 66.00元 金额: 68.00元 金额: 69.00元 金额: 67.00元\n合电调整: 0元 合电调整: 0元 合电调整: 0元 合电调整: 0元 合电调整: 0元\n燃油附加费: 0元 燃油附加费: 0元 燃油附加费: 0元 燃油附加费: 0元 燃油附加费: 0元\n余额: 余额: 余额: 余额: 余额:\n6.19 65. 6.22 66. 6.10 68. 6.13 69.00元 6.67 67.00元\n发票代码: 1321222381210 发票代码: 1321222381210 发票代码: 1321222381210 发票代码: 1321222381210 发票代码: 1321222381210\n发票号码: 00092210 发票号码: 00101578 发票号码: 04149481 发票号码: 02639329 发票号码: 00594965\n手写无效 手写无效 手写无效 手写无效 手写无效\n单位:1310023606706 单位:703976437768 单位:672509846780 单位:703976777500 单位:672509522318\n电话: 9131010672256163 电话: 88206596 电话: 86299669 电话: 88206596 电话: 86965988\n监督电话:65392619 车号: M-73035 车号: M-65349 车号: M-73838 车号: M-56248\n地址: 65392619 江苏 证书: 3210272584 证书: 3210301728 证书: 3210262827 证书: 3210256195\n日期: 2025-06-25 日期: 2025-06-26 日期: 2025-06-27 日期: 2025-06-28\n车号 ADS8172 上车: 08:56 上车: 17:48 上车: 07:39 上车: 17:52\n证号 034374 下车: 09:52 下车: 18:23 下车: 08:15 下车: 18:09\n日期 2025-06-25 单价: 3.00元 单价: 3.00元 单价: 3.00元 单价: 3.00元\n无 上车: <K00970>06:23 里程: 42.0km 里程: 19.8km 里程: 19.6km 里程: 18.8km\n效 下车: 07:16 等候: 00:06:41 等候: 00:12.35 等候: 00:13.04 等候: 00:15:01\n单价: 4.10元 金额: 128.00元 金额: 65.00元 金额: 65.00元 金额: 64.00元\n里程: 33.9km 合电调整: 0元 合电调整: 0元 合电调整: 0元 合电调整: 0元\n等候: 00:11.59 燃油附加费: 0.00元 燃油附加费: 0元 燃油附加费: 0元 燃油附加费: 0元\n金额: 135.00元 余额: 余额: 余额: 余额:\n合电调整: 0元\n燃油附加费: 0元\n余额:\n6.25 135. 6.25 128.00元 6.26 65.00元 6.27 65.00元 6.28 64.00元\nPage 1 of 2",
    "tJsonTraducido": null,
    "lFormato": false,
    "iMIdioma": 5,
    "iMDocumentoTipo": 99,
    "tSequentialNumber": "BS0004"
  },
  "additional_data": {
    "midioma": [
      {
        "iMIdioma": 5,
        "tIdioma": "Chino"
      }
    ],
    "mdocumento_tipo": [
      {
        "iMDocumentoTipo": 99,
        "tTipo": "Desconocido"
      }
    ],
    "mdivisa": [
      {
        "tDivisa": "CNY"
      }
    ],
    "mnaturaleza": [
      {
        "tNaturaleza": "Otro"
      }
    ],
    "mcomprobante_detalle": [
      {
        "nCantidad": 1.0,
        "tDescripcion": "6.22 68.00元 6.13 69.00元 6.67 67.00元 5.6 68. 6.12",
        "nPrecioUnitario": 127.31,
        "nPrecioTotal": 127.31,
        "_currency": "USD",
        "_source_line": 42,
        "_auto_extracted": true
      },
      {
        "nCantidad": 1.0,
        "tDescripcion": "效 下车: 07:16 等候: 00:06:41 等候: 00: 等候: 00:",
        "nPrecioUnitario": 13.04,
        "nPrecioTotal": 13.04,
        "_currency": "USD",
        "_source_line": 73,
        "_auto_extracted": true
      },
      {
        "nCantidad": 1.0,
        "tDescripcion": "效 下车: 07:16 等候: 00:06:41 等候: 00:",
        "nPrecioUnitario": 12.35,
        "nPrecioTotal": 12.35,
        "_currency": "USD",
        "_source_line": 73,
        "_auto_extracted": true
      },
      {
        "nCantidad": 1.0,
        "tDescripcion": "等候: 00:",
        "nPrecioUnitario": 12.27,
        "nPrecioTotal": 12.27,
        "_currency": "USD",
        "_source_line": 19,
        "_auto_extracted": true
      },
      {
        "nCantidad": 1.0,
        "tDescripcion": "等候: 00:",
        "nPrecioUnitario": 11.59,
        "nPrecioTotal": 11.59,
        "_currency": "USD",
        "_source_line": 76,
        "_auto_extracted": true
      },
      {
        "nCantidad": 1.0,
        "tDescripcion": "等候: 00:",
        "nPrecioUnitario": 8.02,
        "nPrecioTotal": 8.02,
        "_currency": "USD",
        "_source_line": 37,
        "_auto_extracted": true
      }
    ],
    "mresumen": [],
    "mcomprobante": [],
    "mjornada": [],
    "mjornada_empleado": [],
    "mproveedor": [],
    "marchivo_tipo": [],
    "munidad_medida": []
  }
}