{
  "metadata": {
    "version": "1.0.0",
    "parser": "ExtractorOCR",
    "extraction_date": "2025-11-18T14:21:32.253698",
    "type": "structured",
    "email": "mariadelosangeles.abanto@newmont.com",
    "year": 2025,
    "month": "Octubre",
    "request_id": "eada6176-0aa0-4362-b8ab-f4f1b641fff8",
    "processed_at": "2025-11-18T14:25:11.827917",
    "api_version": "1.0.0",
    "periodo_id": "string"
  },
  "hoja": {
    "tJson": "BSQE\nBS0003\nмен\nM/S\n日期\nDate:\nNo 29.6.2025\nNO 摘要 PATICULARS 数量 QUANTITY 价格 UNIT PRICE 银额 AMOUNT\nBUTIR-BUTIR KUANTITI HARGA NILAI\n1 25.50\n2\n3\n4\n5\n6\n7\n8\n9\n10 4806.20\n11\n货物出门,恕不退换 TOTAL/总额 25.50\nGood sold are not returnable/Barang yang dijual tidak boleh dikembalikan JUMLAH\nReceived by /Terima Oleh /收货人 Signature/Tandatangan/经手人",
    "tJsonTraducido": null,
    "lFormato": false,
    "iMIdioma": 5,
    "iMDocumentoTipo": 1,
    "tSequentialNumber": "BS0003"
  },
  "additional_data": {
    "mcomprobante": [
      {
        "_stamp_name": "BSQE",
        "_sequential_number": "BS0003",
        "tNumero": null,
        "tSerie": null,
        "tCliente": null
      }
    ],
    "mcomprobante_detalle": [
      {
        "nCantidad": 1.0,
        "tDescripcion": "4806.20",
        "nPrecioUnitario": 25.5,
        "nPrecioTotal": 25.5
      },
      {
        "nCantidad": 1.0,
        "tDescripcion": "10",
        "nPrecioUnitario": 4806.2,
        "nPrecioTotal": 4806.2,
        "_currency": "USD",
        "_source_line": 19,
        "_auto_extracted": true
      },
      {
        "nCantidad": 1.0,
        "tDescripcion": "货物出门,恕不退换 TOTAL/总额 25.",
        "nPrecioUnitario": 50.0,
        "nPrecioTotal": 50.0,
        "_currency": "USD",
        "_source_line": 21,
        "_auto_extracted": true
      },
      {
        "nCantidad": 1.0,
        "tDescripcion": "货物出门,恕不退换 TOTAL/总额",
        "nPrecioUnitario": 25.0,
        "nPrecioTotal": 25.0,
        "_currency": "USD",
        "_source_line": 21,
        "_auto_extracted": true
      }
    ],
    "midioma": [
      {
        "iMIdioma": 5,
        "tIdioma": "Chino"
      }
    ],
    "mdocumento_tipo": [
      {
        "iMDocumentoTipo": 1,
        "tTipo": "Comprobante"
      }
    ],
    "mnaturaleza": [
      {
        "tNaturaleza": "Otro"
      }
    ],
    "mresumen": [],
    "mjornada": [],
    "mjornada_empleado": [],
    "mproveedor": [],
    "marchivo_tipo": [],
    "mdivisa": [],
    "munidad_medida": []
  }
}