{
  "metadata": {
    "version": "1.0.0",
    "parser": "ExtractorOCR",
    "extraction_date": "2025-11-18T14:21:48.007423",
    "type": "structured",
    "email": "mariadelosangeles.abanto@newmont.com",
    "year": 2025,
    "month": "Octubre",
    "request_id": "eada6176-0aa0-4362-b8ab-f4f1b641fff8",
    "processed_at": "2025-11-18T14:25:11.827917",
    "api_version": "1.0.0",
    "periodo_id": "string"
  },
  "hoja": {
    "tJson": "BSQE\nBS0004\nSinghal, Vipul\nFrom: Xia, Angel (Shanghai) <Angel.Xia@sgs.com>\nSent: Thursday, July 10, 2025 8:30 AM\nTo: Bechtel Accounts Payable Invoices; Robinson, Kathy; Semien, Alejandro; AP Support -\nBSQE\nCc: Ma, Guang Quan; Mondshine, Nikki; Prioli, Gregory; Jin, Cindy-JL (Shanghai); Yang, Sky\n(Shanghai)\nSubject: SGS Invoice in June. 2025\nAttachments: Summary SGS China_Jun 2025 - Labor.pdf; Summary SGS China_Jun 2025 - Labor.xls;\nSummary SGS China_Jun 2025 - Travel.pdf; Summary SGS China_Jun 2025 - Travel.xls;\nSummary SGS China_Jun 2025.xls\nThis Email Originated Outside of Bechtel\nCaution: Do not click links or open attachments unless you recognize the sender and know the content is safe.\nDear Sir/Madam,\nHope all is well.\nPls kindly check and confirm the attached invoice in Jun. 2025 for your payment arrangement.\nAny comments, please let me know.\nThanks.\nBest Regards,\nAngel Xia\nIndustries Service\nSGS-CSTC Standards Technical Services(Shanghai) Co., Ltd.\nThe 9th building, No.69 KangQiao Industrial Park, Lane 1159, East KangQiao Road, Pudong District, Shanghai, China\n上海市浦东新区康桥东路1159弄69号9号楼\nOffice: 86 (21) 6119 1719\nMobile: 86 13817498775\nFax: 86 (21) 6818 3906\nEmail: Angel.xia@sgs.com\nWebsite: www.cn.sgs.com\nInformation in this email and any attachments is confidential and intended solely for the\nuse of the individual(s) to whom it is addressed or otherwise directed. Please note that\nany views or opinions presented in this email are solely those of the author and do not\nnecessarily represent those of the Company. Finally, the recipient should check this email\nand any attachments for the presence of viruses. The Company accepts no liability for any\ndamage caused by any virus transmitted by this email. All SGS services are rendered in\naccordance with the applicable SGS conditions of service available on request and\naccessible at https://www.sgs.com/en/terms-and-conditions\n1",
    "tJsonTraducido": null,
    "lFormato": false,
    "iMIdioma": 5,
    "iMDocumentoTipo": 1,
    "tSequentialNumber": "BS0004"
  },
  "additional_data": {
    "mcomprobante": [
      {
        "_stamp_name": "BSQE",
        "_sequential_number": "BS0004",
        "tNumero": "in",
        "tSerie": null,
        "tCliente": null,
        "nPrecioTotal": 1188304894650.0
      }
    ],
    "mcomprobante_detalle": [
      {
        "nCantidad": 86.0,
        "tDescripcion": "Mobile:",
        "nPrecioUnitario": 13817498775.0,
        "nPrecioTotal": 1188304894650.0
      }
    ],
    "midioma": [
      {
        "iMIdioma": 5,
        "tIdioma": "Chino"
      }
    ],
    "mdocumento_tipo": [
      {
        "iMDocumentoTipo": 1,
        "tTipo": "Comprobante"
      }
    ],
    "mnaturaleza": [
      {
        "tNaturaleza": "Otro"
      }
    ],
    "mproveedor": [
      {
        "tRazonSocial": "hanks.\nBest Regards"
      }
    ],
    "mresumen": [],
    "mjornada": [],
    "mjornada_empleado": [],
    "marchivo_tipo": [],
    "mdivisa": [],
    "munidad_medida": []
  }
}