{
  "metadata": {
    "version": "1.0.0",
    "parser": "ExtractorOCR",
    "extraction_date": "2025-11-18T14:22:55.791576",
    "type": "structured",
    "email": "mariadelosangeles.abanto@newmont.com",
    "year": 2025,
    "month": "Octubre",
    "request_id": "eada6176-0aa0-4362-b8ab-f4f1b641fff8",
    "processed_at": "2025-11-18T14:25:11.827917",
    "api_version": "1.0.0",
    "periodo_id": "string"
  },
  "hoja": {
    "tJson": "BSQE\nBS0004\nSGS-CSTC Standards Technical Service., Ltd. Shanghai Branch\nProject Monthly Expense\nMonth: Jun-25\nSQR/AEX:Muva Yang\nTransportation (USD)\nDate Assignment No. Charge No. Report No. Country Type of Activity Type Kilometer Amount Hotel (USD) Total (USD)\n1\n2\n3\n4\n5\n6\n7\n8\n9\n10 26251-140-150187-MCCR-YQ-AC 26251140 26251-140-150187-MCCR-YQ-AC-014 China SQR ¥102.00 $15.69\n11\n12 26251-140-150187-MCCR-YQ-AC 26251140 26251-140-150187-MCCR-YQ-AC-014 China SQR ¥199.00 $30.62\n13 26251-140-150187-MCCR-YQ-AC 26251140 26251-140-150187-MCCR-YQ-AC-014 China SQR ¥101.00 $15.54\n14\n15\n16\n17\n18\n19\n20\n21\n22\n23\n24\n25\n26\n27\n28\n29\n30\nTotal China SQR $0.00 $61.85 $61.85\n表格说明\nCURRENCY EXCHANGE RATE: 1USD=6.5RMB\nNIGHT SHIFT-7PM-7AM WILL BE CHARGED AT 1.5 TIMES UNIT RATE\nSATURDAYS WILL BE CHARGED AT 1.25 TIMES UNIT RATE\nSUNDAYS & PUBLIC HOLIDAYS WILL BE CHARGED AT 1.5 TIMES UNIT RATE\nUNIT RATE APPLIES TO ALL INSPECTION. TRAVEL AND REPORTING TIME\nUNIT RATE IS NET OF APPLICABLE LOCAL AND FEDERAL TAXES OF COUNTRY OF EXECUTION (E. G. VAT. ETC)\nMINIMUM CHARGE OF 5 HOURS APPLIES TO EACH EVENT (PER DATE AND SITE)",
    "tJsonTraducido": null,
    "lFormato": false,
    "iMIdioma": 5,
    "iMDocumentoTipo": 1,
    "tSequentialNumber": "BS0004"
  },
  "additional_data": {
    "mcomprobante": [
      {
        "_stamp_name": "BSQE",
        "_sequential_number": "BS0004",
        "tNumero": null,
        "tSerie": null,
        "nPrecioTotal": 1.0,
        "tCliente": null
      }
    ],
    "mcomprobante_detalle": [
      {
        "nCantidad": 1.0,
        "tDescripcion": "26251-140-150187-MCCR-YQ-AC 26251140 26251-140-150187-MCCR-YQ-AC-014 China SQR ¥102.00",
        "nPrecioUnitario": 15.69,
        "nPrecioTotal": 15.69
      },
      {
        "nCantidad": 1.0,
        "tDescripcion": "26251-140-150187-MCCR-YQ-AC 26251140 26251-140-150187-MCCR-YQ-AC-014 China SQR ¥199.00",
        "nPrecioUnitario": 30.62,
        "nPrecioTotal": 30.62
      },
      {
        "nCantidad": 1.0,
        "tDescripcion": "26251-140-150187-MCCR-YQ-AC 26251140 26251-140-150187-MCCR-YQ-AC-014 China SQR ¥101.00",
        "nPrecioUnitario": 15.54,
        "nPrecioTotal": 15.54
      },
      {
        "nCantidad": 1.0,
        "tDescripcion": "12 26251-140-150187-MCCR-YQ-AC 26251140 26251-140-150187-MCCR-YQ-AC-014 China SQR ¥",
        "nPrecioUnitario": 199.0,
        "nPrecioTotal": 199.0,
        "_currency": "USD",
        "_source_line": 20,
        "_auto_extracted": true
      },
      {
        "nCantidad": 1.0,
        "tDescripcion": "10 26251-140-150187-MCCR-YQ-AC 26251140 26251-140-150187-MCCR-YQ-AC-014 China SQR ¥",
        "nPrecioUnitario": 102.0,
        "nPrecioTotal": 102.0,
        "_currency": "USD",
        "_source_line": 18,
        "_auto_extracted": true
      },
      {
        "nCantidad": 1.0,
        "tDescripcion": "13 26251-140-150187-MCCR-YQ-AC 26251140 26251-140-150187-MCCR-YQ-AC-014 China SQR ¥",
        "nPrecioUnitario": 101.0,
        "nPrecioTotal": 101.0,
        "_currency": "USD",
        "_source_line": 21,
        "_auto_extracted": true
      },
      {
        "nCantidad": 1.0,
        "tDescripcion": "Total China SQR  .",
        "nPrecioUnitario": 85.0,
        "nPrecioTotal": 85.0,
        "_currency": "USD",
        "_source_line": 39,
        "_auto_extracted": true
      },
      {
        "nCantidad": 1.0,
        "tDescripcion": "10 26251-140-150187-MCCR-YQ-AC 26251140 26251-140-150187-MCCR-YQ-AC-014 China SQR ¥ .",
        "nPrecioUnitario": 69.0,
        "nPrecioTotal": 69.0,
        "_currency": "USD",
        "_source_line": 18,
        "_auto_extracted": true
      },
      {
        "nCantidad": 1.0,
        "tDescripcion": "12 26251-140-150187-MCCR-YQ-AC 26251140 26251-140-150187-MCCR-YQ-AC-014 China SQR ¥ .",
        "nPrecioUnitario": 62.0,
        "nPrecioTotal": 62.0,
        "_currency": "USD",
        "_source_line": 20,
        "_auto_extracted": true
      },
      {
        "nCantidad": 1.0,
        "tDescripcion": "Total China SQR",
        "nPrecioUnitario": 61.85,
        "nPrecioTotal": 61.85,
        "_currency": "$",
        "_source_line": 39,
        "_auto_extracted": true
      },
      {
        "nCantidad": 1.0,
        "tDescripcion": "Total China SQR  $",
        "nPrecioUnitario": 61.85,
        "nPrecioTotal": 61.85,
        "_currency": "USD",
        "_source_line": 39,
        "_auto_extracted": true
      },
      {
        "nCantidad": 1.0,
        "tDescripcion": "Total China SQR",
        "nPrecioUnitario": 61.0,
        "nPrecioTotal": 61.0,
        "_currency": "$",
        "_source_line": 39,
        "_auto_extracted": true
      },
      {
        "nCantidad": 1.0,
        "tDescripcion": "Total China SQR  $",
        "nPrecioUnitario": 61.0,
        "nPrecioTotal": 61.0,
        "_currency": "USD",
        "_source_line": 39,
        "_auto_extracted": true
      },
      {
        "nCantidad": 1.0,
        "tDescripcion": "13 26251-140-150187-MCCR-YQ-AC 26251140 26251-140-150187-MCCR-YQ-AC-014 China SQR ¥ .",
        "nPrecioUnitario": 54.0,
        "nPrecioTotal": 54.0,
        "_currency": "USD",
        "_source_line": 21,
        "_auto_extracted": true
      },
      {
        "nCantidad": 1.0,
        "tDescripcion": "12 26251-140-150187-MCCR-YQ-AC 26251140 26251-140-150187-MCCR-YQ-AC-014 China SQR ¥",
        "nPrecioUnitario": 30.0,
        "nPrecioTotal": 30.0,
        "_currency": "$",
        "_source_line": 20,
        "_auto_extracted": true
      },
      {
        "nCantidad": 1.0,
        "tDescripcion": "12 26251-140-150187-MCCR-YQ-AC 26251140 26251-140-150187-MCCR-YQ-AC-014 China SQR ¥ $",
        "nPrecioUnitario": 30.0,
        "nPrecioTotal": 30.0,
        "_currency": "USD",
        "_source_line": 20,
        "_auto_extracted": true
      },
      {
        "nCantidad": 1.0,
        "tDescripcion": "10 26251-140-150187-MCCR-YQ-AC 26251140 26251-140-150187-MCCR-YQ-AC-014 China SQR ¥",
        "nPrecioUnitario": 15.0,
        "nPrecioTotal": 15.0,
        "_currency": "$",
        "_source_line": 18,
        "_auto_extracted": true
      },
      {
        "nCantidad": 1.0,
        "tDescripcion": "10 26251-140-150187-MCCR-YQ-AC 26251140 26251-140-150187-MCCR-YQ-AC-014 China SQR ¥ $",
        "nPrecioUnitario": 15.0,
        "nPrecioTotal": 15.0,
        "_currency": "USD",
        "_source_line": 18,
        "_auto_extracted": true
      },
      {
        "nCantidad": 1.0,
        "tDescripcion": "13 26251-140-150187-MCCR-YQ-AC 26251140 26251-140-150187-MCCR-YQ-AC-014 China SQR ¥",
        "nPrecioUnitario": 13.0,
        "nPrecioTotal": 13.0,
        "_currency": "USD",
        "_source_line": 21,
        "_auto_extracted": true
      },
      {
        "nCantidad": 1.0,
        "tDescripcion": "12 26251-140-150187-MCCR-YQ-AC 26251140 26251-140-150187-MCCR-YQ-AC-014 China SQR ¥",
        "nPrecioUnitario": 12.0,
        "nPrecioTotal": 12.0,
        "_currency": "USD",
        "_source_line": 20,
        "_auto_extracted": true
      },
      {
        "nCantidad": 1.0,
        "tDescripcion": "10 26251-140-150187-MCCR-YQ-AC 26251140 26251-140-150187-MCCR-YQ-AC-014 China SQR ¥",
        "nPrecioUnitario": 10.0,
        "nPrecioTotal": 10.0,
        "_currency": "USD",
        "_source_line": 18,
        "_auto_extracted": true
      },
      {
        "nCantidad": 1.0,
        "tDescripcion": "CURRENCY EXCHANGE RATE: 1USD=",
        "nPrecioUnitario": 6.0,
        "nPrecioTotal": 6.0,
        "_currency": "USD",
        "_source_line": 41,
        "_auto_extracted": true
      }
    ],
    "midioma": [
      {
        "iMIdioma": 5,
        "tIdioma": "Chino"
      }
    ],
    "mdocumento_tipo": [
      {
        "iMDocumentoTipo": 1,
        "tTipo": "Comprobante"
      }
    ],
    "mdivisa": [
      {
        "tDivisa": "USD"
      },
      {
        "tDivisa": "CNY"
      }
    ],
    "mnaturaleza": [
      {
        "tNaturaleza": "Otro"
      }
    ],
    "mproveedor": [
      {
        "tRazonSocial": "BSQE\nBS"
      }
    ],
    "mresumen": [],
    "mjornada": [],
    "mjornada_empleado": [],
    "marchivo_tipo": [],
    "munidad_medida": []
  }
}