{
  "metadata": {
    "version": "1.0.0",
    "parser": "ExtractorOCR",
    "extraction_date": "2025-11-18T14:23:54.947007",
    "type": "structured",
    "email": "mariadelosangeles.abanto@newmont.com",
    "year": 2025,
    "month": "Octubre",
    "request_id": "eada6176-0aa0-4362-b8ab-f4f1b641fff8",
    "processed_at": "2025-11-18T14:25:11.827917",
    "api_version": "1.0.0",
    "periodo_id": "string"
  },
  "hoja": {
    "tJson": "BSQE\nBS0004\nMonth: Jun-25\nSGS-CSTC Standards Technical Service., Ltd. Shanghai Branch\nProject Monthly Expense\nSQR/AEX:Eden Li\nDate Assignment No. Charge No. Report No. Country Type of Activity Type Transportation (USD) Kilometer Amount Hotel (USD) Total (USD)\n1\n2\n3\n4\n5\n6\n7\n8\n9\n10\n11\n12\n13\n14\n15\n16\n17\n18\n19\n20\n21\n22\n23\n24 26610-226-YZA-AKBP-6B001 26610-42C 26610-226-YQA-AKBP-6B001 China SQR Taxi+Train ¥623.00 $95.85\n25 26610-226-YZA-AKBP-6B001 26610-42C 26610-226-YQA-AKBP-6B001 China SQR Taxi ¥437.00 $67.23\n26\n27\n28\n29\n30\nTotal China SQR $163.08 $0.00 $163.08\n表格说明\nCURRENCY EXCHANGE RATE: 1USD=6.5RMB\nNIGHT SHIFT-7PM-7AM WILL BE CHARGED AT 1.5 TIMES UNIT RATE\nSATURDAYS WILL BE CHARGED AT 1.25 TIMES UNIT RATE\nSUNDAYS & PUBLIC HOLIDAYS WILL BE CHARGED AT 1.5 TIMES UNIT RATE\nUNIT RATE APPLIES TO ALL INSPECTION. TRAVEL AND REPORTING TIME\nUNIT RATE IS NET OF APPLICABLE LOCAL AND FEDERAL TAXES OF COUNTRY OF EXECUTION (E. G. VAT. ETC)\nMINIMUM CHARGE OF 5 HOURS APPLIES TO EACH EVENT (PER DATE AND SITE)",
    "tJsonTraducido": null,
    "lFormato": false,
    "iMIdioma": 5,
    "iMDocumentoTipo": 1,
    "tSequentialNumber": "BS0004"
  },
  "additional_data": {
    "mcomprobante": [
      {
        "_stamp_name": "BSQE",
        "_sequential_number": "BS0004",
        "tNumero": null,
        "tSerie": null,
        "nPrecioTotal": 1.0,
        "tCliente": null
      }
    ],
    "mcomprobante_detalle": [
      {
        "nCantidad": 1.0,
        "tDescripcion": "Taxi+Train",
        "nPrecioUnitario": 95.85,
        "nPrecioTotal": 95.85
      },
      {
        "nCantidad": 1.0,
        "tDescripcion": "Taxi",
        "nPrecioUnitario": 67.23,
        "nPrecioTotal": 67.23
      },
      {
        "nCantidad": 1.0,
        "tDescripcion": "24 26610-226-YZA-AKBP-6B001 26610-42C 26610-226-YQA-AKBP-6B001 China SQR Taxi+Train ¥",
        "nPrecioUnitario": 623.0,
        "nPrecioTotal": 623.0,
        "_currency": "USD",
        "_source_line": 31,
        "_auto_extracted": true
      },
      {
        "nCantidad": 1.0,
        "tDescripcion": "25 26610-226-YZA-AKBP-6B001 26610-42C 26610-226-YQA-AKBP-6B001 China SQR Taxi ¥",
        "nPrecioUnitario": 437.0,
        "nPrecioTotal": 437.0,
        "_currency": "USD",
        "_source_line": 32,
        "_auto_extracted": true
      },
      {
        "nCantidad": 1.0,
        "tDescripcion": "Total China SQR",
        "nPrecioUnitario": 163.08,
        "nPrecioTotal": 163.08,
        "_currency": "$",
        "_source_line": 38,
        "_auto_extracted": true
      },
      {
        "nCantidad": 1.0,
        "tDescripcion": "Total China SQR $",
        "nPrecioUnitario": 163.08,
        "nPrecioTotal": 163.08,
        "_currency": "USD",
        "_source_line": 38,
        "_auto_extracted": true
      },
      {
        "nCantidad": 1.0,
        "tDescripcion": "Total China SQR",
        "nPrecioUnitario": 163.0,
        "nPrecioTotal": 163.0,
        "_currency": "$",
        "_source_line": 38,
        "_auto_extracted": true
      },
      {
        "nCantidad": 1.0,
        "tDescripcion": "24 26610-226-YZA-AKBP-6B001 26610-42C 26610-226-YQA-AKBP-6B001 China SQR Taxi+Train ¥",
        "nPrecioUnitario": 95.0,
        "nPrecioTotal": 95.0,
        "_currency": "$",
        "_source_line": 31,
        "_auto_extracted": true
      },
      {
        "nCantidad": 1.0,
        "tDescripcion": "24 26610-226-YZA-AKBP-6B001 26610-42C 26610-226-YQA-AKBP-6B001 China SQR Taxi+Train ¥ $",
        "nPrecioUnitario": 95.0,
        "nPrecioTotal": 95.0,
        "_currency": "USD",
        "_source_line": 31,
        "_auto_extracted": true
      },
      {
        "nCantidad": 1.0,
        "tDescripcion": "24 26610-226-YZA-AKBP-6B001 26610-42C 26610-226-YQA-AKBP-6B001 China SQR Taxi+Train ¥ .",
        "nPrecioUnitario": 85.0,
        "nPrecioTotal": 85.0,
        "_currency": "USD",
        "_source_line": 31,
        "_auto_extracted": true
      },
      {
        "nCantidad": 1.0,
        "tDescripcion": "25 26610-226-YZA-AKBP-6B001 26610-42C 26610-226-YQA-AKBP-6B001 China SQR Taxi ¥",
        "nPrecioUnitario": 67.0,
        "nPrecioTotal": 67.0,
        "_currency": "$",
        "_source_line": 32,
        "_auto_extracted": true
      },
      {
        "nCantidad": 1.0,
        "tDescripcion": "25 26610-226-YZA-AKBP-6B001 26610-42C 26610-226-YQA-AKBP-6B001 China SQR Taxi ¥ $",
        "nPrecioUnitario": 67.0,
        "nPrecioTotal": 67.0,
        "_currency": "USD",
        "_source_line": 32,
        "_auto_extracted": true
      },
      {
        "nCantidad": 1.0,
        "tDescripcion": "25 26610-226-YZA-AKBP-6B001 26610-42C 26610-226-YQA-AKBP-6B001 China SQR Taxi ¥",
        "nPrecioUnitario": 25.0,
        "nPrecioTotal": 25.0,
        "_currency": "USD",
        "_source_line": 32,
        "_auto_extracted": true
      },
      {
        "nCantidad": 1.0,
        "tDescripcion": "24 26610-226-YZA-AKBP-6B001 26610-42C 26610-226-YQA-AKBP-6B001 China SQR Taxi+Train ¥",
        "nPrecioUnitario": 24.0,
        "nPrecioTotal": 24.0,
        "_currency": "USD",
        "_source_line": 31,
        "_auto_extracted": true
      },
      {
        "nCantidad": 1.0,
        "tDescripcion": "25 26610-226-YZA-AKBP-6B001 26610-42C 26610-226-YQA-AKBP-6B001 China SQR Taxi ¥ .",
        "nPrecioUnitario": 23.0,
        "nPrecioTotal": 23.0,
        "_currency": "USD",
        "_source_line": 32,
        "_auto_extracted": true
      },
      {
        "nCantidad": 1.0,
        "tDescripcion": "Total China SQR .",
        "nPrecioUnitario": 8.0,
        "nPrecioTotal": 8.0,
        "_currency": "USD",
        "_source_line": 38,
        "_auto_extracted": true
      },
      {
        "nCantidad": 1.0,
        "tDescripcion": "CURRENCY EXCHANGE RATE: 1USD=",
        "nPrecioUnitario": 6.0,
        "nPrecioTotal": 6.0,
        "_currency": "USD",
        "_source_line": 40,
        "_auto_extracted": true
      }
    ],
    "midioma": [
      {
        "iMIdioma": 5,
        "tIdioma": "Chino"
      }
    ],
    "mdocumento_tipo": [
      {
        "iMDocumentoTipo": 1,
        "tTipo": "Comprobante"
      }
    ],
    "mdivisa": [
      {
        "tDivisa": "USD"
      },
      {
        "tDivisa": "CNY"
      }
    ],
    "mnaturaleza": [
      {
        "tNaturaleza": "Otro"
      }
    ],
    "mproveedor": [
      {
        "tRazonSocial": "BSQE\nBS"
      }
    ],
    "mresumen": [],
    "mjornada": [],
    "mjornada_empleado": [],
    "marchivo_tipo": [],
    "munidad_medida": []
  }
}