{
  "metadata": {
    "version": "1.0.0",
    "parser": "ExtractorOCR",
    "extraction_date": "2025-11-18T14:23:09.177158",
    "type": "structured",
    "email": "mariadelosangeles.abanto@newmont.com",
    "year": 2025,
    "month": "Octubre",
    "request_id": "eada6176-0aa0-4362-b8ab-f4f1b641fff8",
    "processed_at": "2025-11-18T14:25:11.827917",
    "api_version": "1.0.0",
    "periodo_id": "string"
  },
  "hoja": {
    "tJson": "BSQE\nBS0004\nIN-SH-5801-25P77K\n6/9-21\n178 188\n16 115\n188 503\n*18*008155565500\n5005774*0000000\n上海日市租汽车管理有限公司\nTAXI\n国家在書局\n发票代码:\n车费发票\n131002260909\n发票号码:01857073\n统一社会信用代码:\n913101091331031697\n手写无效\n监督电话: 5875346\n地址: 路30号\n车号 G-N5815\n证号 233975\n日期 2025-06-09\n上车 (K0980)07:05\n下车 07:48\n单价 4.31元/km\n里程 41.6km\n等候 08:13.23\n金额 178.884\n节假日费\nBohbol\nZ33B008224\n检票:13A\n上海虹桥站 G1214 镇江南站\nShanghaihongqiao Zhenjiangnan\n2025年06月09日10:05开 03年068号\n¥115.0元 二等座\n仅供报销使用\n3102301972****6975 董志超\n报销凭证遗失不补\n退票改签时须交回车站\n66842300330611B008224 JM\n上海申通地铁集团有限公司定额发票\n申通地铁集团有限\n913100006317558649\n发票专用章\n国家税务总局\n上傳票联\n发票代码 131002460104\n发票号码 03306270\n壹拾元\n(加盖发票专用章)\n统一社会信用代码:913100006317558649\n※元印务2024年04月印1200000本@5000000001-60000000\n(382)\n303\n27\n330\n12\n3れ\n1382.7\n江苏通用机打发票\n国家税务总局\n发票联\n发票代码:132102281210\n发票号号:02202084\n投诉电话:12328\n监督电话:12315\n手写无数\n单位\n电话051483411289\n车号 K-D2261\n证号 651\n日期 2025年06月09日\n上车 13:25\n下车 13:51\n单价 3.00元/公里\n里程 18.0公里\n等候 00:03.56\n金額 52.00元\n电召費 2\nIC卡号\nIC卡原\nIC卡余额\n江苏省旅客运输专风发票\n国家科务总局\n发票联\n311903831165\n关注江天微商城公众号,享受购票更名為票号码 03831165\n展江-仪征\n始发地-目的地\n票价(元) 柔种\n27.0网全\n311903831165\n承运人班车(船)类别车(船)型始发地 目的地 票价\n发票代码132111981313 代码132111981313\n号码:03831165\n车(船)次\n27.0\n*20****6975薰志超\n20250609 11:55 250203 6 镇江南徐站\n來车(船)日期 开车(船时间车(船)次座号上车(船)\n工号\n日期\n江仪征\n4832 20250609 Z50203\n副票撕下作废\n20250609 112927\nPage 1 of 7\n#\n根\n--- OCR End ---",
    "tJsonTraducido": null,
    "lFormato": false,
    "iMIdioma": 5,
    "iMDocumentoTipo": 99,
    "tSequentialNumber": "BS0004"
  },
  "additional_data": {
    "midioma": [
      {
        "iMIdioma": 5,
        "tIdioma": "Chino"
      }
    ],
    "mdocumento_tipo": [
      {
        "iMDocumentoTipo": 99,
        "tTipo": "Desconocido"
      }
    ],
    "mdivisa": [
      {
        "tDivisa": "CNY"
      }
    ],
    "mnaturaleza": [
      {
        "tNaturaleza": "Otro"
      }
    ],
    "mcomprobante_detalle": [
      {
        "nCantidad": 1.0,
        "tDescripcion": "等候 08:",
        "nPrecioUnitario": 13.23,
        "nPrecioTotal": 13.23,
        "_currency": "USD",
        "_source_line": 29,
        "_auto_extracted": true
      },
      {
        "nCantidad": 1.0,
        "tDescripcion": "等候 00:",
        "nPrecioUnitario": 3.56,
        "nPrecioTotal": 3.56,
        "_currency": "USD",
        "_source_line": 80,
        "_auto_extracted": true
      }
    ],
    "mresumen": [],
    "mcomprobante": [],
    "mjornada": [],
    "mjornada_empleado": [],
    "mproveedor": [],
    "marchivo_tipo": [],
    "munidad_medida": []
  }
}