{
  "metadata": {
    "version": "1.0.0",
    "parser": "ExtractorOCR",
    "extraction_date": "2025-11-18T14:23:58.233857",
    "type": "structured",
    "email": "mariadelosangeles.abanto@newmont.com",
    "year": 2025,
    "month": "Octubre",
    "request_id": "eada6176-0aa0-4362-b8ab-f4f1b641fff8",
    "processed_at": "2025-11-18T14:25:11.827917",
    "api_version": "1.0.0",
    "periodo_id": "string"
  },
  "hoja": {
    "tJson": "BSQE\nBS0004\n手写无效\n存根联\n发票\n号码\n03912716\n大连市出租汽车专用发票\nDALIAN TAXI SPECIAL RECEPT\n发票\n代码\n大阪(2024)360\n发票联\n121022411221\n代码\n000851\n日期 2025年06月17日\n车号 0520 B-1T342\n上车 19:48\n下车 20:41\n单价 3.00元\n计程 32.75km\n计时 00:10.15\n金额 ¥84.60元\n金号\n存额\n发票\n号码\n03912716\n辽宁省出租汽车专用发票\n发票专用章\n机打发票 手写无效\n发票代码: 121012371141\n发票号码: 07786951\n车号 A-D00686\n单位 15370\n电话 26484895\n日期 2025-06-17\n时间 16:02-17:06\n单价 3.00元\n里程 41-0 km\n等候 00:10:21\n金额 ¥115-00元\n卡号\n卡原额 元\n卡余额 元\n存\n根\n辽宁省出租汽车专用发票\n发票专用章\n机打发票 手写无效\n发票代码: 121012471141\n发票号码: 02575728\n车号 ZAD33068\n单位 017590\n电话 21668429\n日期 2025-06-17\n时间 09:48-11:11\n单价 3.00元\n里程 51.85km\n等候 0:14.19\n金额 146.00元\n卡号\n卡原额 元\n卡余额 元\n存\n根\n2025061705130438\n8000000000000000\n0000000000000000\n0000000000000000\n•8555866294507\n5355455-8255775\n00529153\n号码\n发票\n代码\n发票联\n121022411221\n1672\n日期 2025-06-17\n车号 8-3T966\n上车 6:51\n下车 7:24\n单价 3.88元/km\n计程 22.18km\n计时 8:04:57\n金额 51.88元\n金号 00000000\n存额 8.88元\n发票\n号码\n00529153\nPage 2 of 2",
    "tJsonTraducido": null,
    "lFormato": false,
    "iMIdioma": 5,
    "iMDocumentoTipo": 99,
    "tSequentialNumber": "BS0004"
  },
  "additional_data": {
    "midioma": [
      {
        "iMIdioma": 5,
        "tIdioma": "Chino"
      }
    ],
    "mdocumento_tipo": [
      {
        "iMDocumentoTipo": 99,
        "tTipo": "Desconocido"
      }
    ],
    "mdivisa": [
      {
        "tDivisa": "CNY"
      }
    ],
    "mnaturaleza": [
      {
        "tNaturaleza": "Otro"
      }
    ],
    "mproveedor": [
      {
        "tRazonSocial": "DALIAN TAXI SPECIAL RECEPT"
      }
    ],
    "mcomprobante_detalle": [
      {
        "nCantidad": 1.0,
        "tDescripcion": "等候 0:",
        "nPrecioUnitario": 14.19,
        "nPrecioTotal": 14.19,
        "_currency": "USD",
        "_source_line": 61,
        "_auto_extracted": true
      },
      {
        "nCantidad": 1.0,
        "tDescripcion": "计时 00:",
        "nPrecioUnitario": 10.15,
        "nPrecioTotal": 10.15,
        "_currency": "USD",
        "_source_line": 23,
        "_auto_extracted": true
      }
    ],
    "mresumen": [],
    "mcomprobante": [],
    "mjornada": [],
    "mjornada_empleado": [],
    "marchivo_tipo": [],
    "munidad_medida": []
  }
}