{
  "metadata": {
    "version": "1.0.0",
    "parser": "ExtractorOCR",
    "extraction_date": "2025-11-18T14:23:29.207593",
    "type": "structured",
    "email": "mariadelosangeles.abanto@newmont.com",
    "year": 2025,
    "month": "Octubre",
    "request_id": "eada6176-0aa0-4362-b8ab-f4f1b641fff8",
    "processed_at": "2025-11-18T14:25:11.827917",
    "api_version": "1.0.0",
    "periodo_id": "string"
  },
  "hoja": {
    "tJson": "IN-SH-5801-25P93K\n电子发票(铁路电子客票)\n发票号码:25379166812000866769\n济南西站\nJinanxi\n2025年06月20日 07:50开\n票价:¥46.00\n3707251981****307X\nG1244\n德州东站\nDezhoudong\n03车09D号\n二等座\n王新民\n开票日期:2025年06月20日\n电子客票号:6681283086062097910042025 始发改签\n购买方名称:通标标准技术服务(青岛)有限公司 统一社会信用代码:91370212MA3CDTCC8R\n买票请到12306 发货请到95306\n中国铁路祝您旅途愉快\n电子发票(铁路电子客票)\n发票号码:25119166809000193196\n德州东站\nDezhoudong\n2025年06月20日 16:51开\n票价:¥46.00\n3707251981****307X\nG191\n济南西站\nJinanxi\n13车150号\n二等座\n王新民\n开票日期:2025年06月20日\n电子客票号:6680962086062193655392025 统一社会信用代码:91370212MA3CDTCC8R\n购买方名称:通标标准技术服务(青岛)有限公司\n买票请到12306 发货请到95306\n中国铁路祝您旅途愉快\nTrain Total 92\nPage 1 of 2\nBSQE\nBS0004",
    "tJsonTraducido": null,
    "lFormato": false,
    "iMIdioma": 5,
    "iMDocumentoTipo": 99,
    "tSequentialNumber": "BS0004"
  },
  "additional_data": {
    "midioma": [
      {
        "iMIdioma": 5,
        "tIdioma": "Chino"
      }
    ],
    "mdocumento_tipo": [
      {
        "iMDocumentoTipo": 99,
        "tTipo": "Desconocido"
      }
    ],
    "mdivisa": [
      {
        "tDivisa": "CNY"
      }
    ],
    "mnaturaleza": [
      {
        "tNaturaleza": "Otro"
      }
    ],
    "mcomprobante_detalle": [
      {
        "nCantidad": 1.0,
        "tDescripcion": "Train Total",
        "nPrecioUnitario": 92.0,
        "nPrecioTotal": 92.0,
        "_currency": "USD",
        "_source_line": 38,
        "_auto_extracted": true
      },
      {
        "nCantidad": 1.0,
        "tDescripcion": "票价:¥",
        "nPrecioUnitario": 46.0,
        "nPrecioTotal": 46.0,
        "_currency": "USD",
        "_source_line": 7,
        "_auto_extracted": true
      }
    ],
    "mresumen": [],
    "mcomprobante": [],
    "mjornada": [],
    "mjornada_empleado": [],
    "mproveedor": [],
    "marchivo_tipo": [],
    "munidad_medida": []
  }
}