{
  "metadata": {
    "version": "1.0.0",
    "parser": "ExtractorOCR",
    "extraction_date": "2025-11-18T14:23:37.518735",
    "type": "structured",
    "email": "mariadelosangeles.abanto@newmont.com",
    "year": 2025,
    "month": "Octubre",
    "request_id": "eada6176-0aa0-4362-b8ab-f4f1b641fff8",
    "processed_at": "2025-11-18T14:25:11.827917",
    "api_version": "1.0.0",
    "periodo_id": "string"
  },
  "hoja": {
    "tJson": "IN-SH-5801-25P91K\nBSQE\nBS0004\n电子发票(铁路电子客票)\n发票号码:25219153520000168547 开票日期:2025年06月21日\n大连北站 G707 营口东站\nDalianbei Yingkoudong\n2025年06月19日 07:55开 03车16B号 二等座\n票价:¥94.50\n2104041987****2710 徐少哲\n电子客票号:5352093086062091973922025 统一社会信用代码:91210242X04830765M\n购买方名称:通标标准技术服务有限公司大连分公司\n买票请到12306 发货请到95306\n中国铁路祝您旅途愉快\n电子发票(铁路电子客票)\n发票号码:25219153505000045294 开票日期:2025年07月01日\n营口东站 G2626 大连北站\nYingkoudong Dalianbei\n2025年06月22日 17:35开 04车09B号 二等座\n票价:¥94.50\n2104041987****2710 徐少哲\n电子客票号:5350593086062394800932025 统一社会信用代码:91210242X04830765M\n购买方名称:通标标准技术服务有限公司大连分公司\n买票请到12306 发货请到95306\n中国铁路祝您旅途愉快\nPage 1 of 4\n发票\n号码 12544370\n发票\n代码 121022211221\n号码\n手写无效\n2025061905560420\n---",
    "tJsonTraducido": null,
    "lFormato": false,
    "iMIdioma": 5,
    "iMDocumentoTipo": 99,
    "tSequentialNumber": "BS0004"
  },
  "additional_data": {
    "midioma": [
      {
        "iMIdioma": 5,
        "tIdioma": "Chino"
      }
    ],
    "mdocumento_tipo": [
      {
        "iMDocumentoTipo": 99,
        "tTipo": "Desconocido"
      }
    ],
    "mdivisa": [
      {
        "tDivisa": "CNY"
      }
    ],
    "mnaturaleza": [
      {
        "tNaturaleza": "Otro"
      }
    ],
    "mcomprobante_detalle": [
      {
        "nCantidad": 1.0,
        "tDescripcion": "票价:¥",
        "nPrecioUnitario": 94.5,
        "nPrecioTotal": 94.5,
        "_currency": "USD",
        "_source_line": 9,
        "_auto_extracted": true
      }
    ],
    "mresumen": [],
    "mcomprobante": [],
    "mjornada": [],
    "mjornada_empleado": [],
    "mproveedor": [],
    "marchivo_tipo": [],
    "munidad_medida": []
  }
}