{
  "metadata": {
    "version": "1.0.0",
    "parser": "ExtractorOCR",
    "extraction_date": "2025-11-18T14:21:06.606823",
    "type": "structured",
    "email": "mariadelosangeles.abanto@newmont.com",
    "year": 2025,
    "month": "Octubre",
    "request_id": "eada6176-0aa0-4362-b8ab-f4f1b641fff8",
    "processed_at": "2025-11-18T14:25:11.827917",
    "api_version": "1.0.0",
    "periodo_id": "string"
  },
  "hoja": {
    "tJson": "BSQE\nBS0003\nMr Hashim Mohd Shah\nBATU 14\nJALAN AIR KERUH\nBEMBAN MLK 77200\nMalaysia\nGuest Name:\nGroup Code:\nTravel Company Name:\nTravel Agent:\nAccount No.:\nDate Description Charge (MYR) Credits (MYR)\n17-06-25 Room Charge 486.00\n17-06-25 Local Government Fee 3.00\n17-06-25 Master Card 2,445.00\nXXXXXXXXXXXX3161\n18-06-25 Room Charge 486.00\n18-06-25 Local Govemment Fee 3.00\n19-06-25 Room Charge 486.00\n19-06-25 Local Government Fee 3.00\n20-06-25 Room Charge 486.00\n20-06-25 Local Govemment Fee 3.00\n21-06-25 Room Charge 486.00\n21-06-25 Local Government Fee 3.00\nL\nTHE\nLIGHT\nHOTEL\nPINANG\nINVOICE\nPrint Date 22/06/25\nSST No. P13-1808-32000034\nTTX Reg. No. 071-2017-10000001\nArrival 17/06/25\nDeparture 22/06/25\nAdult/Child 2/0\nRoom No. 0921\nInvoice No. 17400\nFolio No.\nConf. No. 103358\nPage No. 1 of 2\nCashier No. 21\nUser ID. FOHANA\nTotal MYR 2,445.00 2,445.00\nUSD59025\nLocal Govt Fee: 15.00 MYR\nTourism Tax (RM10/Night): 0.00 MYR\nTotal Amount: 2,445.00 MYR\nBalance Due 0.00 MYR\nThank you for staying with us and we look forward to welcoming you again soon.\nAll Payment are to be made payable to \"The Light Hotel (M) Sdn Bhd\"\nBank: Malayan Banking Berhad with Account No: 557166307579\nI agree that my liability for this bill is not waived and agree to be held personally liable in the event that the indicated person / Company or\nAssociation fails to pay for any part of the full amount of the above charges.\nGuest Signature\nBOOK DIRECT!\nLOWEST RATES GUARANTEED\nwww.thelighthotelog.com\nTHE LIGHT HOTEL (M) SDN.BHD (Co. No: 201001002534)(887114-P)\nLebuh Tenggin 2. Bandar Seberang Jaya. 13700 Seberang Jaya. Penang, Malaysia\nТы +604-382 1111 | Fax +604-399 9333 | Email reservation@thelghthotelog.com",
    "tJsonTraducido": null,
    "lFormato": false,
    "iMIdioma": 2,
    "iMDocumentoTipo": 1,
    "tSequentialNumber": "BS0003"
  },
  "additional_data": {
    "mcomprobante": [
      {
        "_stamp_name": "BSQE",
        "_sequential_number": "BS0003",
        "tNumero": "Print",
        "tSerie": null,
        "fEmision": "17-06-25",
        "nPrecioTotal": 2445.0,
        "tCliente": null
      }
    ],
    "mcomprobante_detalle": [
      {
        "nCantidad": 1.0,
        "tDescripcion": "Room Charge",
        "nPrecioUnitario": 486.0,
        "nPrecioTotal": 486.0
      },
      {
        "nCantidad": 1.0,
        "tDescripcion": "Local Government Fee",
        "nPrecioUnitario": 3.0,
        "nPrecioTotal": 3.0
      },
      {
        "nCantidad": 1.0,
        "tDescripcion": "Room Charge",
        "nPrecioUnitario": 486.0,
        "nPrecioTotal": 486.0
      },
      {
        "nCantidad": 1.0,
        "tDescripcion": "Local Govemment Fee",
        "nPrecioUnitario": 3.0,
        "nPrecioTotal": 3.0
      },
      {
        "nCantidad": 1.0,
        "tDescripcion": "Room Charge",
        "nPrecioUnitario": 486.0,
        "nPrecioTotal": 486.0
      },
      {
        "nCantidad": 1.0,
        "tDescripcion": "Local Government Fee",
        "nPrecioUnitario": 3.0,
        "nPrecioTotal": 3.0
      },
      {
        "nCantidad": 1.0,
        "tDescripcion": "Room Charge",
        "nPrecioUnitario": 486.0,
        "nPrecioTotal": 486.0
      },
      {
        "nCantidad": 1.0,
        "tDescripcion": "Local Govemment Fee",
        "nPrecioUnitario": 3.0,
        "nPrecioTotal": 3.0
      },
      {
        "nCantidad": 1.0,
        "tDescripcion": "Room Charge",
        "nPrecioUnitario": 486.0,
        "nPrecioTotal": 486.0
      },
      {
        "nCantidad": 1.0,
        "tDescripcion": "Local Government Fee",
        "nPrecioUnitario": 3.0,
        "nPrecioTotal": 3.0
      },
      {
        "nCantidad": 1.0,
        "tDescripcion": "Valor monetario línea 46",
        "nPrecioUnitario": 59025.0,
        "nPrecioTotal": 59025.0,
        "_currency": "USD",
        "_source_line": 46,
        "_auto_extracted": true
      },
      {
        "nCantidad": 1.0,
        "tDescripcion": "17-06-25 Master Card",
        "nPrecioUnitario": 2445.0,
        "nPrecioTotal": 2445.0,
        "_currency": "USD",
        "_source_line": 16,
        "_auto_extracted": true
      },
      {
        "nCantidad": 1.0,
        "tDescripcion": "17-06-",
        "nPrecioUnitario": 25.0,
        "nPrecioTotal": 25.0,
        "_currency": "USD",
        "_source_line": 15,
        "_auto_extracted": true
      },
      {
        "nCantidad": 1.0,
        "tDescripcion": "21-06-25 Local Government Fee 3.00",
        "nPrecioUnitario": 21.0,
        "nPrecioTotal": 21.0,
        "_currency": "USD",
        "_source_line": 25,
        "_auto_extracted": true
      },
      {
        "nCantidad": 1.0,
        "tDescripcion": "20-06-25 Local Govemment Fee 3.00",
        "nPrecioUnitario": 20.0,
        "nPrecioTotal": 20.0,
        "_currency": "USD",
        "_source_line": 23,
        "_auto_extracted": true
      },
      {
        "nCantidad": 1.0,
        "tDescripcion": "19-06-25 Local Government Fee 3.00",
        "nPrecioUnitario": 19.0,
        "nPrecioTotal": 19.0,
        "_currency": "USD",
        "_source_line": 21,
        "_auto_extracted": true
      },
      {
        "nCantidad": 1.0,
        "tDescripcion": "18-06-25 Local Govemment Fee 3.00",
        "nPrecioUnitario": 18.0,
        "nPrecioTotal": 18.0,
        "_currency": "USD",
        "_source_line": 19,
        "_auto_extracted": true
      },
      {
        "nCantidad": 1.0,
        "tDescripcion": "17-06-25 Local Government Fee 3.00",
        "nPrecioUnitario": 17.0,
        "nPrecioTotal": 17.0,
        "_currency": "USD",
        "_source_line": 15,
        "_auto_extracted": true
      },
      {
        "nCantidad": 1.0,
        "tDescripcion": "Local Govt Fee:",
        "nPrecioUnitario": 15.0,
        "nPrecioTotal": 15.0,
        "_currency": "USD",
        "_source_line": 47,
        "_auto_extracted": true
      },
      {
        "nCantidad": 1.0,
        "tDescripcion": "17-",
        "nPrecioUnitario": 6.0,
        "nPrecioTotal": 6.0,
        "_currency": "USD",
        "_source_line": 15,
        "_auto_extracted": true
      },
      {
        "nCantidad": 1.0,
        "tDescripcion": "Total MYR",
        "nPrecioUnitario": 2.0,
        "nPrecioTotal": 2.0,
        "_currency": "USD",
        "_source_line": 45,
        "_auto_extracted": true
      }
    ],
    "midioma": [
      {
        "iMIdioma": 2,
        "tIdioma": "Inglés"
      }
    ],
    "mdocumento_tipo": [
      {
        "iMDocumentoTipo": 1,
        "tTipo": "Comprobante"
      }
    ],
    "mdivisa": [
      {
        "tDivisa": "MYR"
      },
      {
        "tDivisa": "USD"
      },
      {
        "tDivisa": "RM"
      }
    ],
    "mnaturaleza": [
      {
        "tNaturaleza": "Otro"
      }
    ],
    "mproveedor": [
      {
        "tRazonSocial": "gain soon.\nAll Payment are to be made payable to"
      }
    ],
    "mresumen": [],
    "mjornada": [],
    "mjornada_empleado": [],
    "marchivo_tipo": [],
    "munidad_medida": []
  }
}