{
  "metadata": {
    "version": "1.0.0",
    "parser": "ExtractorOCR",
    "extraction_date": "2025-11-18T14:20:28.405305",
    "type": "structured",
    "email": "mariadelosangeles.abanto@newmont.com",
    "year": 2025,
    "month": "Octubre",
    "request_id": "eada6176-0aa0-4362-b8ab-f4f1b641fff8",
    "processed_at": "2025-11-18T14:25:11.827917",
    "api_version": "1.0.0",
    "periodo_id": "string"
  },
  "hoja": {
    "tJson": "V52T Bechtel Chile:\nPeriod Jul 2025\nBSQE\nBS0001\nM&M M&M M&M M&M M&M M&M M&M\nYanacocha Yanacocha Yanacocha Yanacocha Yanacocha Yanacocna MLP AD800 Spence\n(Off) (Off) (On) (On) (On) (On)\nConcentrator\n26442-007 26442-223 26443-001 26443-222 26443-223 26443-353 26607-112 26775-138\nEmpl No Full Name Labor PPE (orig) Curr Org Code Total Hours\n168474 Saavedra Oportus, Hector Alejandro 30-Jun-2025 CLP 8NJ2100 4.75 - - - - - - - -\n168474 Saavedra Oportus, Hector Alejandro 31-Jul-2025 CLP 8NJ2100 47.50 - - - - - - - -\n174618 Paez Cocke, Roberto Alejandro 30-Jun-2025 CLP 8NJ2100 8.25 - - - - - - - -\n174618 Paez Cocke, Roberto Alejandro 31-Jul-2025 CLP 8NJ2100 5.50 - - - - - - - -\n175220 Valdes Barrera, Jose Luis 31-Jul-2025 CLP 8NJ2500 28.00 - - - - - - - 10.00\n188561 Munoz Cortes, Patricio Andres 31-Jul-2025 CLP 8NJ2500 10.00 - - - - - - - -\n841777 Castro Peralta, Pedro Segundo 31-Jul-2025 CLP 8NJ2500 195.50 195.50 - - - - - - - -\n299.50 299.50 195.50 94.00 - - - - - - - 10.00\ncheck\nPlan OH/hr $ 22.00 $ 22.00 $ 22.00 $ 22.00 $ 22.00 $ 22.00 $ 22.00 $ 22.00\n$ 6,589.00 Total $ 6,589.00 $ 4,301.00 $ 2,068.00 $ - $ - $ - $ - $ - $ 220.00\nXYQN Bechtel Peru:\nM&M M&M M&M M&M M&M M&M M&M\nYanacocha Yanacocha Yanacocha Yanacocha Yanacocha Yanacocha MLP AD800 Spence\n(Off) (Off) (On) (On) (On) (On)\nConcentrator\n26442-007 26442-223 26443-001 26443-222 26443-223 26443-353 26607-112 26775-138\nEmpl No Full Name Labor PPE (orig) Curr Org Code Total Hours\n069033 Vera Diaz, Boris Haendel 31-Jul-2025 PEN 8NJ2100 176.00 - - - - - 176.00 - -\n081383 Tovar Arredondo, Jose Carlos 30-Jun-2025 PEN 8NJ2100 - - - - - - - -\n081383 Tovar Arredondo, Jose Carlos 31-Jul-2025 PEN 8NJ2100 176.00 - - - - - 176.00 - -\n352.00 352.00 - - - - - 352.00 - -\ncheck\nPlan OH/hr $ 22.00 $ 22.00 $ 22.00 $ 22.00 $ 22.00 $ 22.00 $ 22.00 $ 22.00\n$ 7,744.00 Total $ 7,744.00 $ - $ - $ - $ - $ 7,744.00 $ - $ -\n$ 14,333.00 Total Amt\n651.50 Total Hrs\n26442-007 26442-223 26443-001 26443-222 26443-223 26443-353 26607-112 26775-138\n2100 418.00 - 66.00 - - - 352.00 - -\n2500 233.50 195.50 28.00 - - - - - 10.00\n651.50 651.50 195.50 94.00 - - - 352.00 - 10.00\nBechtel Level 3 – General. Non-Confidential Business Information.",
    "tJsonTraducido": null,
    "lFormato": false,
    "iMIdioma": 1,
    "iMDocumentoTipo": 3,
    "tSequentialNumber": "BS0001"
  },
  "additional_data": {
    "mjornada": [
      {
        "fRegistro": "Jul 2025",
        "nTotalHoras": 168474.0
      }
    ],
    "mjornada_empleado": [
      {
        "tNumero": "168474",
        "tNombre": "Saavedra Oportus, H",
        "tOrganizacion": "8NJ2100"
      },
      {
        "tNumero": "168474",
        "tNombre": "Saavedra Oportus, H",
        "tOrganizacion": "8NJ2100"
      },
      {
        "tNumero": "174618",
        "tNombre": "Paez Cocke, R",
        "tOrganizacion": "8NJ2100"
      },
      {
        "tNumero": "174618",
        "tNombre": "Paez Cocke, R",
        "tOrganizacion": "8NJ2500"
      },
      {
        "tNumero": "175220",
        "tNombre": "Valdes Barrera, J",
        "tOrganizacion": "8NJ2500"
      },
      {
        "tNumero": "188561",
        "tNombre": "Munoz Cortes, P",
        "tOrganizacion": "8NJ2500"
      },
      {
        "tNumero": "841777",
        "tNombre": "Castro Peralta, P",
        "tOrganizacion": null
      },
      {
        "tNumero": "069033",
        "tNombre": "Vera Diaz, B",
        "tOrganizacion": null
      },
      {
        "tNumero": "081383",
        "tNombre": "Tovar Arredondo, J",
        "tOrganizacion": "8NJ2100"
      },
      {
        "tNumero": "081383",
        "tNombre": "Tovar Arredondo, J",
        "tOrganizacion": null
      }
    ],
    "midioma": [
      {
        "iMIdioma": 1,
        "tIdioma": "Español"
      }
    ],
    "mdocumento_tipo": [
      {
        "iMDocumentoTipo": 3,
        "tTipo": "Jornada"
      }
    ],
    "mdivisa": [
      {
        "tDivisa": "CLP"
      },
      {
        "tDivisa": "PEN"
      },
      {
        "tDivisa": "USD"
      }
    ],
    "mnaturaleza": [
      {
        "tNaturaleza": "Otro"
      }
    ],
    "mproveedor": [
      {
        "tRazonSocial": "T Bechtel Chile"
      }
    ],
    "mresumen": [
      {
        "tDescripcion": "Valor destacado Columna 1: $6,589.00 (de fila Total)",
        "tjobno": null,
        "ttype": null,
        "nMonto": 6589.0,
        "tDivisa": "USD",
        "_highlighted": true,
        "_source_line": "$ 6,589.00 Total $ 6,589.00 $ 4,301.00 $ 2,068.00 $ - $ - $ - $ - $ - $ 220.00",
        "_column_position": 1
      },
      {
        "tDescripcion": "Valor destacado Columna 2: $4,301.00 (de fila Total)",
        "tjobno": null,
        "ttype": null,
        "nMonto": 4301.0,
        "tDivisa": "USD",
        "_highlighted": true,
        "_source_line": "$ 6,589.00 Total $ 6,589.00 $ 4,301.00 $ 2,068.00 $ - $ - $ - $ - $ - $ 220.00",
        "_column_position": 2
      },
      {
        "tDescripcion": "Valor destacado Columna 3: $2,068.00 (de fila Total)",
        "tjobno": null,
        "ttype": null,
        "nMonto": 2068.0,
        "tDivisa": "USD",
        "_highlighted": true,
        "_source_line": "$ 6,589.00 Total $ 6,589.00 $ 4,301.00 $ 2,068.00 $ - $ - $ - $ - $ - $ 220.00",
        "_column_position": 3
      },
      {
        "tDescripcion": "Valor destacado Columna 4: $220.00 (de fila Total)",
        "tjobno": null,
        "ttype": null,
        "nMonto": 220.0,
        "tDivisa": "USD",
        "_highlighted": true,
        "_source_line": "$ 6,589.00 Total $ 6,589.00 $ 4,301.00 $ 2,068.00 $ - $ - $ - $ - $ - $ 220.00",
        "_column_position": 4
      },
      {
        "tDescripcion": "Valor destacado Columna 1: $7,744.00 (de fila Total)",
        "tjobno": null,
        "ttype": null,
        "nMonto": 7744.0,
        "tDivisa": "USD",
        "_highlighted": true,
        "_source_line": "$ 7,744.00 Total $ 7,744.00 $ - $ - $ - $ - $ 7,744.00 $ - $ -",
        "_column_position": 1
      },
      {
        "tDescripcion": "Valor destacado Columna 2: $7,744.00 (de fila Total)",
        "tjobno": null,
        "ttype": null,
        "nMonto": 7744.0,
        "tDivisa": "USD",
        "_highlighted": true,
        "_source_line": "$ 7,744.00 Total $ 7,744.00 $ - $ - $ - $ - $ 7,744.00 $ - $ -",
        "_column_position": 2
      },
      {
        "tDescripcion": "Total horas destacado Columna 1: 299.5 horas",
        "tjobno": null,
        "ttype": null,
        "nMonto": 299.5,
        "tDivisa": null,
        "_highlighted": true,
        "_hours_total": true,
        "_source_line": "299.50 299.50 195.50 94.00 - - - - - - - 10.00",
        "_column_position": 1
      },
      {
        "tDescripcion": "Total horas destacado Columna 2: 299.5 horas",
        "tjobno": null,
        "ttype": null,
        "nMonto": 299.5,
        "tDivisa": null,
        "_highlighted": true,
        "_hours_total": true,
        "_source_line": "299.50 299.50 195.50 94.00 - - - - - - - 10.00",
        "_column_position": 2
      },
      {
        "tDescripcion": "Total horas destacado Columna 1: 352.0 horas",
        "tjobno": null,
        "ttype": null,
        "nMonto": 352.0,
        "tDivisa": null,
        "_highlighted": true,
        "_hours_total": true,
        "_source_line": "352.00 352.00 - - - - - 352.00 - -",
        "_column_position": 1
      },
      {
        "tDescripcion": "Total horas destacado Columna 2: 352.0 horas",
        "tjobno": null,
        "ttype": null,
        "nMonto": 352.0,
        "tDivisa": null,
        "_highlighted": true,
        "_hours_total": true,
        "_source_line": "352.00 352.00 - - - - - 352.00 - -",
        "_column_position": 2
      }
    ],
    "mcomprobante_detalle": [
      {
        "nCantidad": 1.0,
        "tDescripcion": "Total Amt",
        "nPrecioUnitario": 14333.0,
        "nPrecioTotal": 14333.0,
        "_currency": "$",
        "_source_line": 36,
        "_auto_extracted": true
      },
      {
        "nCantidad": 1.0,
        "tDescripcion": "$",
        "nPrecioUnitario": 14333.0,
        "nPrecioTotal": 14333.0,
        "_currency": "USD",
        "_source_line": 36,
        "_auto_extracted": true
      },
      {
        "nCantidad": 1.0,
        "tDescripcion": "Total  $ - $ - $ - $ -  $ - $ -",
        "nPrecioUnitario": 7744.0,
        "nPrecioTotal": 7744.0,
        "_currency": "$",
        "_source_line": 35,
        "_auto_extracted": true
      },
      {
        "nCantidad": 1.0,
        "tDescripcion": "$",
        "nPrecioUnitario": 7744.0,
        "nPrecioTotal": 7744.0,
        "_currency": "USD",
        "_source_line": 35,
        "_auto_extracted": true
      },
      {
        "nCantidad": 1.0,
        "tDescripcion": "Total    $ - $ - $ - $ - $ -",
        "nPrecioUnitario": 6589.0,
        "nPrecioTotal": 6589.0,
        "_currency": "$",
        "_source_line": 21,
        "_auto_extracted": true
      },
      {
        "nCantidad": 1.0,
        "tDescripcion": "$",
        "nPrecioUnitario": 6589.0,
        "nPrecioTotal": 6589.0,
        "_currency": "USD",
        "_source_line": 21,
        "_auto_extracted": true
      },
      {
        "nCantidad": 1.0,
        "tDescripcion": "Total",
        "nPrecioUnitario": 4301.0,
        "nPrecioTotal": 4301.0,
        "_currency": "$",
        "_source_line": 21,
        "_auto_extracted": true
      },
      {
        "nCantidad": 1.0,
        "tDescripcion": "Total  $",
        "nPrecioUnitario": 4301.0,
        "nPrecioTotal": 4301.0,
        "_currency": "USD",
        "_source_line": 21,
        "_auto_extracted": true
      },
      {
        "nCantidad": 1.0,
        "tDescripcion": "Total",
        "nPrecioUnitario": 2068.0,
        "nPrecioTotal": 2068.0,
        "_currency": "$",
        "_source_line": 21,
        "_auto_extracted": true
      },
      {
        "nCantidad": 1.0,
        "tDescripcion": "Total   $",
        "nPrecioUnitario": 2068.0,
        "nPrecioTotal": 2068.0,
        "_currency": "USD",
        "_source_line": 21,
        "_auto_extracted": true
      },
      {
        "nCantidad": 1.0,
        "tDescripcion": "Total Hrs",
        "nPrecioUnitario": 651.5,
        "nPrecioTotal": 651.5,
        "_currency": "USD",
        "_source_line": 37,
        "_auto_extracted": true
      },
      {
        "nCantidad": 1.0,
        "tDescripcion": "2100",
        "nPrecioUnitario": 418.0,
        "nPrecioTotal": 418.0,
        "_currency": "USD",
        "_source_line": 39,
        "_auto_extracted": true
      },
      {
        "nCantidad": 1.0,
        "tDescripcion": "- - - - -  - -",
        "nPrecioUnitario": 352.0,
        "nPrecioTotal": 352.0,
        "_currency": "USD",
        "_source_line": 32,
        "_auto_extracted": true
      },
      {
        "nCantidad": 1.0,
        "tDescripcion": "- - - - - - -",
        "nPrecioUnitario": 299.5,
        "nPrecioTotal": 299.5,
        "_currency": "USD",
        "_source_line": 18,
        "_auto_extracted": true
      },
      {
        "nCantidad": 1.0,
        "tDescripcion": "2500",
        "nPrecioUnitario": 233.5,
        "nPrecioTotal": 233.5,
        "_currency": "USD",
        "_source_line": 40,
        "_auto_extracted": true
      },
      {
        "nCantidad": 1.0,
        "tDescripcion": "Total    $ - $ - $ - $ - $ -",
        "nPrecioUnitario": 220.0,
        "nPrecioTotal": 220.0,
        "_currency": "$",
        "_source_line": 21,
        "_auto_extracted": true
      },
      {
        "nCantidad": 1.0,
        "tDescripcion": "Total    $ - $ - $ - $ - $ - $",
        "nPrecioUnitario": 220.0,
        "nPrecioTotal": 220.0,
        "_currency": "USD",
        "_source_line": 21,
        "_auto_extracted": true
      },
      {
        "nCantidad": 1.0,
        "tDescripcion": "841777 Castro Peralta, Pedro Segundo 31-Jul-2025 CLP 8NJ2500",
        "nPrecioUnitario": 195.5,
        "nPrecioTotal": 195.5,
        "_currency": "USD",
        "_source_line": 17,
        "_auto_extracted": true
      },
      {
        "nCantidad": 1.0,
        "tDescripcion": "069033 Vera Diaz, Boris Haendel 31-Jul-2025 PEN 8NJ2100",
        "nPrecioUnitario": 176.0,
        "nPrecioTotal": 176.0,
        "_currency": "USD",
        "_source_line": 29,
        "_auto_extracted": true
      },
      {
        "nCantidad": 1.0,
        "tDescripcion": "299.50 299.50 195.50",
        "nPrecioUnitario": 94.0,
        "nPrecioTotal": 94.0,
        "_currency": "USD",
        "_source_line": 18,
        "_auto_extracted": true
      },
      {
        "nCantidad": 1.0,
        "tDescripcion": "2100  -",
        "nPrecioUnitario": 66.0,
        "nPrecioTotal": 66.0,
        "_currency": "USD",
        "_source_line": 39,
        "_auto_extracted": true
      },
      {
        "nCantidad": 1.0,
        "tDescripcion": "651.",
        "nPrecioUnitario": 50.0,
        "nPrecioTotal": 50.0,
        "_currency": "USD",
        "_source_line": 37,
        "_auto_extracted": true
      },
      {
        "nCantidad": 1.0,
        "tDescripcion": "168474 Saavedra Oportus, Hector Alejandro 31-Jul-2025 CLP 8NJ2100",
        "nPrecioUnitario": 47.5,
        "nPrecioTotal": 47.5,
        "_currency": "USD",
        "_source_line": 12,
        "_auto_extracted": true
      },
      {
        "nCantidad": 1.0,
        "tDescripcion": "175220 Valdes Barrera, Jose Luis 31-Jul-2025 CLP 8NJ2500",
        "nPrecioUnitario": 28.0,
        "nPrecioTotal": 28.0,
        "_currency": "USD",
        "_source_line": 15,
        "_auto_extracted": true
      },
      {
        "nCantidad": 1.0,
        "tDescripcion": "Plan OH/hr",
        "nPrecioUnitario": 22.0,
        "nPrecioTotal": 22.0,
        "_currency": "$",
        "_source_line": 20,
        "_auto_extracted": true
      },
      {
        "nCantidad": 1.0,
        "tDescripcion": "Plan OH/hr $",
        "nPrecioUnitario": 22.0,
        "nPrecioTotal": 22.0,
        "_currency": "USD",
        "_source_line": 20,
        "_auto_extracted": true
      },
      {
        "nCantidad": 1.0,
        "tDescripcion": "Total Amt",
        "nPrecioUnitario": 14.0,
        "nPrecioTotal": 14.0,
        "_currency": "$",
        "_source_line": 36,
        "_auto_extracted": true
      },
      {
        "nCantidad": 1.0,
        "tDescripcion": "$",
        "nPrecioUnitario": 14.0,
        "nPrecioTotal": 14.0,
        "_currency": "USD",
        "_source_line": 36,
        "_auto_extracted": true
      },
      {
        "nCantidad": 1.0,
        "tDescripcion": "175220 Valdes Barrera, Jose Luis 31-Jul-2025 CLP 8NJ2500  - - - - - - -",
        "nPrecioUnitario": 10.0,
        "nPrecioTotal": 10.0,
        "_currency": "USD",
        "_source_line": 15,
        "_auto_extracted": true
      },
      {
        "nCantidad": 1.0,
        "tDescripcion": "Total  $ - $ - $ - $ -  $ - $ -",
        "nPrecioUnitario": 7.0,
        "nPrecioTotal": 7.0,
        "_currency": "$",
        "_source_line": 35,
        "_auto_extracted": true
      },
      {
        "nCantidad": 1.0,
        "tDescripcion": "$",
        "nPrecioUnitario": 7.0,
        "nPrecioTotal": 7.0,
        "_currency": "USD",
        "_source_line": 35,
        "_auto_extracted": true
      },
      {
        "nCantidad": 1.0,
        "tDescripcion": "Total    $ - $ - $ - $ - $ -",
        "nPrecioUnitario": 6.0,
        "nPrecioTotal": 6.0,
        "_currency": "$",
        "_source_line": 21,
        "_auto_extracted": true
      },
      {
        "nCantidad": 1.0,
        "tDescripcion": "$",
        "nPrecioUnitario": 6.0,
        "nPrecioTotal": 6.0,
        "_currency": "USD",
        "_source_line": 21,
        "_auto_extracted": true
      },
      {
        "nCantidad": 1.0,
        "tDescripcion": "Total",
        "nPrecioUnitario": 4.0,
        "nPrecioTotal": 4.0,
        "_currency": "$",
        "_source_line": 21,
        "_auto_extracted": true
      },
      {
        "nCantidad": 1.0,
        "tDescripcion": "Total  $",
        "nPrecioUnitario": 4.0,
        "nPrecioTotal": 4.0,
        "_currency": "USD",
        "_source_line": 21,
        "_auto_extracted": true
      },
      {
        "nCantidad": 1.0,
        "tDescripcion": "Total",
        "nPrecioUnitario": 2.0,
        "nPrecioTotal": 2.0,
        "_currency": "$",
        "_source_line": 21,
        "_auto_extracted": true
      },
      {
        "nCantidad": 1.0,
        "tDescripcion": "Total   $",
        "nPrecioUnitario": 2.0,
        "nPrecioTotal": 2.0,
        "_currency": "USD",
        "_source_line": 21,
        "_auto_extracted": true
      }
    ],
    "mcomprobante": [],
    "marchivo_tipo": [],
    "munidad_medida": []
  }
}