{
  "metadata": {
    "version": "1.0.0",
    "parser": "ExtractorOCR",
    "extraction_date": "2025-11-18T14:23:27.294632",
    "type": "structured",
    "email": "mariadelosangeles.abanto@newmont.com",
    "year": 2025,
    "month": "Octubre",
    "request_id": "eada6176-0aa0-4362-b8ab-f4f1b641fff8",
    "processed_at": "2025-11-18T14:25:11.827917",
    "api_version": "1.0.0",
    "periodo_id": "string"
  },
  "hoja": {
    "tJson": "BSQE\nBS0004\nIN-SH-5801-25P87K\nTRAIN\nT075787 检票:A23\n天津西站 G6269 保定东站\nTianjinxi Baodingdong\n2025年06月17日07:01开 09车02C号\n¥55.5元 二等座\n仅供报销使用\n6105261983****3717 原建勋\n报销凭证遗失不补\n退票改签时须交回车站\n225133000406177075787 JM\nT075786\n保定东站 G1712 天津西站\nBaodingdong Tianjinxi\n2025年06月17日 22:27开 03车04B号\n¥57.5元 二等座\n仅供报销使用\n6105261983****3717 原建勋\n报销凭证遗失不补\n退票改签时须交回车站\n22513300040617T075786 JM\nTAXI\n存根 STUB\n河北通用机打发票(I)\n(出租车卷式)\n国家税务总局\n发行北票联\n发票代码:113002134010\n发票号码:08971903\n识别码:98N66U265V24 (手写无效)\n出租汽车: 0001\n公司: 00012328\n电话:\n车号:冀F-TV275\n证号: 080880\n日期:2025-06-17\n上车: 20:43\n下车: 22:51\n单价:\n里程:\n81.7元\n00:20:00\n等候发票专用章\n状态:\n金额: ¥189.50\n河北交通票证印刷厂2021年3月印\n19.845万卷00000001-19845000\n天津家出租汽车专用发票\nTIANJIN PASSENGER\nTAXI SPECIAL INNOICE\n发票联\nINVOICE\n代码112002060321\nINVOICE CODE\n号码 26473921\nINVOICE No.\n开票日期: 2025-06-17\nDATE\n单位: 0000\nSECTION\n征税号: 911201012\nTAX PAYER'S FILE N№825283563\n电话: 88908890\n车号: AF.37105\nREGISTION MARK No.\n起止时间:17:09 18:06\nTIME\n单价: 3.74元\nTUNIT PRICE\n里程: 36.0km\nXILOMETRE\n等候时间: 00:09.21\nWAITING TIME\n附加费: 0.00元\nADDITIONAL FEE\n金额: 124.00元\nAMOUNT\n卡号:\nCARD No.\n津市客运出。\nPage 1 of 1",
    "tJsonTraducido": null,
    "lFormato": false,
    "iMIdioma": 5,
    "iMDocumentoTipo": 1,
    "tSequentialNumber": "BS0004"
  },
  "additional_data": {
    "mcomprobante": [
      {
        "_stamp_name": "BSQE",
        "_sequential_number": "BS0004",
        "tNumero": "08971903",
        "tSerie": null,
        "tCliente": null
      }
    ],
    "mcomprobante_detalle": [
      {
        "nCantidad": 1.0,
        "tDescripcion": "二等座",
        "nPrecioUnitario": 55.5,
        "nPrecioTotal": 55.5
      },
      {
        "nCantidad": 1.0,
        "tDescripcion": "二等座",
        "nPrecioUnitario": 57.5,
        "nPrecioTotal": 57.5
      },
      {
        "nCantidad": 1.0,
        "tDescripcion": "金额",
        "nPrecioUnitario": 189.5,
        "nPrecioTotal": 189.5
      },
      {
        "nCantidad": 1.0,
        "tDescripcion": "金额",
        "nPrecioUnitario": 124.0,
        "nPrecioTotal": 124.0
      },
      {
        "nCantidad": 1.0,
        "tDescripcion": "等候时间: 00:",
        "nPrecioUnitario": 9.21,
        "nPrecioTotal": 9.21,
        "_currency": "USD",
        "_source_line": 75,
        "_auto_extracted": true
      }
    ],
    "midioma": [
      {
        "iMIdioma": 5,
        "tIdioma": "Chino"
      }
    ],
    "mdocumento_tipo": [
      {
        "iMDocumentoTipo": 1,
        "tTipo": "Comprobante"
      }
    ],
    "mdivisa": [
      {
        "tDivisa": "CNY"
      }
    ],
    "mnaturaleza": [
      {
        "tNaturaleza": "Otro"
      }
    ],
    "mresumen": [],
    "mjornada": [],
    "mjornada_empleado": [],
    "mproveedor": [],
    "marchivo_tipo": [],
    "munidad_medida": []
  }
}