{
  "metadata": {
    "version": "1.0.0",
    "parser": "ExtractorOCR",
    "extraction_date": "2025-11-18T14:21:32.239450",
    "type": "structured",
    "email": "mariadelosangeles.abanto@newmont.com",
    "year": 2025,
    "month": "Octubre",
    "request_id": "eada6176-0aa0-4362-b8ab-f4f1b641fff8",
    "processed_at": "2025-11-18T14:25:11.827917",
    "api_version": "1.0.0",
    "periodo_id": "string"
  },
  "hoja": {
    "tJson": "BSQE\nBS0003\nMETAL\nM/S\n日期\nDate: 28 6.2025\nNo 44702\nNO\n摘要\nPATICULARS\nBUTIR-BUTIR\n数量\nQUANTITY\nKUANTITI\n价格\nUNIT PRICE\nHARGA\n银额\nAMOUNT\nNILAI\n1\n2\n18 80\n3\n4\n5\n6\n7\n8\n9\n10\nUSD 4.80\n11\n货物出门,恕不退换\nGood sold are not returmable / Barang yang dijual tidak boleh dikembalikan\nTOTAL/总额\nJUMLAH\n18 80\nReceived by / Tenma Olen / 收货人 Signature / Tandatangan / 经手人\nUni\n---",
    "tJsonTraducido": null,
    "lFormato": false,
    "iMIdioma": 5,
    "iMDocumentoTipo": 1,
    "tSequentialNumber": "BS0003"
  },
  "additional_data": {
    "mcomprobante": [
      {
        "_stamp_name": "BSQE",
        "_sequential_number": "BS0003",
        "tNumero": null,
        "tSerie": null,
        "tCliente": null
      }
    ],
    "mcomprobante_detalle": [
      {
        "nCantidad": 1.0,
        "tDescripcion": "USD",
        "nPrecioUnitario": 18.8,
        "nPrecioTotal": 18.8
      },
      {
        "nCantidad": 1.0,
        "tDescripcion": "Valor monetario línea 32",
        "nPrecioUnitario": 4.8,
        "nPrecioTotal": 4.8,
        "_currency": "USD",
        "_source_line": 32,
        "_auto_extracted": true
      }
    ],
    "midioma": [
      {
        "iMIdioma": 5,
        "tIdioma": "Chino"
      }
    ],
    "mdocumento_tipo": [
      {
        "iMDocumentoTipo": 1,
        "tTipo": "Comprobante"
      }
    ],
    "mdivisa": [
      {
        "tDivisa": "USD"
      }
    ],
    "mnaturaleza": [
      {
        "tNaturaleza": "Otro"
      }
    ],
    "mresumen": [],
    "mjornada": [],
    "mjornada_empleado": [],
    "mproveedor": [],
    "marchivo_tipo": [],
    "munidad_medida": []
  }
}