{
  "metadata": {
    "version": "1.0.0",
    "parser": "ExtractorOCR",
    "extraction_date": "2025-11-18T14:20:43.029988",
    "type": "structured",
    "email": "mariadelosangeles.abanto@newmont.com",
    "year": 2025,
    "month": "Octubre",
    "request_id": "eada6176-0aa0-4362-b8ab-f4f1b641fff8",
    "processed_at": "2025-11-18T14:25:11.827917",
    "api_version": "1.0.0",
    "periodo_id": "string"
  },
  "hoja": {
    "tJson": "BSQE\nBS0003\nM/S\n日期\nTARIKH 8/6/2025\n数量 摘要 價目 銀額\nNO. KUANTITI JENIS BARANG - BARANG HARGA JUMLAH\n1 23.00\n2\n3\n4\n5\n6\n7\n8\n9 USDJ.60\n貨物出門,恕不退换。\nBarang yang sudah dijual tidak boleh dikembalikan.\nJUMLAH/總計 23.00\n收货人 經手人\nDiterima Oleh. Disahkan Oleh..",
    "tJsonTraducido": null,
    "lFormato": false,
    "iMIdioma": 5,
    "iMDocumentoTipo": 1,
    "tSequentialNumber": "BS0003"
  },
  "additional_data": {
    "mcomprobante": [
      {
        "_stamp_name": "BSQE",
        "_sequential_number": "BS0003",
        "tNumero": null,
        "tSerie": null,
        "fEmision": "8/6/2025",
        "tCliente": null
      }
    ],
    "mcomprobante_detalle": [
      {
        "nCantidad": 23.0,
        "tDescripcion": "USDJ.60",
        "nPrecioUnitario": 1.0,
        "nPrecioTotal": 23.0
      }
    ],
    "midioma": [
      {
        "iMIdioma": 5,
        "tIdioma": "Chino"
      }
    ],
    "mdocumento_tipo": [
      {
        "iMDocumentoTipo": 1,
        "tTipo": "Comprobante"
      }
    ],
    "mnaturaleza": [
      {
        "tNaturaleza": "Otro"
      }
    ],
    "mproveedor": [
      {
        "tRazonSocial": "NO. KUANTITI JENIS BARANG"
      }
    ],
    "mresumen": [],
    "mjornada": [],
    "mjornada_empleado": [],
    "marchivo_tipo": [],
    "mdivisa": [],
    "munidad_medida": []
  }
}