{
  "metadata": {
    "version": "1.0.0",
    "parser": "ExtractorOCR",
    "extraction_date": "2025-11-18T14:20:41.359063",
    "type": "structured",
    "email": "mariadelosangeles.abanto@newmont.com",
    "year": 2025,
    "month": "Octubre",
    "request_id": "eada6176-0aa0-4362-b8ab-f4f1b641fff8",
    "processed_at": "2025-11-18T14:25:11.827917",
    "api_version": "1.0.0",
    "periodo_id": "string"
  },
  "hoja": {
    "tJson": "BECHTEL JOBS NO.: 26443\nProject: Yanacocha AWTP Onshore\nDescription MYR USD USD\nDescription MYR USD USD\nItem No Description MYR USD USD\nToll 82.7 20\nToll 82.7 20\n1 Toll 82.7 20\nHotel 2667 646\nHotel 2445 592.25\n2 Hotel 2445 592.25\nMeal 21.9 5.3\nMeal 20.9 5.1\n3 Meal 27.75 6.75\nMeal 23 5.6\nMeal 14 3.4\n4 Meal 32.4 7.85\nMeal 34.5 8.35\nMeal 18.4 4.45\n5 Meal 26 6.3\nMeal 32.8 7.95\nMeal 21 5.1\n6 Meal 23 5.6\nMeal 25.5 6.2\nMeal 18.7 4.55\n7 Meal 28.6 6.95\nMeal 23.1 5.6\nMeal 22.7 5.5\n8 Meal 21.9 5.3\nMeal 20.65 5\nMeal 33.9 8.2\n9 Meal 22.8 5.55\nMeal 21.3 5.15\nMeal 23.3 5.65\n10 Meal 17.5 4.25\nMeal 22.4 5.45\nMeal 24.5 5.95\n11 Meal 25.2 6.1\nMeal 18.5 4.5\nMeal 18.1 4.4\n12 Meal 18.8 4.8\nMeal 25.9 6.3\nMeal 21.5 5.2\n13 Meal 25.5 6.2\nMeal 20.6 5\nMeal 26.3 6.4\n14 Meal 19.3 4.7\nMeal 19.8 4.8\nMeal 24.8 6\nGrand Total USD 676.15\nGrand Total USD 682.60\nMeal 26.3 6.4\nMeal 22.5 5.45\nGrand Total USD 759.05\nTOTAL EXPENSES $ 2,117.80\nBSQE\nBS0003",
    "tJsonTraducido": null,
    "lFormato": false,
    "iMIdioma": 1,
    "iMDocumentoTipo": 1,
    "tSequentialNumber": "BS0003"
  },
  "additional_data": {
    "mcomprobante": [
      {
        "_stamp_name": "BSQE",
        "_sequential_number": "BS0003",
        "tNumero": null,
        "tSerie": null,
        "nPrecioTotal": 676.15,
        "tCliente": null
      }
    ],
    "mcomprobante_detalle": [
      {
        "nCantidad": 2.0,
        "tDescripcion": "Hotel 2445",
        "nPrecioUnitario": 592.25,
        "nPrecioTotal": 1184.5
      },
      {
        "nCantidad": 3.0,
        "tDescripcion": "Meal 27.75",
        "nPrecioUnitario": 6.75,
        "nPrecioTotal": 20.25
      },
      {
        "nCantidad": 4.0,
        "tDescripcion": "Meal 32.4",
        "nPrecioUnitario": 7.85,
        "nPrecioTotal": 31.4
      },
      {
        "nCantidad": 7.0,
        "tDescripcion": "Meal 28.6",
        "nPrecioUnitario": 6.95,
        "nPrecioTotal": 48.65
      },
      {
        "nCantidad": 9.0,
        "tDescripcion": "Meal 22.8",
        "nPrecioUnitario": 5.55,
        "nPrecioTotal": 49.95
      },
      {
        "nCantidad": 10.0,
        "tDescripcion": "Meal 17.5",
        "nPrecioUnitario": 4.25,
        "nPrecioTotal": 42.5
      },
      {
        "nCantidad": 1.0,
        "tDescripcion": "Toll",
        "nPrecioUnitario": 20.0,
        "nPrecioTotal": 20.0
      },
      {
        "nCantidad": 1.0,
        "tDescripcion": "Hotel",
        "nPrecioUnitario": 592.25,
        "nPrecioTotal": 592.25
      },
      {
        "nCantidad": 1.0,
        "tDescripcion": "Meal",
        "nPrecioUnitario": 6.75,
        "nPrecioTotal": 6.75
      },
      {
        "nCantidad": 1.0,
        "tDescripcion": "Meal",
        "nPrecioUnitario": 7.85,
        "nPrecioTotal": 7.85
      },
      {
        "nCantidad": 1.0,
        "tDescripcion": "Meal",
        "nPrecioUnitario": 6.3,
        "nPrecioTotal": 6.3
      },
      {
        "nCantidad": 1.0,
        "tDescripcion": "Meal",
        "nPrecioUnitario": 5.6,
        "nPrecioTotal": 5.6
      },
      {
        "nCantidad": 1.0,
        "tDescripcion": "Meal",
        "nPrecioUnitario": 6.95,
        "nPrecioTotal": 6.95
      },
      {
        "nCantidad": 1.0,
        "tDescripcion": "Meal",
        "nPrecioUnitario": 5.3,
        "nPrecioTotal": 5.3
      },
      {
        "nCantidad": 1.0,
        "tDescripcion": "Meal",
        "nPrecioUnitario": 5.55,
        "nPrecioTotal": 5.55
      },
      {
        "nCantidad": 1.0,
        "tDescripcion": "Meal",
        "nPrecioUnitario": 4.25,
        "nPrecioTotal": 4.25
      },
      {
        "nCantidad": 1.0,
        "tDescripcion": "Meal",
        "nPrecioUnitario": 6.1,
        "nPrecioTotal": 6.1
      },
      {
        "nCantidad": 1.0,
        "tDescripcion": "Meal",
        "nPrecioUnitario": 4.8,
        "nPrecioTotal": 4.8
      },
      {
        "nCantidad": 1.0,
        "tDescripcion": "Meal",
        "nPrecioUnitario": 6.2,
        "nPrecioTotal": 6.2
      },
      {
        "nCantidad": 1.0,
        "tDescripcion": "Meal",
        "nPrecioUnitario": 4.7,
        "nPrecioTotal": 4.7
      },
      {
        "nCantidad": 1.0,
        "tDescripcion": "Meal",
        "nPrecioUnitario": 6.4,
        "nPrecioTotal": 6.4
      },
      {
        "nCantidad": 1.0,
        "tDescripcion": "Meal",
        "nPrecioUnitario": 5.45,
        "nPrecioTotal": 5.45
      },
      {
        "nCantidad": 1.0,
        "tDescripcion": "TOTAL EXPENSES",
        "nPrecioUnitario": 2117.8,
        "nPrecioTotal": 2117.8,
        "_currency": "$",
        "_source_line": 55,
        "_auto_extracted": true
      },
      {
        "nCantidad": 1.0,
        "tDescripcion": "TOTAL EXPENSES $",
        "nPrecioUnitario": 2117.8,
        "nPrecioTotal": 2117.8,
        "_currency": "USD",
        "_source_line": 55,
        "_auto_extracted": true
      },
      {
        "nCantidad": 1.0,
        "tDescripcion": "Grand Total",
        "nPrecioUnitario": 759.05,
        "nPrecioTotal": 759.05,
        "_currency": "USD",
        "_source_line": 54,
        "_auto_extracted": true
      },
      {
        "nCantidad": 1.0,
        "tDescripcion": "Grand Total",
        "nPrecioUnitario": 682.6,
        "nPrecioTotal": 682.6,
        "_currency": "USD",
        "_source_line": 51,
        "_auto_extracted": true
      },
      {
        "nCantidad": 1.0,
        "tDescripcion": "Grand Total",
        "nPrecioUnitario": 676.15,
        "nPrecioTotal": 676.15,
        "_currency": "USD",
        "_source_line": 50,
        "_auto_extracted": true
      },
      {
        "nCantidad": 1.0,
        "tDescripcion": "Toll",
        "nPrecioUnitario": 82.0,
        "nPrecioTotal": 82.0,
        "_currency": "USD",
        "_source_line": 6,
        "_auto_extracted": true
      },
      {
        "nCantidad": 1.0,
        "tDescripcion": "TOTAL EXPENSES ,117.",
        "nPrecioUnitario": 80.0,
        "nPrecioTotal": 80.0,
        "_currency": "USD",
        "_source_line": 55,
        "_auto_extracted": true
      },
      {
        "nCantidad": 1.0,
        "tDescripcion": "Grand Total USD 682.",
        "nPrecioUnitario": 60.0,
        "nPrecioTotal": 60.0,
        "_currency": "USD",
        "_source_line": 51,
        "_auto_extracted": true
      },
      {
        "nCantidad": 1.0,
        "tDescripcion": "3 Meal",
        "nPrecioUnitario": 27.75,
        "nPrecioTotal": 27.75,
        "_currency": "USD",
        "_source_line": 14,
        "_auto_extracted": true
      },
      {
        "nCantidad": 1.0,
        "tDescripcion": "Meal",
        "nPrecioUnitario": 20.65,
        "nPrecioTotal": 20.65,
        "_currency": "USD",
        "_source_line": 30,
        "_auto_extracted": true
      },
      {
        "nCantidad": 1.0,
        "tDescripcion": "Grand Total USD 676.",
        "nPrecioUnitario": 15.0,
        "nPrecioTotal": 15.0,
        "_currency": "USD",
        "_source_line": 50,
        "_auto_extracted": true
      },
      {
        "nCantidad": 1.0,
        "tDescripcion": "Toll 82.",
        "nPrecioUnitario": 7.0,
        "nPrecioTotal": 7.0,
        "_currency": "USD",
        "_source_line": 6,
        "_auto_extracted": true
      },
      {
        "nCantidad": 1.0,
        "tDescripcion": "Grand Total USD 759.",
        "nPrecioUnitario": 5.0,
        "nPrecioTotal": 5.0,
        "_currency": "USD",
        "_source_line": 54,
        "_auto_extracted": true
      },
      {
        "nCantidad": 1.0,
        "tDescripcion": "TOTAL EXPENSES",
        "nPrecioUnitario": 2.0,
        "nPrecioTotal": 2.0,
        "_currency": "$",
        "_source_line": 55,
        "_auto_extracted": true
      },
      {
        "nCantidad": 1.0,
        "tDescripcion": "TOTAL EXPENSES $",
        "nPrecioUnitario": 2.0,
        "nPrecioTotal": 2.0,
        "_currency": "USD",
        "_source_line": 55,
        "_auto_extracted": true
      },
      {
        "nCantidad": 1.0,
        "tDescripcion": "1 Toll 82.7 20",
        "nPrecioUnitario": 1.0,
        "nPrecioTotal": 1.0,
        "_currency": "USD",
        "_source_line": 8,
        "_auto_extracted": true
      }
    ],
    "midioma": [
      {
        "iMIdioma": 1,
        "tIdioma": "Español"
      }
    ],
    "mdocumento_tipo": [
      {
        "iMDocumentoTipo": 1,
        "tTipo": "Comprobante"
      }
    ],
    "mdivisa": [
      {
        "tDivisa": "USD"
      },
      {
        "tDivisa": "MYR"
      }
    ],
    "mnaturaleza": [
      {
        "tNaturaleza": "Alimentación"
      }
    ],
    "mproveedor": [
      {
        "tRazonSocial": "BECHTEL JOBS NO."
      }
    ],
    "mresumen": [],
    "mjornada": [],
    "mjornada_empleado": [],
    "marchivo_tipo": [],
    "munidad_medida": []
  }
}