{
  "metadata": {
    "version": "1.0.0",
    "parser": "ExtractorOCR",
    "extraction_date": "2025-11-18T14:25:01.349470",
    "type": "structured",
    "email": "mariadelosangeles.abanto@newmont.com",
    "year": 2025,
    "month": "Octubre",
    "request_id": "eada6176-0aa0-4362-b8ab-f4f1b641fff8",
    "processed_at": "2025-11-18T14:25:11.827917",
    "api_version": "1.0.0",
    "periodo_id": "string"
  },
  "hoja": {
    "tJson": "HYATT\nPLACE\nINVOICE\nFanny Lore Flores Fuentes\nAddressline\nTampa, FL 33602\nTel: 813-616-1234 OTEM\nhyatt.com/en-US/hotel/florida/hyatt-\nhouse-tampa-downtown/t\nOE0001\nRoom No. 1017\nArrival 05/26/25\nDeparture 05/28/25\nFolio Window 1\nFolio No.\nConfirmation No. 4491884201\nGroup Name\nBooking No. 2191402775\nDate Description Charges Credits\n05/25/25 Deposit Transferred at C/I 575.19\n05/25/25 No Show Room 169.00\n05/25/25 Occupancy Tax 6% 10.14\n05/25/25 Hillsborough Tax 0.85\n05/25/25 Hillsborough County Tourist 10.14\nDevelopment Tax 6%\n05/26/25 - Corazon Restaurant Lunch Food Room# 1017: CHECK# 0376841 79.98\n05/26/25 Accommodation 169.00\n05/26/25 Occupancy Tax 6% 10.14\n05/26/25 Hillsborough Tax 0.85\n05/26/25 Hillsborough County Tourist 10.14\nDevelopment Tax 6%\n05/26/25 City TMD 1.60\n05/27/25 Accommodation 169.00\n05/27/25 Occupancy Tax 6% 10.14\n05/27/25 Hillsborough Tax 0.85\n05/27/25 Hillsborough County Tourist 10.14\nDevelopment Tax 6%\n05/27/25 City TMD 1.60\n05/28/25 Master Card XXXXXXXXXXXXXXXX9743 XX/XX 78.38\nGuest Signature\nI agree that my liability for this bill is not waived and I agree\nto be held personally liable in the event that the indicated\nperson, company or association fails to pay for any part or\nthe full amount of these charges.\nWorld of Hyatt Summary\nNo Membership to be credited\nJoin World of Hyatt today and start\nearning points for stays, dining and more.\nVisit www.worldofhyatt.com\nTotal 653.57 653.57\nBalance 0.00\nWE HOPE YOU ENJOYED YOUR STAY WITH US!\nThank you for choosing Hyatt Place Tampa Downtown. Our goal is to provide every\nguest with an exceptional stay, and we are interested in any comments regarding your\nvisit. Please let us know your thoughts at TPAZD-\nGuest.Service.HyattPlaceTampaDowntown@hyatt.com or contact us by telephone at\n813-616-1234.\nPlease remit payment to:\nHyatt Place Tampa Downtown\n325 N Florida Ave\nTampa, FL 33602\nUnited States",
    "tJsonTraducido": null,
    "lFormato": false,
    "iMIdioma": 2,
    "iMDocumentoTipo": 1,
    "tSequentialNumber": "OE0001"
  },
  "additional_data": {
    "mcomprobante": [
      {
        "_stamp_name": "OTEM",
        "_sequential_number": "OE0001",
        "tNumero": "Fanny",
        "tSerie": null,
        "fEmision": "05/26/25",
        "nPrecioTotal": 653.0,
        "tCliente": null
      }
    ],
    "mcomprobante_detalle": [
      {
        "nCantidad": 1.0,
        "tDescripcion": "Deposit Transferred at C/I",
        "nPrecioUnitario": 575.19,
        "nPrecioTotal": 575.19
      },
      {
        "nCantidad": 1.0,
        "tDescripcion": "No Show Room",
        "nPrecioUnitario": 169.0,
        "nPrecioTotal": 169.0
      },
      {
        "nCantidad": 1.0,
        "tDescripcion": "Corazon Restaurant Lunch Food Room# 1017: CHECK# 0376841",
        "nPrecioUnitario": 79.98,
        "nPrecioTotal": 79.98
      },
      {
        "nCantidad": 1.0,
        "tDescripcion": "Accommodation",
        "nPrecioUnitario": 169.0,
        "nPrecioTotal": 169.0
      },
      {
        "nCantidad": 1.0,
        "tDescripcion": "City TMD",
        "nPrecioUnitario": 1.6,
        "nPrecioTotal": 1.6
      },
      {
        "nCantidad": 1.0,
        "tDescripcion": "Accommodation",
        "nPrecioUnitario": 169.0,
        "nPrecioTotal": 169.0
      },
      {
        "nCantidad": 1.0,
        "tDescripcion": "City TMD",
        "nPrecioUnitario": 1.6,
        "nPrecioTotal": 1.6
      },
      {
        "nCantidad": 1.0,
        "tDescripcion": "Total",
        "nPrecioUnitario": 653.57,
        "nPrecioTotal": 653.57,
        "_currency": "USD",
        "_source_line": 50,
        "_auto_extracted": true
      },
      {
        "nCantidad": 1.0,
        "tDescripcion": "05/28/25 Master Card XXXXXXXXXXXXXXXX9743 XX/XX",
        "nPrecioUnitario": 78.38,
        "nPrecioTotal": 78.38,
        "_currency": "USD",
        "_source_line": 39,
        "_auto_extracted": true
      },
      {
        "nCantidad": 1.0,
        "tDescripcion": "Total 653.",
        "nPrecioUnitario": 57.0,
        "nPrecioTotal": 57.0,
        "_currency": "USD",
        "_source_line": 50,
        "_auto_extracted": true
      },
      {
        "nCantidad": 1.0,
        "tDescripcion": "05/25/25 Occupancy Tax 6%",
        "nPrecioUnitario": 10.14,
        "nPrecioTotal": 10.14,
        "_currency": "USD",
        "_source_line": 22,
        "_auto_extracted": true
      }
    ],
    "midioma": [
      {
        "iMIdioma": 2,
        "tIdioma": "Inglés"
      }
    ],
    "mdocumento_tipo": [
      {
        "iMDocumentoTipo": 1,
        "tTipo": "Comprobante"
      }
    ],
    "mdivisa": [
      {
        "tDivisa": "USD"
      }
    ],
    "mnaturaleza": [
      {
        "tNaturaleza": "Otro"
      }
    ],
    "mresumen": [],
    "mjornada": [],
    "mjornada_empleado": [],
    "mproveedor": [],
    "marchivo_tipo": [],
    "munidad_medida": []
  }
}