{
  "metadata": {
    "version": "1.0.0",
    "parser": "ExtractorOCR",
    "extraction_date": "2025-11-18T14:22:39.621826",
    "type": "structured",
    "email": "mariadelosangeles.abanto@newmont.com",
    "year": 2025,
    "month": "Octubre",
    "request_id": "eada6176-0aa0-4362-b8ab-f4f1b641fff8",
    "processed_at": "2025-11-18T14:25:11.827917",
    "api_version": "1.0.0",
    "periodo_id": "string"
  },
  "hoja": {
    "tJson": "BSQE\nBS0004\nMonth: Jun-25\nSGS-CSTC Standards Technical Service., Ltd. Shanghai Branch\nProject Monthly Expense\nSQR/AEX:Allen Zhu\nDate Assignment No. Charge No. Report No. Country Type of Activity Type Kilometer Amount Hotel (USD) Total (USD)\n1\n2\n3\n4\n5\n6 26196-150-155018-MCCR-YZ-AC 2619645S 26196-150-155018-MCCR-YQ-AC-002 China SQR Taxl+Train ¥340.00 $52.31\n7\n8\n9\n10\n11\n12\n13\n14\n15\n16\n17 26443-220-YZA-MPVT-10001 26442-223 26443-220-YQA-MPVT-10001 China SQR Taxl+Train ¥332.00 $51.08\n18\n19\n20\n21\n22\n23\n24 26196-160-285942-JV14-YZ-A 26196-45S 26196-160-285942-JV14-YQ-A-005 China SQR Taxl ¥298.00 $45.85\n25\n26\n27\n28\n29\n30\nTotal China SQR $149.23 $0.00 $149.23\n表格说明\nCURRENCY EXCHANGE RATE: 1USD=6.5RMB\nNIGHT SHIFT-7PM-7AM WILL BE CHARGED AT 1.5 TIMES UNIT RATE\nSATURDAYS WILL BE CHARGED AT 1.25 TIMES UNIT RATE\nSUNDAYS & PUBLIC HOLIDAYS WILL BE CHARGED AT 1.5 TIMES UNIT RATE\nUNIT RATE APPLIES TO ALL INSPECTION. TRAVEL AND REPORTING TIME\nUNIT RATE IS NET OF APPLICABLE LOCAL AND FEDERAL TAXES OF COUNTRY OF EXECUTION (E. G. VAT. ETC)\nMINIMUM CHARGE OF 5 HOURS APPLIES TO EACH EVENT (PER DATE AND SITE)",
    "tJsonTraducido": null,
    "lFormato": false,
    "iMIdioma": 5,
    "iMDocumentoTipo": 1,
    "tSequentialNumber": "BS0004"
  },
  "additional_data": {
    "mcomprobante": [
      {
        "_stamp_name": "BSQE",
        "_sequential_number": "BS0004",
        "tNumero": null,
        "tSerie": null,
        "nPrecioTotal": 1.0,
        "tCliente": null
      }
    ],
    "mcomprobante_detalle": [
      {
        "nCantidad": 1.0,
        "tDescripcion": "Taxl+Train ¥340.00",
        "nPrecioUnitario": 52.31,
        "nPrecioTotal": 52.31
      },
      {
        "nCantidad": 1.0,
        "tDescripcion": "Taxl+Train ¥332.00",
        "nPrecioUnitario": 51.08,
        "nPrecioTotal": 51.08
      },
      {
        "nCantidad": 1.0,
        "tDescripcion": "Taxl ¥298.00",
        "nPrecioUnitario": 45.85,
        "nPrecioTotal": 45.85
      },
      {
        "nCantidad": 1.0,
        "tDescripcion": "6 26196-150-155018-MCCR-YZ-AC 2619645S 26196-150-155018-MCCR-YQ-AC-002 China SQR Taxl+Train ¥",
        "nPrecioUnitario": 340.0,
        "nPrecioTotal": 340.0,
        "_currency": "USD",
        "_source_line": 13,
        "_auto_extracted": true
      },
      {
        "nCantidad": 1.0,
        "tDescripcion": "17 26443-220-YZA-MPVT-10001 26442-223 26443-220-YQA-MPVT-10001 China SQR Taxl+Train ¥",
        "nPrecioUnitario": 332.0,
        "nPrecioTotal": 332.0,
        "_currency": "USD",
        "_source_line": 24,
        "_auto_extracted": true
      },
      {
        "nCantidad": 1.0,
        "tDescripcion": "24 26196-160-285942-JV14-YZ-A 26196-45S 26196-160-285942-JV14-YQ-A-005 China SQR Taxl ¥",
        "nPrecioUnitario": 298.0,
        "nPrecioTotal": 298.0,
        "_currency": "USD",
        "_source_line": 31,
        "_auto_extracted": true
      },
      {
        "nCantidad": 1.0,
        "tDescripcion": "Total China SQR",
        "nPrecioUnitario": 149.23,
        "nPrecioTotal": 149.23,
        "_currency": "$",
        "_source_line": 38,
        "_auto_extracted": true
      },
      {
        "nCantidad": 1.0,
        "tDescripcion": "Total China SQR $",
        "nPrecioUnitario": 149.23,
        "nPrecioTotal": 149.23,
        "_currency": "USD",
        "_source_line": 38,
        "_auto_extracted": true
      },
      {
        "nCantidad": 1.0,
        "tDescripcion": "Total China SQR",
        "nPrecioUnitario": 149.0,
        "nPrecioTotal": 149.0,
        "_currency": "$",
        "_source_line": 38,
        "_auto_extracted": true
      },
      {
        "nCantidad": 1.0,
        "tDescripcion": "24 26196-160-285942-JV14-YZ-A 26196-45S 26196-160-285942-JV14-YQ-A-005 China SQR Taxl ¥ .",
        "nPrecioUnitario": 85.0,
        "nPrecioTotal": 85.0,
        "_currency": "USD",
        "_source_line": 31,
        "_auto_extracted": true
      },
      {
        "nCantidad": 1.0,
        "tDescripcion": "6 26196-150-155018-MCCR-YZ-AC 2619645S 26196-150-155018-MCCR-YQ-AC-002 China SQR Taxl+Train ¥",
        "nPrecioUnitario": 52.0,
        "nPrecioTotal": 52.0,
        "_currency": "$",
        "_source_line": 13,
        "_auto_extracted": true
      },
      {
        "nCantidad": 1.0,
        "tDescripcion": "6 26196-150-155018-MCCR-YZ-AC 2619645S 26196-150-155018-MCCR-YQ-AC-002 China SQR Taxl+Train ¥ $",
        "nPrecioUnitario": 52.0,
        "nPrecioTotal": 52.0,
        "_currency": "USD",
        "_source_line": 13,
        "_auto_extracted": true
      },
      {
        "nCantidad": 1.0,
        "tDescripcion": "17 26443-220-YZA-MPVT-10001 26442-223 26443-220-YQA-MPVT-10001 China SQR Taxl+Train ¥",
        "nPrecioUnitario": 51.0,
        "nPrecioTotal": 51.0,
        "_currency": "$",
        "_source_line": 24,
        "_auto_extracted": true
      },
      {
        "nCantidad": 1.0,
        "tDescripcion": "17 26443-220-YZA-MPVT-10001 26442-223 26443-220-YQA-MPVT-10001 China SQR Taxl+Train ¥ $",
        "nPrecioUnitario": 51.0,
        "nPrecioTotal": 51.0,
        "_currency": "USD",
        "_source_line": 24,
        "_auto_extracted": true
      },
      {
        "nCantidad": 1.0,
        "tDescripcion": "24 26196-160-285942-JV14-YZ-A 26196-45S 26196-160-285942-JV14-YQ-A-005 China SQR Taxl ¥",
        "nPrecioUnitario": 45.0,
        "nPrecioTotal": 45.0,
        "_currency": "$",
        "_source_line": 31,
        "_auto_extracted": true
      },
      {
        "nCantidad": 1.0,
        "tDescripcion": "24 26196-160-285942-JV14-YZ-A 26196-45S 26196-160-285942-JV14-YQ-A-005 China SQR Taxl ¥ $",
        "nPrecioUnitario": 45.0,
        "nPrecioTotal": 45.0,
        "_currency": "USD",
        "_source_line": 31,
        "_auto_extracted": true
      },
      {
        "nCantidad": 1.0,
        "tDescripcion": "6 26196-150-155018-MCCR-YZ-AC 2619645S 26196-150-155018-MCCR-YQ-AC-002 China SQR Taxl+Train ¥ .",
        "nPrecioUnitario": 31.0,
        "nPrecioTotal": 31.0,
        "_currency": "USD",
        "_source_line": 13,
        "_auto_extracted": true
      },
      {
        "nCantidad": 1.0,
        "tDescripcion": "24 26196-160-285942-JV14-YZ-A 26196-45S 26196-160-285942-JV14-YQ-A-005 China SQR Taxl ¥",
        "nPrecioUnitario": 24.0,
        "nPrecioTotal": 24.0,
        "_currency": "USD",
        "_source_line": 31,
        "_auto_extracted": true
      },
      {
        "nCantidad": 1.0,
        "tDescripcion": "Total China SQR .",
        "nPrecioUnitario": 23.0,
        "nPrecioTotal": 23.0,
        "_currency": "USD",
        "_source_line": 38,
        "_auto_extracted": true
      },
      {
        "nCantidad": 1.0,
        "tDescripcion": "17 26443-220-YZA-MPVT-10001 26442-223 26443-220-YQA-MPVT-10001 China SQR Taxl+Train ¥",
        "nPrecioUnitario": 17.0,
        "nPrecioTotal": 17.0,
        "_currency": "USD",
        "_source_line": 24,
        "_auto_extracted": true
      },
      {
        "nCantidad": 1.0,
        "tDescripcion": "17 26443-220-YZA-MPVT-10001 26442-223 26443-220-YQA-MPVT-10001 China SQR Taxl+Train ¥ .",
        "nPrecioUnitario": 8.0,
        "nPrecioTotal": 8.0,
        "_currency": "USD",
        "_source_line": 24,
        "_auto_extracted": true
      },
      {
        "nCantidad": 1.0,
        "tDescripcion": "6 26196-150-155018-MCCR-YZ-AC 2619645S 26196-150-155018-MCCR-YQ-AC-002 China SQR Taxl+Train ¥",
        "nPrecioUnitario": 6.0,
        "nPrecioTotal": 6.0,
        "_currency": "USD",
        "_source_line": 13,
        "_auto_extracted": true
      }
    ],
    "midioma": [
      {
        "iMIdioma": 5,
        "tIdioma": "Chino"
      }
    ],
    "mdocumento_tipo": [
      {
        "iMDocumentoTipo": 1,
        "tTipo": "Comprobante"
      }
    ],
    "mdivisa": [
      {
        "tDivisa": "USD"
      },
      {
        "tDivisa": "CNY"
      }
    ],
    "mnaturaleza": [
      {
        "tNaturaleza": "Otro"
      }
    ],
    "mproveedor": [
      {
        "tRazonSocial": "BSQE\nBS"
      }
    ],
    "mresumen": [],
    "mjornada": [],
    "mjornada_empleado": [],
    "marchivo_tipo": [],
    "munidad_medida": []
  }
}