{
  "metadata": {
    "version": "1.0.0",
    "parser": "ExtractorOCR",
    "extraction_date": "2025-11-18T14:21:35.810366",
    "type": "structured",
    "email": "mariadelosangeles.abanto@newmont.com",
    "year": 2025,
    "month": "Octubre",
    "request_id": "eada6176-0aa0-4362-b8ab-f4f1b641fff8",
    "processed_at": "2025-11-18T14:25:11.827917",
    "api_version": "1.0.0",
    "periodo_id": "string"
  },
  "hoja": {
    "tJson": "BECHTEL\nInvoice Approval Report\nBSQE\nBS0003\nPage 1 of 25\nSupplier Data\nSupplier Name\nHAWK INTERNATIONAL SRL\nSupplier Number\n1000050793\nOperating Unit\n82\nInvoice Group Detail\nInvoice Group\nINV Group ID\nInvoice Number\nBSQEUSD\n751671\n33025\nBSQEUSD\n751671\n33125\nBSQEUSD\n751671\n33225\nBSQEUSD\n751671\n33325\nBSQEUSD\n751671\n33425\nBSQEUSD\n751671\n33525\nBSQEUSD\n751671\n33625\nBSQEUSD\n751671\n33725\nBSQEUSD\n751671\n33825\nBSQEUSD\n751671\n33925\nInvoice Data\nInvoice Number\n33525\nPO Number\n446477\nInvoice Date\n30-JUN-25\nInvoice Amount\n3758.14\nInvoice Description\nAPPROVAL REQ PO REV REQ\nLine Line Nat Job Sub Cost Acct Sale Acct Sale Acct Sale Red Red Net Inv Comments\nType Amount Class Job Job Code Tax Rate Tax Basis Tax Amt Type Amount Amount\n890 264 223\n42\nApproval History Details\nSeq No Reviewer Emp# Approval Limit Review Date Status Comments\n1651363- AMSEMIEN 233673 22-JUL-25 APPROVED\n1",
    "tJsonTraducido": null,
    "lFormato": false,
    "iMIdioma": 2,
    "iMDocumentoTipo": 1,
    "tSequentialNumber": "BS0003"
  },
  "additional_data": {
    "mcomprobante": [
      {
        "_stamp_name": "BSQE",
        "_sequential_number": "BS0003",
        "tNumero": "33525",
        "tSerie": null,
        "nPrecioTotal": 3758.14,
        "tCliente": null,
        "_oracle_operating_unit": "82",
        "_oracle_supplier_name": "HAWK INTERNATIONAL SRL"
      }
    ],
    "mproveedor": [
      {
        "tRazonSocial": "HAWK INTERNATIONAL SRL\nSupplier Number"
      }
    ],
    "midioma": [
      {
        "iMIdioma": 2,
        "tIdioma": "Inglés"
      }
    ],
    "mdocumento_tipo": [
      {
        "iMDocumentoTipo": 1,
        "tTipo": "Comprobante"
      }
    ],
    "mdivisa": [
      {
        "tDivisa": "USD"
      }
    ],
    "mnaturaleza": [
      {
        "tNaturaleza": "Otro"
      }
    ],
    "mcomprobante_detalle": [
      {
        "nCantidad": 1.0,
        "tDescripcion": "Valor monetario línea 55",
        "nPrecioUnitario": 3758.14,
        "nPrecioTotal": 3758.14,
        "_currency": "USD",
        "_source_line": 55,
        "_auto_extracted": true
      }
    ],
    "mresumen": [],
    "mjornada": [],
    "mjornada_empleado": [],
    "marchivo_tipo": [],
    "munidad_medida": []
  }
}