{
  "metadata": {
    "version": "1.0.0",
    "parser": "ExtractorOCR",
    "extraction_date": "2025-11-18T14:24:05.612003",
    "type": "structured",
    "email": "mariadelosangeles.abanto@newmont.com",
    "year": 2025,
    "month": "Octubre",
    "request_id": "eada6176-0aa0-4362-b8ab-f4f1b641fff8",
    "processed_at": "2025-11-18T14:25:11.827917",
    "api_version": "1.0.0",
    "periodo_id": "string"
  },
  "hoja": {
    "tJson": "总计:1060元\nBSQE\nBS0004\n承揽人员差旅费用清单\nINDINSP-SOP-09-05-TJ\n天津家运出租汽车专用发票\nTHANJIN PASSENGER\nTAKA SPECIAL INVOICE\n发票联\nINVOICE\n代码112002060121\nINVOICE CICE\n号码 40458905\nINVOICE\n开票日期: 2025-06-24\nDATE\n清单位:\nSECTION\n黑税号:\n000\n911201011\nTOPFIL N17434188K\n电话:\nTEL\n88908890\nAA.L8161\nREGISTION WARK N\n车号:\n穿起止时间:07:24 08:25\nM\n单价:\nUNIT PRICE\n里程:\nNILOMETRE\n安等候时间:\nWALTING TIME\n附加费:\nABUITIONAL TEE\n三金额:\nAMINT\n卡号:\nCARD No.\n卡原额:\nCARD ORIGINA SUN\n卡余额:\nCARD BALANCE\n3.74元\n36.2km\n00:23.49\n8.00元\n132.00元\n发票代码:132112181210\n发票号码:17600014\n单位镇江扬子\n本发票于写无效\n车号\nL-DK6195\n日期2025年06月25日\n上车K0920 07:27\n下车\n单价\n里程\n09:21\n3.00元/公里\n70.1公里\n00:21.12\n等候\n金額\n219.00元\n监督电话:\n果物\n手写无效\n江苏通用机打发票\n国家税务总局\n发票联\n132022281210\n31884290\n运管监督电话:(0510) 12328\n税务举报电话:(0510) 12366\n车号\n证号\n日期 2025年06月25日\n上本(K0970)17:03\nB2T830\n24119221\n下车\n单价\n里程\n等候\n18:49\n2.85元\n74.1km\n00:16.34\n+0.00元\n※金額 2218.00元\n余额\nY028886\n天津西站\nTianjinxi\nG261\n2025年06月24日 08:44开\n¥491.0元\n仅供报销使用\n检票:B10\n镇江南站\nZhenjiangnan\n05年01号\n1202211973****0216 李风福\n报销凭证遗失不补\n退票改签时须交回车站\n16010302490624Y028886 JM\n二等座\n的士费用: 132+437=569元\n2025年6月24-25日天津-镇江(24日)单程,镇江-无锡-镇江(往返1天)\n569+491=1060元\n[V:00, Dec.2020]\n火车 491元\nPage 1 of 1",
    "tJsonTraducido": null,
    "lFormato": false,
    "iMIdioma": 5,
    "iMDocumentoTipo": 1,
    "tSequentialNumber": "BS0004"
  },
  "additional_data": {
    "mcomprobante": [
      {
        "_stamp_name": "BSQE",
        "_sequential_number": "BS0004",
        "tNumero": "17600014",
        "tSerie": null,
        "tCliente": null
      }
    ],
    "mcomprobante_detalle": [
      {
        "nCantidad": 1.0,
        "tDescripcion": "132.00元",
        "nPrecioUnitario": 132.0,
        "nPrecioTotal": 132.0
      },
      {
        "nCantidad": 1.0,
        "tDescripcion": "219.00元",
        "nPrecioUnitario": 219.0,
        "nPrecioTotal": 219.0
      },
      {
        "nCantidad": 1.0,
        "tDescripcion": "2218.00元",
        "nPrecioUnitario": 2218.0,
        "nPrecioTotal": 2218.0
      },
      {
        "nCantidad": 1.0,
        "tDescripcion": "¥491.0元",
        "nPrecioUnitario": 491.0,
        "nPrecioTotal": 491.0
      },
      {
        "nCantidad": 1.0,
        "tDescripcion": "00:",
        "nPrecioUnitario": 23.49,
        "nPrecioTotal": 23.49,
        "_currency": "USD",
        "_source_line": 49,
        "_auto_extracted": true
      },
      {
        "nCantidad": 1.0,
        "tDescripcion": "00:",
        "nPrecioUnitario": 21.12,
        "nPrecioTotal": 21.12,
        "_currency": "USD",
        "_source_line": 66,
        "_auto_extracted": true
      },
      {
        "nCantidad": 1.0,
        "tDescripcion": "00:",
        "nPrecioUnitario": 16.34,
        "nPrecioTotal": 16.34,
        "_currency": "USD",
        "_source_line": 93,
        "_auto_extracted": true
      }
    ],
    "midioma": [
      {
        "iMIdioma": 5,
        "tIdioma": "Chino"
      }
    ],
    "mdocumento_tipo": [
      {
        "iMDocumentoTipo": 1,
        "tTipo": "Comprobante"
      }
    ],
    "mdivisa": [
      {
        "tDivisa": "CNY"
      }
    ],
    "mnaturaleza": [
      {
        "tNaturaleza": "Otro"
      }
    ],
    "mproveedor": [
      {
        "tRazonSocial": "THANJIN PASSENGER"
      }
    ],
    "mresumen": [],
    "mjornada": [],
    "mjornada_empleado": [],
    "marchivo_tipo": [],
    "munidad_medida": []
  }
}