{
  "metadata": {
    "version": "1.0.0",
    "parser": "ExtractorOCR",
    "extraction_date": "2025-11-18T14:20:50.831664",
    "type": "structured",
    "email": "mariadelosangeles.abanto@newmont.com",
    "year": 2025,
    "month": "Octubre",
    "request_id": "eada6176-0aa0-4362-b8ab-f4f1b641fff8",
    "processed_at": "2025-11-18T14:25:11.827917",
    "api_version": "1.0.0",
    "periodo_id": "string"
  },
  "hoja": {
    "tJson": "BSQE\nBS0003\nMBL\n日期\nTarikh 12/6 No.\n數量 摘要 價目 银額\nBANYAK JENIS BARANG-BARANG HARGA JUMLAH\n22.40\nUSD 5.45\n總计\nJUMLAH RM 22.40\nTanda Tangan 經手人",
    "tJsonTraducido": null,
    "lFormato": false,
    "iMIdioma": 5,
    "iMDocumentoTipo": 1,
    "tSequentialNumber": "BS0003"
  },
  "additional_data": {
    "mcomprobante": [
      {
        "_stamp_name": "BSQE",
        "_sequential_number": "BS0003",
        "tNumero": null,
        "tSerie": null,
        "nPrecioTotal": 22.4,
        "tCliente": null
      }
    ],
    "mcomprobante_detalle": [
      {
        "nCantidad": 1.0,
        "tDescripcion": "總计",
        "nPrecioUnitario": 22.4,
        "nPrecioTotal": 22.4
      },
      {
        "nCantidad": 1.0,
        "tDescripcion": "JUMLAH",
        "nPrecioUnitario": 22.4,
        "nPrecioTotal": 22.4
      },
      {
        "nCantidad": 1.0,
        "tDescripcion": "Valor monetario línea 9",
        "nPrecioUnitario": 5.45,
        "nPrecioTotal": 5.45,
        "_currency": "USD",
        "_source_line": 9,
        "_auto_extracted": true
      }
    ],
    "midioma": [
      {
        "iMIdioma": 5,
        "tIdioma": "Chino"
      }
    ],
    "mdocumento_tipo": [
      {
        "iMDocumentoTipo": 1,
        "tTipo": "Comprobante"
      }
    ],
    "mdivisa": [
      {
        "tDivisa": "RM"
      },
      {
        "tDivisa": "USD"
      }
    ],
    "mnaturaleza": [
      {
        "tNaturaleza": "Otro"
      }
    ],
    "mproveedor": [
      {
        "tRazonSocial": "BANYAK JENIS BARANG"
      }
    ],
    "mresumen": [],
    "mjornada": [],
    "mjornada_empleado": [],
    "marchivo_tipo": [],
    "munidad_medida": []
  }
}