{
  "metadata": {
    "version": "1.0.0",
    "parser": "ExtractorOCR",
    "extraction_date": "2025-11-18T14:24:50.416102",
    "type": "structured",
    "email": "mariadelosangeles.abanto@newmont.com",
    "year": 2025,
    "month": "Octubre",
    "request_id": "eada6176-0aa0-4362-b8ab-f4f1b641fff8",
    "processed_at": "2025-11-18T14:25:11.827917",
    "api_version": "1.0.0",
    "periodo_id": "string"
  },
  "hoja": {
    "tJson": "Flores Fuentes, Fanny\nFrom: Uber Receipts <noreply@uber.com>\nSent: martes, 27 de mayo de 2025 8:39\nTo: Flores Fuentes, Fanny\nSubject: [Business] Your Tuesday morning trip with Uber\nhotel-of OTEM\nProud OE0001\nThis Email Originated Outside of Bechtel\nCaution: Do not click links or open attachments unless you recognize the sender and know the content is safe.\nX\nTotal $23.92\nMay 27, 2025\nTotal $23.92 ✓\nIn December 2024 in Florida, roughly 21% of customers' fares went\ntoward covering government-mandated commercial insurance for\nrideshare/TNC (transportation network company) trips. Take action to\nbring down costs.\nTrip fare $11.74\nReserve Premium $6.00\n1",
    "tJsonTraducido": null,
    "lFormato": false,
    "iMIdioma": 2,
    "iMDocumentoTipo": 99,
    "tSequentialNumber": "OE0001"
  },
  "additional_data": {
    "midioma": [
      {
        "iMIdioma": 2,
        "tIdioma": "Inglés"
      }
    ],
    "mdocumento_tipo": [
      {
        "iMDocumentoTipo": 99,
        "tTipo": "Desconocido"
      }
    ],
    "mdivisa": [
      {
        "tDivisa": "USD"
      }
    ],
    "mnaturaleza": [
      {
        "tNaturaleza": "Otro"
      }
    ],
    "mproveedor": [
      {
        "tRazonSocial": "TEM\nProud OE"
      }
    ],
    "mcomprobante_detalle": [
      {
        "nCantidad": 1.0,
        "tDescripcion": "Total .",
        "nPrecioUnitario": 92.0,
        "nPrecioTotal": 92.0,
        "_currency": "USD",
        "_source_line": 11,
        "_auto_extracted": true
      },
      {
        "nCantidad": 1.0,
        "tDescripcion": "Trip fare .",
        "nPrecioUnitario": 74.0,
        "nPrecioTotal": 74.0,
        "_currency": "USD",
        "_source_line": 18,
        "_auto_extracted": true
      },
      {
        "nCantidad": 1.0,
        "tDescripcion": "Total",
        "nPrecioUnitario": 23.92,
        "nPrecioTotal": 23.92,
        "_currency": "$",
        "_source_line": 11,
        "_auto_extracted": true
      },
      {
        "nCantidad": 1.0,
        "tDescripcion": "Total $",
        "nPrecioUnitario": 23.92,
        "nPrecioTotal": 23.92,
        "_currency": "USD",
        "_source_line": 11,
        "_auto_extracted": true
      },
      {
        "nCantidad": 1.0,
        "tDescripcion": "Total",
        "nPrecioUnitario": 23.0,
        "nPrecioTotal": 23.0,
        "_currency": "$",
        "_source_line": 11,
        "_auto_extracted": true
      },
      {
        "nCantidad": 1.0,
        "tDescripcion": "Total $",
        "nPrecioUnitario": 23.0,
        "nPrecioTotal": 23.0,
        "_currency": "USD",
        "_source_line": 11,
        "_auto_extracted": true
      },
      {
        "nCantidad": 1.0,
        "tDescripcion": "Trip fare",
        "nPrecioUnitario": 11.74,
        "nPrecioTotal": 11.74,
        "_currency": "$",
        "_source_line": 18,
        "_auto_extracted": true
      },
      {
        "nCantidad": 1.0,
        "tDescripcion": "Trip fare $",
        "nPrecioUnitario": 11.74,
        "nPrecioTotal": 11.74,
        "_currency": "USD",
        "_source_line": 18,
        "_auto_extracted": true
      },
      {
        "nCantidad": 1.0,
        "tDescripcion": "Trip fare",
        "nPrecioUnitario": 11.0,
        "nPrecioTotal": 11.0,
        "_currency": "$",
        "_source_line": 18,
        "_auto_extracted": true
      },
      {
        "nCantidad": 1.0,
        "tDescripcion": "Trip fare $",
        "nPrecioUnitario": 11.0,
        "nPrecioTotal": 11.0,
        "_currency": "USD",
        "_source_line": 18,
        "_auto_extracted": true
      },
      {
        "nCantidad": 1.0,
        "tDescripcion": "Reserve Premium",
        "nPrecioUnitario": 6.0,
        "nPrecioTotal": 6.0,
        "_currency": "$",
        "_source_line": 19,
        "_auto_extracted": true
      },
      {
        "nCantidad": 1.0,
        "tDescripcion": "Reserve Premium $",
        "nPrecioUnitario": 6.0,
        "nPrecioTotal": 6.0,
        "_currency": "USD",
        "_source_line": 19,
        "_auto_extracted": true
      }
    ],
    "mresumen": [],
    "mcomprobante": [],
    "mjornada": [],
    "mjornada_empleado": [],
    "marchivo_tipo": [],
    "munidad_medida": []
  }
}