{
  "metadata": {
    "version": "1.0.0",
    "parser": "ExtractorOCR",
    "extraction_date": "2025-11-18T14:23:43.407461",
    "type": "structured",
    "email": "mariadelosangeles.abanto@newmont.com",
    "year": 2025,
    "month": "Octubre",
    "request_id": "eada6176-0aa0-4362-b8ab-f4f1b641fff8",
    "processed_at": "2025-11-18T14:25:11.827917",
    "api_version": "1.0.0",
    "periodo_id": "string"
  },
  "hoja": {
    "tJson": "BSQE\nBS0004\n辽税票通(2022)71号 鞍山市方美印务有限公司20224\n辽宁省税务局\n发票代码:121082271141\n发票号码:05895280\n监督电话\n营口市市场监督管理局:12315\n发票专用\n营口市交通运输局:12328\n市出租汽\n机打发票,手写无效\n单位: 蟠龙公司\n电话: 3681368\n车号:辽 H -HE380\n日期: 2025年06月19日\n上车: 08:53\n下车: 09:35\n里程: 30.0公里\n等候: 00:02.01\n金额: 70.00元\n辽税票通(2022)71号 鞍山市方美印务有限公司2022年9月印關\n辽宁省税务局\n发 家总联\n辽宁省税务局\n发票代码:121082271141\n发票号码:05895528\n监督电话:\n市出租汽\n发票专用章\n营口市市场监督管理局(2315\n营口市交通运输局:12328\n机打发票,手写无效\n发\n联\n辽宁省税务局\n发票代码:121082271141\n发票\n辽宁\n营\n发票号码:05895256\n监督电话\n玉出租汽\n营口市市场监督管理局2315\n发票专用章\n营口市交通运输局:12328\n机打发票,手写无效\n车\n右包潮汽车与发票\n4国家格备总局\n发 联\n辽宁省税务\n发票代码:121082271141\n发票号码:05895253\n监督电话:\n市出租汽\n营口市市场监督管理局 12315\n发票专用登\n营口市交通运输局:12328\n辽宁省\n营口布\n国家备总局\n17辽宁省税务\n联\n发票代码:121082271141\n发票号码:05.895247\n监督电话:\n画\n票\n市出租汽\n营口市市场监督管理局 12315\n发票专用章\n营口市交通运输局:12328\n机打发票,手写无效\n机打发票,手写无效\n单位: 辰州公司\n电话: 8374126\n车号:辽 H N6671\n日期: 2025-06-19\n上车: 17:23\n下车: 17:51\n里程: 20.9km\n等候: 00:01.03\n金额: 48.00 元\n单位: 联运公司\n电话: 3840396\n车号:辽 H -MX891\n日期: 2025年06月20日\n上车: 07:37\n下车: 08:05\n里程: 20.5公里\n等候: 00:01.00\n金额: 45.00元\n单位: 兴达公司\n电话: 3922668\n车号:辽 H -LK273\n日期: 2025年06月20日\n上车: 17:17\n下车: 17:44\n里程: 20.0公里\n等候: 00:01.02\n金额: 47.00元\n单位: 联运公司\n电话: 3840396\n车号:辽 H -NA201\n日期: 2025年06月21日\n上车: 07:43\n下车: 08:11\n里程: 20.5公里\n等候: 00:01.02\n金额: 47.00元\n江税票造(2022)71号鞍山市方美印务有限公司2022年9月印刷\n辽税票通(2022)71号鞍山市方美印务有限公司2022年9月印制\n辽税票通(2022)71号鞍山市方美印务有限公司2022年9月印\nPage 2 of 4",
    "tJsonTraducido": null,
    "lFormato": false,
    "iMIdioma": 5,
    "iMDocumentoTipo": 99,
    "tSequentialNumber": "BS0004"
  },
  "additional_data": {
    "midioma": [
      {
        "iMIdioma": 5,
        "tIdioma": "Chino"
      }
    ],
    "mdocumento_tipo": [
      {
        "iMDocumentoTipo": 99,
        "tTipo": "Desconocido"
      }
    ],
    "mdivisa": [
      {
        "tDivisa": "CNY"
      }
    ],
    "mnaturaleza": [
      {
        "tNaturaleza": "Otro"
      }
    ],
    "mcomprobante_detalle": [
      {
        "nCantidad": 1.0,
        "tDescripcion": "金额:",
        "nPrecioUnitario": 48.0,
        "nPrecioTotal": 48.0,
        "_currency": "USD",
        "_source_line": 84,
        "_auto_extracted": true
      },
      {
        "nCantidad": 1.0,
        "tDescripcion": "等候: 00:",
        "nPrecioUnitario": 2.01,
        "nPrecioTotal": 2.01,
        "_currency": "USD",
        "_source_line": 20,
        "_auto_extracted": true
      },
      {
        "nCantidad": 1.0,
        "tDescripcion": "等候: 00:",
        "nPrecioUnitario": 1.03,
        "nPrecioTotal": 1.03,
        "_currency": "USD",
        "_source_line": 83,
        "_auto_extracted": true
      },
      {
        "nCantidad": 1.0,
        "tDescripcion": "等候: 00:",
        "nPrecioUnitario": 1.02,
        "nPrecioTotal": 1.02,
        "_currency": "USD",
        "_source_line": 101,
        "_auto_extracted": true
      },
      {
        "nCantidad": 1.0,
        "tDescripcion": "等候: 00:",
        "nPrecioUnitario": 1.0,
        "nPrecioTotal": 1.0,
        "_currency": "USD",
        "_source_line": 92,
        "_auto_extracted": true
      }
    ],
    "mresumen": [],
    "mcomprobante": [],
    "mjornada": [],
    "mjornada_empleado": [],
    "mproveedor": [],
    "marchivo_tipo": [],
    "munidad_medida": []
  }
}