{
  "metadata": {
    "version": "1.0.0",
    "parser": "ExtractorOCR",
    "extraction_date": "2025-11-18T14:23:35.705677",
    "type": "structured",
    "email": "mariadelosangeles.abanto@newmont.com",
    "year": 2025,
    "month": "Octubre",
    "request_id": "eada6176-0aa0-4362-b8ab-f4f1b641fff8",
    "processed_at": "2025-11-18T14:25:11.827917",
    "api_version": "1.0.0",
    "periodo_id": "string"
  },
  "hoja": {
    "tJson": "BSQE\nBS0004\nSGS-CSTC Standards Technical Service., Ltd. Shanghai Branch\nProject Monthly Expense\nMonth: Jun-25\nSQR/AEX:Michael-x Xu\nTransportation (USD)\nDate Assignment No. Charge No. Report No. Country Type of Activity Type Kilometer Amount Hotel (USD) Total (USD)\n1\n2\n3\n4\n5\n6\n7\n8\n9\n10\n11\n12\n13\n14\n15\n16\n17\n18\n19 26497-200-318358-PB03-YZ-A 26497-130 26497-200-318358-PB03-YQ-A-014 China SQR Train+Taxi ¥251.50 ¥249.00 $77.00\n20 26497-200-318358-PB03-YZ-A 26497-130 26497-200-318358-PB03-YQ-A-014 China SQR Taxi ¥92.00 ¥249.00 $52.46\n21 26497-200-318358-PB03-YZ-A 26497-130 26497-200-318358-PB03-YQ-A-014 China SQR Taxi ¥93.00 ¥249.00 $52.62\n22 26497-200-318358-PB03-YZ-A 26497-130 26497-200-318358-PB03-YQ-A-014 China SQR Train+Taxi ¥252.50 $38.85\n23\n24\n25\n26\n27\n28\n29\n30\nTotal China SQR $106.00 $114.92 $220.92\n表格说明\nCURRENCY EXCHANGE RATE: 1USD=6.5RMB\nNIGHT SHIFT-7PM-7AM WILL BE CHARGED AT 1.5 TIMES UNIT RATE\nSATURDAYS WILL BE CHARGED AT 1.25 TIMES UNIT RATE\nSUNDAYS & PUBLIC HOLIDAYS WILL BE CHARGED AT 1.5 TIMES UNIT RATE\nUNIT RATE APPLIES TO ALL INSPECTION. TRAVEL AND REPORTING TIME\nUNIT RATE IS NET OF APPLICABLE LOCAL AND FEDERAL TAXES OF COUNTRY OF EXECUTION (E. G. VAT. ETC)\nMINIMUM CHARGE OF 5 HOURS APPLIES TO EACH EVENT (PER DATE AND SITE)",
    "tJsonTraducido": null,
    "lFormato": false,
    "iMIdioma": 5,
    "iMDocumentoTipo": 1,
    "tSequentialNumber": "BS0004"
  },
  "additional_data": {
    "mcomprobante": [
      {
        "_stamp_name": "BSQE",
        "_sequential_number": "BS0004",
        "tNumero": null,
        "tSerie": null,
        "nPrecioTotal": 1.0,
        "tCliente": null
      }
    ],
    "mcomprobante_detalle": [
      {
        "nCantidad": 1.0,
        "tDescripcion": "Train+Taxi",
        "nPrecioUnitario": 77.0,
        "nPrecioTotal": 77.0
      },
      {
        "nCantidad": 1.0,
        "tDescripcion": "Taxi",
        "nPrecioUnitario": 52.46,
        "nPrecioTotal": 52.46
      },
      {
        "nCantidad": 1.0,
        "tDescripcion": "Taxi",
        "nPrecioUnitario": 52.62,
        "nPrecioTotal": 52.62
      },
      {
        "nCantidad": 1.0,
        "tDescripcion": "Train+Taxi",
        "nPrecioUnitario": 38.85,
        "nPrecioTotal": 38.85
      },
      {
        "nCantidad": 1.0,
        "tDescripcion": "22 26497-200-318358-PB03-YZ-A 26497-130 26497-200-318358-PB03-YQ-A-014 China SQR Train+Taxi ¥",
        "nPrecioUnitario": 252.5,
        "nPrecioTotal": 252.5,
        "_currency": "USD",
        "_source_line": 30,
        "_auto_extracted": true
      },
      {
        "nCantidad": 1.0,
        "tDescripcion": "19 26497-200-318358-PB03-YZ-A 26497-130 26497-200-318358-PB03-YQ-A-014 China SQR Train+Taxi ¥",
        "nPrecioUnitario": 251.5,
        "nPrecioTotal": 251.5,
        "_currency": "USD",
        "_source_line": 27,
        "_auto_extracted": true
      },
      {
        "nCantidad": 1.0,
        "tDescripcion": "19 26497-200-318358-PB03-YZ-A 26497-130 26497-200-318358-PB03-YQ-A-014 China SQR Train+Taxi ¥ ¥",
        "nPrecioUnitario": 249.0,
        "nPrecioTotal": 249.0,
        "_currency": "USD",
        "_source_line": 27,
        "_auto_extracted": true
      },
      {
        "nCantidad": 1.0,
        "tDescripcion": "Total China SQR",
        "nPrecioUnitario": 220.92,
        "nPrecioTotal": 220.92,
        "_currency": "$",
        "_source_line": 39,
        "_auto_extracted": true
      },
      {
        "nCantidad": 1.0,
        "tDescripcion": "Total China SQR   $",
        "nPrecioUnitario": 220.92,
        "nPrecioTotal": 220.92,
        "_currency": "USD",
        "_source_line": 39,
        "_auto_extracted": true
      },
      {
        "nCantidad": 1.0,
        "tDescripcion": "Total China SQR",
        "nPrecioUnitario": 220.0,
        "nPrecioTotal": 220.0,
        "_currency": "$",
        "_source_line": 39,
        "_auto_extracted": true
      },
      {
        "nCantidad": 1.0,
        "tDescripcion": "Total China SQR",
        "nPrecioUnitario": 114.92,
        "nPrecioTotal": 114.92,
        "_currency": "$",
        "_source_line": 39,
        "_auto_extracted": true
      },
      {
        "nCantidad": 1.0,
        "tDescripcion": "Total China SQR  $",
        "nPrecioUnitario": 114.92,
        "nPrecioTotal": 114.92,
        "_currency": "USD",
        "_source_line": 39,
        "_auto_extracted": true
      },
      {
        "nCantidad": 1.0,
        "tDescripcion": "Total China SQR",
        "nPrecioUnitario": 114.0,
        "nPrecioTotal": 114.0,
        "_currency": "$",
        "_source_line": 39,
        "_auto_extracted": true
      },
      {
        "nCantidad": 1.0,
        "tDescripcion": "Total China SQR",
        "nPrecioUnitario": 106.0,
        "nPrecioTotal": 106.0,
        "_currency": "$",
        "_source_line": 39,
        "_auto_extracted": true
      },
      {
        "nCantidad": 1.0,
        "tDescripcion": "Total China SQR $",
        "nPrecioUnitario": 106.0,
        "nPrecioTotal": 106.0,
        "_currency": "USD",
        "_source_line": 39,
        "_auto_extracted": true
      },
      {
        "nCantidad": 1.0,
        "tDescripcion": "21 26497-200-318358-PB03-YZ-A 26497-130 26497-200-318358-PB03-YQ-A-014 China SQR Taxi ¥",
        "nPrecioUnitario": 93.0,
        "nPrecioTotal": 93.0,
        "_currency": "USD",
        "_source_line": 29,
        "_auto_extracted": true
      },
      {
        "nCantidad": 1.0,
        "tDescripcion": "20 26497-200-318358-PB03-YZ-A 26497-130 26497-200-318358-PB03-YQ-A-014 China SQR Taxi ¥",
        "nPrecioUnitario": 92.0,
        "nPrecioTotal": 92.0,
        "_currency": "USD",
        "_source_line": 28,
        "_auto_extracted": true
      },
      {
        "nCantidad": 1.0,
        "tDescripcion": "22 26497-200-318358-PB03-YZ-A 26497-130 26497-200-318358-PB03-YQ-A-014 China SQR Train+Taxi ¥ .",
        "nPrecioUnitario": 85.0,
        "nPrecioTotal": 85.0,
        "_currency": "USD",
        "_source_line": 30,
        "_auto_extracted": true
      },
      {
        "nCantidad": 1.0,
        "tDescripcion": "21 26497-200-318358-PB03-YZ-A 26497-130 26497-200-318358-PB03-YQ-A-014 China SQR Taxi ¥ ¥ .",
        "nPrecioUnitario": 62.0,
        "nPrecioTotal": 62.0,
        "_currency": "USD",
        "_source_line": 29,
        "_auto_extracted": true
      },
      {
        "nCantidad": 1.0,
        "tDescripcion": "20 26497-200-318358-PB03-YZ-A 26497-130 26497-200-318358-PB03-YQ-A-014 China SQR Taxi ¥ ¥",
        "nPrecioUnitario": 52.0,
        "nPrecioTotal": 52.0,
        "_currency": "$",
        "_source_line": 28,
        "_auto_extracted": true
      },
      {
        "nCantidad": 1.0,
        "tDescripcion": "20 26497-200-318358-PB03-YZ-A 26497-130 26497-200-318358-PB03-YQ-A-014 China SQR Taxi ¥ ¥ $",
        "nPrecioUnitario": 52.0,
        "nPrecioTotal": 52.0,
        "_currency": "USD",
        "_source_line": 28,
        "_auto_extracted": true
      },
      {
        "nCantidad": 1.0,
        "tDescripcion": "19 26497-200-318358-PB03-YZ-A 26497-130 26497-200-318358-PB03-YQ-A-014 China SQR Train+Taxi ¥251.",
        "nPrecioUnitario": 50.0,
        "nPrecioTotal": 50.0,
        "_currency": "USD",
        "_source_line": 27,
        "_auto_extracted": true
      },
      {
        "nCantidad": 1.0,
        "tDescripcion": "20 26497-200-318358-PB03-YZ-A 26497-130 26497-200-318358-PB03-YQ-A-014 China SQR Taxi ¥ ¥ .",
        "nPrecioUnitario": 46.0,
        "nPrecioTotal": 46.0,
        "_currency": "USD",
        "_source_line": 28,
        "_auto_extracted": true
      },
      {
        "nCantidad": 1.0,
        "tDescripcion": "22 26497-200-318358-PB03-YZ-A 26497-130 26497-200-318358-PB03-YQ-A-014 China SQR Train+Taxi ¥",
        "nPrecioUnitario": 38.0,
        "nPrecioTotal": 38.0,
        "_currency": "$",
        "_source_line": 30,
        "_auto_extracted": true
      },
      {
        "nCantidad": 1.0,
        "tDescripcion": "22 26497-200-318358-PB03-YZ-A 26497-130 26497-200-318358-PB03-YQ-A-014 China SQR Train+Taxi ¥ $",
        "nPrecioUnitario": 38.0,
        "nPrecioTotal": 38.0,
        "_currency": "USD",
        "_source_line": 30,
        "_auto_extracted": true
      },
      {
        "nCantidad": 1.0,
        "tDescripcion": "22 26497-200-318358-PB03-YZ-A 26497-130 26497-200-318358-PB03-YQ-A-014 China SQR Train+Taxi ¥",
        "nPrecioUnitario": 22.0,
        "nPrecioTotal": 22.0,
        "_currency": "USD",
        "_source_line": 30,
        "_auto_extracted": true
      },
      {
        "nCantidad": 1.0,
        "tDescripcion": "21 26497-200-318358-PB03-YZ-A 26497-130 26497-200-318358-PB03-YQ-A-014 China SQR Taxi ¥ ¥",
        "nPrecioUnitario": 21.0,
        "nPrecioTotal": 21.0,
        "_currency": "USD",
        "_source_line": 29,
        "_auto_extracted": true
      },
      {
        "nCantidad": 1.0,
        "tDescripcion": "20 26497-200-318358-PB03-YZ-A 26497-130 26497-200-318358-PB03-YQ-A-014 China SQR Taxi ¥ ¥",
        "nPrecioUnitario": 20.0,
        "nPrecioTotal": 20.0,
        "_currency": "USD",
        "_source_line": 28,
        "_auto_extracted": true
      },
      {
        "nCantidad": 1.0,
        "tDescripcion": "19 26497-200-318358-PB03-YZ-A 26497-130 26497-200-318358-PB03-YQ-A-014 China SQR Train+Taxi ¥ ¥",
        "nPrecioUnitario": 19.0,
        "nPrecioTotal": 19.0,
        "_currency": "USD",
        "_source_line": 27,
        "_auto_extracted": true
      },
      {
        "nCantidad": 1.0,
        "tDescripcion": "CURRENCY EXCHANGE RATE: 1USD=",
        "nPrecioUnitario": 6.0,
        "nPrecioTotal": 6.0,
        "_currency": "USD",
        "_source_line": 41,
        "_auto_extracted": true
      }
    ],
    "midioma": [
      {
        "iMIdioma": 5,
        "tIdioma": "Chino"
      }
    ],
    "mdocumento_tipo": [
      {
        "iMDocumentoTipo": 1,
        "tTipo": "Comprobante"
      }
    ],
    "mdivisa": [
      {
        "tDivisa": "USD"
      },
      {
        "tDivisa": "CNY"
      }
    ],
    "mnaturaleza": [
      {
        "tNaturaleza": "Otro"
      }
    ],
    "mproveedor": [
      {
        "tRazonSocial": "BSQE\nBS"
      }
    ],
    "mresumen": [],
    "mjornada": [],
    "mjornada_empleado": [],
    "marchivo_tipo": [],
    "munidad_medida": []
  }
}