{
  "metadata": {
    "version": "1.0.0",
    "parser": "ExtractorOCR",
    "extraction_date": "2025-11-18T14:21:58.580769",
    "type": "structured",
    "email": "mariadelosangeles.abanto@newmont.com",
    "year": 2025,
    "month": "Octubre",
    "request_id": "eada6176-0aa0-4362-b8ab-f4f1b641fff8",
    "processed_at": "2025-11-18T14:25:11.827917",
    "api_version": "1.0.0",
    "periodo_id": "string"
  },
  "hoja": {
    "tJson": "BSQE\nBS0004\nSGS-CSTC Standards Technical Service., Ltd. Shanghai Branch\nSummary of Project Monthly Expense\nInvoice Month: Jun-25\nName Country Type of\nActivity Transportation Hotel Monthly Total\n(USD)\nHerbert Fan China SQR $326.31 $884.62 $1,210.92\nNick Hu China SQR $51.85 $0.00 $51.85\nAlex Wu China SQR $1,110.15 $0.00 $1,110.15\nAllen Zhu China SQR $149.23 $0.00 $149.23\nMuva Yang China SQR $0.00 $61.85 $61.85\nDong Zhichao China SQR $266.00 $40.31 $306.31\nJim Song China SQR $73.54 $38.46 $112.00\nJared Chen China SQR $78.68 $0.00 $78.68\nJock Yuan China SQR $65.62 $0.00 $65.62\nSam Wang China SQR $34.92 $0.00 $34.92\nMichael-x Xu China SQR $106.00 $114.92 $220.92\nHuang Gentle China SQR $53.85 $0.00 $53.85\nMike Chen China SQR $30.00 $0.00 $30.00\nWeldon Zhao China SQR $114.98 $0.00 $114.98\nEden Li China SQR $163.08 $0.00 $163.08\nTotal Travel Expense China SQR $2,624.20 $1,140.15 $3,764.35\nSub-Total (USD) $2,624.20 $1,140.15 $3,764.35\nTotal (USD): $3,764.35",
    "tJsonTraducido": null,
    "lFormato": false,
    "iMIdioma": 2,
    "iMDocumentoTipo": 1,
    "tSequentialNumber": "BS0004"
  },
  "additional_data": {
    "mcomprobante": [
      {
        "_stamp_name": "BSQE",
        "_sequential_number": "BS0004",
        "tNumero": "Month",
        "tSerie": null,
        "nPrecioTotal": 149.23,
        "tCliente": null
      }
    ],
    "mcomprobante_detalle": [
      {
        "nCantidad": 1.0,
        "tDescripcion": "Herbert Fan China SQR Transportation",
        "nPrecioUnitario": 326.31,
        "nPrecioTotal": 326.31
      },
      {
        "nCantidad": 1.0,
        "tDescripcion": "Herbert Fan China SQR Hotel",
        "nPrecioUnitario": 884.62,
        "nPrecioTotal": 884.62
      },
      {
        "nCantidad": 1.0,
        "tDescripcion": "Herbert Fan China SQR Monthly Total",
        "nPrecioUnitario": 1210.92,
        "nPrecioTotal": 1210.92
      },
      {
        "nCantidad": 1.0,
        "tDescripcion": "Nick Hu China SQR Transportation",
        "nPrecioUnitario": 51.85,
        "nPrecioTotal": 51.85
      },
      {
        "nCantidad": 1.0,
        "tDescripcion": "Nick Hu China SQR Monthly Total",
        "nPrecioUnitario": 51.85,
        "nPrecioTotal": 51.85
      },
      {
        "nCantidad": 1.0,
        "tDescripcion": "Alex Wu China SQR Transportation",
        "nPrecioUnitario": 1110.15,
        "nPrecioTotal": 1110.15
      },
      {
        "nCantidad": 1.0,
        "tDescripcion": "Alex Wu China SQR Monthly Total",
        "nPrecioUnitario": 1110.15,
        "nPrecioTotal": 1110.15
      },
      {
        "nCantidad": 1.0,
        "tDescripcion": "Allen Zhu China SQR Transportation",
        "nPrecioUnitario": 149.23,
        "nPrecioTotal": 149.23
      },
      {
        "nCantidad": 1.0,
        "tDescripcion": "Allen Zhu China SQR Monthly Total",
        "nPrecioUnitario": 149.23,
        "nPrecioTotal": 149.23
      },
      {
        "nCantidad": 1.0,
        "tDescripcion": "Muva Yang China SQR Hotel",
        "nPrecioUnitario": 61.85,
        "nPrecioTotal": 61.85
      },
      {
        "nCantidad": 1.0,
        "tDescripcion": "Muva Yang China SQR Monthly Total",
        "nPrecioUnitario": 61.85,
        "nPrecioTotal": 61.85
      },
      {
        "nCantidad": 1.0,
        "tDescripcion": "Dong Zhichao China SQR Transportation",
        "nPrecioUnitario": 266.0,
        "nPrecioTotal": 266.0
      },
      {
        "nCantidad": 1.0,
        "tDescripcion": "Dong Zhichao China SQR Hotel",
        "nPrecioUnitario": 40.31,
        "nPrecioTotal": 40.31
      },
      {
        "nCantidad": 1.0,
        "tDescripcion": "Dong Zhichao China SQR Monthly Total",
        "nPrecioUnitario": 306.31,
        "nPrecioTotal": 306.31
      },
      {
        "nCantidad": 1.0,
        "tDescripcion": "Jim Song China SQR Transportation",
        "nPrecioUnitario": 73.54,
        "nPrecioTotal": 73.54
      },
      {
        "nCantidad": 1.0,
        "tDescripcion": "Jim Song China SQR Hotel",
        "nPrecioUnitario": 38.46,
        "nPrecioTotal": 38.46
      },
      {
        "nCantidad": 1.0,
        "tDescripcion": "Jim Song China SQR Monthly Total",
        "nPrecioUnitario": 112.0,
        "nPrecioTotal": 112.0
      },
      {
        "nCantidad": 1.0,
        "tDescripcion": "Jared Chen China SQR Transportation",
        "nPrecioUnitario": 78.68,
        "nPrecioTotal": 78.68
      },
      {
        "nCantidad": 1.0,
        "tDescripcion": "Jared Chen China SQR Monthly Total",
        "nPrecioUnitario": 78.68,
        "nPrecioTotal": 78.68
      },
      {
        "nCantidad": 1.0,
        "tDescripcion": "Jock Yuan China SQR Transportation",
        "nPrecioUnitario": 65.62,
        "nPrecioTotal": 65.62
      },
      {
        "nCantidad": 1.0,
        "tDescripcion": "Jock Yuan China SQR Monthly Total",
        "nPrecioUnitario": 65.62,
        "nPrecioTotal": 65.62
      },
      {
        "nCantidad": 1.0,
        "tDescripcion": "Sam Wang China SQR Transportation",
        "nPrecioUnitario": 34.92,
        "nPrecioTotal": 34.92
      },
      {
        "nCantidad": 1.0,
        "tDescripcion": "Sam Wang China SQR Monthly Total",
        "nPrecioUnitario": 34.92,
        "nPrecioTotal": 34.92
      },
      {
        "nCantidad": 1.0,
        "tDescripcion": "Michael-x Xu China SQR Transportation",
        "nPrecioUnitario": 106.0,
        "nPrecioTotal": 106.0
      },
      {
        "nCantidad": 1.0,
        "tDescripcion": "Michael-x Xu China SQR Hotel",
        "nPrecioUnitario": 114.92,
        "nPrecioTotal": 114.92
      },
      {
        "nCantidad": 1.0,
        "tDescripcion": "Michael-x Xu China SQR Monthly Total",
        "nPrecioUnitario": 220.92,
        "nPrecioTotal": 220.92
      },
      {
        "nCantidad": 1.0,
        "tDescripcion": "Huang Gentle China SQR Transportation",
        "nPrecioUnitario": 53.85,
        "nPrecioTotal": 53.85
      },
      {
        "nCantidad": 1.0,
        "tDescripcion": "Huang Gentle China SQR Monthly Total",
        "nPrecioUnitario": 53.85,
        "nPrecioTotal": 53.85
      },
      {
        "nCantidad": 1.0,
        "tDescripcion": "Mike Chen China SQR Transportation",
        "nPrecioUnitario": 30.0,
        "nPrecioTotal": 30.0
      },
      {
        "nCantidad": 1.0,
        "tDescripcion": "Mike Chen China SQR Monthly Total",
        "nPrecioUnitario": 30.0,
        "nPrecioTotal": 30.0
      },
      {
        "nCantidad": 1.0,
        "tDescripcion": "Weldon Zhao China SQR Transportation",
        "nPrecioUnitario": 114.98,
        "nPrecioTotal": 114.98
      },
      {
        "nCantidad": 1.0,
        "tDescripcion": "Weldon Zhao China SQR Monthly Total",
        "nPrecioUnitario": 114.98,
        "nPrecioTotal": 114.98
      },
      {
        "nCantidad": 1.0,
        "tDescripcion": "Eden Li China SQR Transportation",
        "nPrecioUnitario": 163.08,
        "nPrecioTotal": 163.08
      },
      {
        "nCantidad": 1.0,
        "tDescripcion": "Eden Li China SQR Monthly Total",
        "nPrecioUnitario": 163.08,
        "nPrecioTotal": 163.08
      },
      {
        "nCantidad": 1.0,
        "tDescripcion": "Total Travel Expense China SQR",
        "nPrecioUnitario": 3764.35,
        "nPrecioTotal": 3764.35,
        "_currency": "$",
        "_source_line": 24,
        "_auto_extracted": true
      },
      {
        "nCantidad": 1.0,
        "tDescripcion": "Total Travel Expense China SQR   $",
        "nPrecioUnitario": 3764.35,
        "nPrecioTotal": 3764.35,
        "_currency": "USD",
        "_source_line": 24,
        "_auto_extracted": true
      },
      {
        "nCantidad": 1.0,
        "tDescripcion": "Total Travel Expense China SQR",
        "nPrecioUnitario": 2624.2,
        "nPrecioTotal": 2624.2,
        "_currency": "$",
        "_source_line": 24,
        "_auto_extracted": true
      },
      {
        "nCantidad": 1.0,
        "tDescripcion": "Total Travel Expense China SQR $",
        "nPrecioUnitario": 2624.2,
        "nPrecioTotal": 2624.2,
        "_currency": "USD",
        "_source_line": 24,
        "_auto_extracted": true
      },
      {
        "nCantidad": 1.0,
        "tDescripcion": "Total Travel Expense China SQR",
        "nPrecioUnitario": 1140.15,
        "nPrecioTotal": 1140.15,
        "_currency": "$",
        "_source_line": 24,
        "_auto_extracted": true
      },
      {
        "nCantidad": 1.0,
        "tDescripcion": "Total Travel Expense China SQR  $",
        "nPrecioUnitario": 1140.15,
        "nPrecioTotal": 1140.15,
        "_currency": "USD",
        "_source_line": 24,
        "_auto_extracted": true
      },
      {
        "nCantidad": 1.0,
        "tDescripcion": "Herbert Fan China SQR",
        "nPrecioUnitario": 884.0,
        "nPrecioTotal": 884.0,
        "_currency": "$",
        "_source_line": 9,
        "_auto_extracted": true
      },
      {
        "nCantidad": 1.0,
        "tDescripcion": "Herbert Fan China SQR",
        "nPrecioUnitario": 326.0,
        "nPrecioTotal": 326.0,
        "_currency": "$",
        "_source_line": 9,
        "_auto_extracted": true
      },
      {
        "nCantidad": 1.0,
        "tDescripcion": "Dong Zhichao China SQR",
        "nPrecioUnitario": 306.0,
        "nPrecioTotal": 306.0,
        "_currency": "$",
        "_source_line": 14,
        "_auto_extracted": true
      },
      {
        "nCantidad": 1.0,
        "tDescripcion": "Michael-x Xu China SQR",
        "nPrecioUnitario": 220.0,
        "nPrecioTotal": 220.0,
        "_currency": "$",
        "_source_line": 19,
        "_auto_extracted": true
      },
      {
        "nCantidad": 1.0,
        "tDescripcion": "Eden Li China SQR",
        "nPrecioUnitario": 163.0,
        "nPrecioTotal": 163.0,
        "_currency": "$",
        "_source_line": 23,
        "_auto_extracted": true
      },
      {
        "nCantidad": 1.0,
        "tDescripcion": "Allen Zhu China SQR",
        "nPrecioUnitario": 149.0,
        "nPrecioTotal": 149.0,
        "_currency": "$",
        "_source_line": 12,
        "_auto_extracted": true
      },
      {
        "nCantidad": 1.0,
        "tDescripcion": "Michael-x Xu China SQR",
        "nPrecioUnitario": 114.0,
        "nPrecioTotal": 114.0,
        "_currency": "$",
        "_source_line": 19,
        "_auto_extracted": true
      },
      {
        "nCantidad": 1.0,
        "tDescripcion": "Weldon Zhao China SQR .",
        "nPrecioUnitario": 98.0,
        "nPrecioTotal": 98.0,
        "_currency": "USD",
        "_source_line": 22,
        "_auto_extracted": true
      },
      {
        "nCantidad": 1.0,
        "tDescripcion": "Herbert Fan China SQR   ,210.",
        "nPrecioUnitario": 92.0,
        "nPrecioTotal": 92.0,
        "_currency": "USD",
        "_source_line": 9,
        "_auto_extracted": true
      },
      {
        "nCantidad": 1.0,
        "tDescripcion": "Nick Hu China SQR .",
        "nPrecioUnitario": 85.0,
        "nPrecioTotal": 85.0,
        "_currency": "USD",
        "_source_line": 10,
        "_auto_extracted": true
      },
      {
        "nCantidad": 1.0,
        "tDescripcion": "Jared Chen China SQR",
        "nPrecioUnitario": 78.0,
        "nPrecioTotal": 78.0,
        "_currency": "$",
        "_source_line": 16,
        "_auto_extracted": true
      },
      {
        "nCantidad": 1.0,
        "tDescripcion": "Jared Chen China SQR $",
        "nPrecioUnitario": 78.0,
        "nPrecioTotal": 78.0,
        "_currency": "USD",
        "_source_line": 16,
        "_auto_extracted": true
      },
      {
        "nCantidad": 1.0,
        "tDescripcion": "Jim Song China SQR",
        "nPrecioUnitario": 73.0,
        "nPrecioTotal": 73.0,
        "_currency": "$",
        "_source_line": 15,
        "_auto_extracted": true
      },
      {
        "nCantidad": 1.0,
        "tDescripcion": "Jim Song China SQR $",
        "nPrecioUnitario": 73.0,
        "nPrecioTotal": 73.0,
        "_currency": "USD",
        "_source_line": 15,
        "_auto_extracted": true
      },
      {
        "nCantidad": 1.0,
        "tDescripcion": "Jared Chen China SQR .",
        "nPrecioUnitario": 68.0,
        "nPrecioTotal": 68.0,
        "_currency": "USD",
        "_source_line": 16,
        "_auto_extracted": true
      },
      {
        "nCantidad": 1.0,
        "tDescripcion": "Jock Yuan China SQR",
        "nPrecioUnitario": 65.0,
        "nPrecioTotal": 65.0,
        "_currency": "$",
        "_source_line": 17,
        "_auto_extracted": true
      },
      {
        "nCantidad": 1.0,
        "tDescripcion": "Jock Yuan China SQR $",
        "nPrecioUnitario": 65.0,
        "nPrecioTotal": 65.0,
        "_currency": "USD",
        "_source_line": 17,
        "_auto_extracted": true
      },
      {
        "nCantidad": 1.0,
        "tDescripcion": "Herbert Fan China SQR  .",
        "nPrecioUnitario": 62.0,
        "nPrecioTotal": 62.0,
        "_currency": "USD",
        "_source_line": 9,
        "_auto_extracted": true
      },
      {
        "nCantidad": 1.0,
        "tDescripcion": "Muva Yang China SQR",
        "nPrecioUnitario": 61.0,
        "nPrecioTotal": 61.0,
        "_currency": "$",
        "_source_line": 13,
        "_auto_extracted": true
      },
      {
        "nCantidad": 1.0,
        "tDescripcion": "Muva Yang China SQR  $",
        "nPrecioUnitario": 61.0,
        "nPrecioTotal": 61.0,
        "_currency": "USD",
        "_source_line": 13,
        "_auto_extracted": true
      },
      {
        "nCantidad": 1.0,
        "tDescripcion": "Jim Song China SQR .",
        "nPrecioUnitario": 54.0,
        "nPrecioTotal": 54.0,
        "_currency": "USD",
        "_source_line": 15,
        "_auto_extracted": true
      },
      {
        "nCantidad": 1.0,
        "tDescripcion": "Huang Gentle China SQR",
        "nPrecioUnitario": 53.0,
        "nPrecioTotal": 53.0,
        "_currency": "$",
        "_source_line": 20,
        "_auto_extracted": true
      },
      {
        "nCantidad": 1.0,
        "tDescripcion": "Huang Gentle China SQR $",
        "nPrecioUnitario": 53.0,
        "nPrecioTotal": 53.0,
        "_currency": "USD",
        "_source_line": 20,
        "_auto_extracted": true
      },
      {
        "nCantidad": 1.0,
        "tDescripcion": "Nick Hu China SQR",
        "nPrecioUnitario": 51.0,
        "nPrecioTotal": 51.0,
        "_currency": "$",
        "_source_line": 10,
        "_auto_extracted": true
      },
      {
        "nCantidad": 1.0,
        "tDescripcion": "Nick Hu China SQR $",
        "nPrecioUnitario": 51.0,
        "nPrecioTotal": 51.0,
        "_currency": "USD",
        "_source_line": 10,
        "_auto_extracted": true
      },
      {
        "nCantidad": 1.0,
        "tDescripcion": "Jim Song China SQR  .",
        "nPrecioUnitario": 46.0,
        "nPrecioTotal": 46.0,
        "_currency": "USD",
        "_source_line": 15,
        "_auto_extracted": true
      },
      {
        "nCantidad": 1.0,
        "tDescripcion": "Dong Zhichao China SQR",
        "nPrecioUnitario": 40.0,
        "nPrecioTotal": 40.0,
        "_currency": "$",
        "_source_line": 14,
        "_auto_extracted": true
      },
      {
        "nCantidad": 1.0,
        "tDescripcion": "Dong Zhichao China SQR  $",
        "nPrecioUnitario": 40.0,
        "nPrecioTotal": 40.0,
        "_currency": "USD",
        "_source_line": 14,
        "_auto_extracted": true
      },
      {
        "nCantidad": 1.0,
        "tDescripcion": "Jim Song China SQR",
        "nPrecioUnitario": 38.0,
        "nPrecioTotal": 38.0,
        "_currency": "$",
        "_source_line": 15,
        "_auto_extracted": true
      },
      {
        "nCantidad": 1.0,
        "tDescripcion": "Jim Song China SQR  $",
        "nPrecioUnitario": 38.0,
        "nPrecioTotal": 38.0,
        "_currency": "USD",
        "_source_line": 15,
        "_auto_extracted": true
      },
      {
        "nCantidad": 1.0,
        "tDescripcion": "Total Travel Expense China SQR   ,764.",
        "nPrecioUnitario": 35.0,
        "nPrecioTotal": 35.0,
        "_currency": "USD",
        "_source_line": 24,
        "_auto_extracted": true
      },
      {
        "nCantidad": 1.0,
        "tDescripcion": "Sam Wang China SQR",
        "nPrecioUnitario": 34.0,
        "nPrecioTotal": 34.0,
        "_currency": "$",
        "_source_line": 18,
        "_auto_extracted": true
      },
      {
        "nCantidad": 1.0,
        "tDescripcion": "Sam Wang China SQR $",
        "nPrecioUnitario": 34.0,
        "nPrecioTotal": 34.0,
        "_currency": "USD",
        "_source_line": 18,
        "_auto_extracted": true
      },
      {
        "nCantidad": 1.0,
        "tDescripcion": "Herbert Fan China SQR .",
        "nPrecioUnitario": 31.0,
        "nPrecioTotal": 31.0,
        "_currency": "USD",
        "_source_line": 9,
        "_auto_extracted": true
      },
      {
        "nCantidad": 1.0,
        "tDescripcion": "Allen Zhu China SQR .",
        "nPrecioUnitario": 23.0,
        "nPrecioTotal": 23.0,
        "_currency": "USD",
        "_source_line": 12,
        "_auto_extracted": true
      },
      {
        "nCantidad": 1.0,
        "tDescripcion": "Total Travel Expense China SQR ,624.",
        "nPrecioUnitario": 20.0,
        "nPrecioTotal": 20.0,
        "_currency": "USD",
        "_source_line": 24,
        "_auto_extracted": true
      },
      {
        "nCantidad": 1.0,
        "tDescripcion": "Alex Wu China SQR ,110.",
        "nPrecioUnitario": 15.0,
        "nPrecioTotal": 15.0,
        "_currency": "USD",
        "_source_line": 11,
        "_auto_extracted": true
      },
      {
        "nCantidad": 1.0,
        "tDescripcion": "Eden Li China SQR .",
        "nPrecioUnitario": 8.0,
        "nPrecioTotal": 8.0,
        "_currency": "USD",
        "_source_line": 23,
        "_auto_extracted": true
      },
      {
        "nCantidad": 1.0,
        "tDescripcion": "Total Travel Expense China SQR",
        "nPrecioUnitario": 3.0,
        "nPrecioTotal": 3.0,
        "_currency": "$",
        "_source_line": 24,
        "_auto_extracted": true
      },
      {
        "nCantidad": 1.0,
        "tDescripcion": "Total Travel Expense China SQR   $",
        "nPrecioUnitario": 3.0,
        "nPrecioTotal": 3.0,
        "_currency": "USD",
        "_source_line": 24,
        "_auto_extracted": true
      },
      {
        "nCantidad": 1.0,
        "tDescripcion": "Total Travel Expense China SQR",
        "nPrecioUnitario": 2.0,
        "nPrecioTotal": 2.0,
        "_currency": "$",
        "_source_line": 24,
        "_auto_extracted": true
      },
      {
        "nCantidad": 1.0,
        "tDescripcion": "Total Travel Expense China SQR $",
        "nPrecioUnitario": 2.0,
        "nPrecioTotal": 2.0,
        "_currency": "USD",
        "_source_line": 24,
        "_auto_extracted": true
      },
      {
        "nCantidad": 1.0,
        "tDescripcion": "Herbert Fan China SQR",
        "nPrecioUnitario": 1.0,
        "nPrecioTotal": 1.0,
        "_currency": "$",
        "_source_line": 9,
        "_auto_extracted": true
      },
      {
        "nCantidad": 1.0,
        "tDescripcion": "Herbert Fan China SQR   $",
        "nPrecioUnitario": 1.0,
        "nPrecioTotal": 1.0,
        "_currency": "USD",
        "_source_line": 9,
        "_auto_extracted": true
      }
    ],
    "midioma": [
      {
        "iMIdioma": 2,
        "tIdioma": "Inglés"
      }
    ],
    "mdocumento_tipo": [
      {
        "iMDocumentoTipo": 1,
        "tTipo": "Comprobante"
      }
    ],
    "mdivisa": [
      {
        "tDivisa": "USD"
      }
    ],
    "mnaturaleza": [
      {
        "tNaturaleza": "Otro"
      }
    ],
    "mproveedor": [
      {
        "tRazonSocial": "BSQE\nBS"
      }
    ],
    "mresumen": [],
    "mjornada": [],
    "mjornada_empleado": [],
    "marchivo_tipo": [],
    "munidad_medida": []
  }
}