{
  "metadata": {
    "version": "1.0.0",
    "parser": "ExtractorOCR",
    "extraction_date": "2025-11-18T14:21:16.723235",
    "type": "structured",
    "email": "mariadelosangeles.abanto@newmont.com",
    "year": 2025,
    "month": "Octubre",
    "request_id": "eada6176-0aa0-4362-b8ab-f4f1b641fff8",
    "processed_at": "2025-11-18T14:25:11.827917",
    "api_version": "1.0.0",
    "periodo_id": "string"
  },
  "hoja": {
    "tJson": "BSQE\nBS0003\nMETAL\n日期\nTarikh 22/6/2025\n号 数量 摘要 NO. 价目 银额\nNO. KUANTITI JENIS BARANG-BARANG HARGA JUMLAH (RM)\n1\n2 26.30\n3\n4\n5\n6\n7\n8\n9\n10 USD 6.40\nCASH / INVOICE 总计 26.30\nJUMLAH RM\nTERIMA OLEH 收货人 DISAHKAN OLEH 经手人",
    "tJsonTraducido": null,
    "lFormato": false,
    "iMIdioma": 5,
    "iMDocumentoTipo": 1,
    "tSequentialNumber": "BS0003"
  },
  "additional_data": {
    "mcomprobante": [
      {
        "_stamp_name": "BSQE",
        "_sequential_number": "BS0003",
        "tNumero": "/",
        "tSerie": null,
        "fEmision": "22/6/2025",
        "nPrecioTotal": 26.3,
        "tCliente": null
      }
    ],
    "mcomprobante_detalle": [
      {
        "nCantidad": 1.0,
        "tDescripcion": "Item 10 (USD)",
        "nPrecioUnitario": 6.4,
        "nPrecioTotal": 6.4
      },
      {
        "nCantidad": 1.0,
        "tDescripcion": "2 26.30",
        "nPrecioUnitario": 26.3,
        "nPrecioTotal": 26.3
      },
      {
        "nCantidad": 1.0,
        "tDescripcion": "10 USD 6.40",
        "nPrecioUnitario": 6.4,
        "nPrecioTotal": 6.4
      }
    ],
    "midioma": [
      {
        "iMIdioma": 5,
        "tIdioma": "Chino"
      }
    ],
    "mdocumento_tipo": [
      {
        "iMDocumentoTipo": 1,
        "tTipo": "Comprobante"
      }
    ],
    "mdivisa": [
      {
        "tDivisa": "RM"
      },
      {
        "tDivisa": "USD"
      }
    ],
    "mnaturaleza": [
      {
        "tNaturaleza": "Otro"
      }
    ],
    "mproveedor": [
      {
        "tRazonSocial": "NO. KUANTITI JENIS BARANG"
      }
    ],
    "mresumen": [],
    "mjornada": [],
    "mjornada_empleado": [],
    "marchivo_tipo": [],
    "munidad_medida": []
  }
}