{
  "metadata": {
    "version": "1.0.0",
    "parser": "ExtractorOCR",
    "extraction_date": "2025-11-18T14:23:01.171928",
    "type": "structured",
    "email": "mariadelosangeles.abanto@newmont.com",
    "year": 2025,
    "month": "Octubre",
    "request_id": "eada6176-0aa0-4362-b8ab-f4f1b641fff8",
    "processed_at": "2025-11-18T14:25:11.827917",
    "api_version": "1.0.0",
    "periodo_id": "string"
  },
  "hoja": {
    "tJson": "BSQE\nBS0004\n电子发票(普通发票)\n发票号码:25132000000100604682\n开票日期:2025年06月13日\n购买方信息\n名称:通标标准技术服务有限公司\n统一社会信用代码/纳税人识别号:91110108625907462B\n项目名称 规格型号 单位 数量 单价 金额 税率/征收率 税额\n*住宿服务*住宿费 天 1 100 100.00 1% 1.00\n合计 ¥100.00 ¥1.00\n价税合计(大写) 壹佰零壹圆整 (小写)¥101.00\n购买方地址:北京市海淀区阜成路73号世纪裕惠大厦16层; 电话:一:\n购买方开户银行:中国银行北京航天桥支行: 银行账号:320756030799;\n销售方地址:保定市竞秀区先锋街道办事处乐凯南大街121号; 电话:15130249999;\n销售方开户银行:保定银行股份有限公司阳光支行: 银行账号:6062080120110100042821;\n销售方信息\n名称:保定市新市区君悦酒店\n统一社会信用代码/纳税人识别号:9113060206702623XD\n备注\n开票人:赵晓明\nPage 2 of 2\n下载次数:3",
    "tJsonTraducido": null,
    "lFormato": false,
    "iMIdioma": 5,
    "iMDocumentoTipo": 99,
    "tSequentialNumber": "BS0004"
  },
  "additional_data": {
    "midioma": [
      {
        "iMIdioma": 5,
        "tIdioma": "Chino"
      }
    ],
    "mdocumento_tipo": [
      {
        "iMDocumentoTipo": 99,
        "tTipo": "Desconocido"
      }
    ],
    "mdivisa": [
      {
        "tDivisa": "CNY"
      }
    ],
    "mnaturaleza": [
      {
        "tNaturaleza": "Otro"
      }
    ],
    "mcomprobante_detalle": [
      {
        "nCantidad": 1.0,
        "tDescripcion": "价税合计(大写) 壹佰零壹圆整 (小写)¥",
        "nPrecioUnitario": 101.0,
        "nPrecioTotal": 101.0,
        "_currency": "USD",
        "_source_line": 12,
        "_auto_extracted": true
      },
      {
        "nCantidad": 1.0,
        "tDescripcion": "*住宿服务*住宿费 天 1 100",
        "nPrecioUnitario": 100.0,
        "nPrecioTotal": 100.0,
        "_currency": "USD",
        "_source_line": 10,
        "_auto_extracted": true
      }
    ],
    "mresumen": [],
    "mcomprobante": [],
    "mjornada": [],
    "mjornada_empleado": [],
    "mproveedor": [],
    "marchivo_tipo": [],
    "munidad_medida": []
  }
}