{
  "metadata": {
    "version": "1.0.0",
    "parser": "ExtractorOCR",
    "extraction_date": "2025-11-18T14:20:50.548704",
    "type": "structured",
    "email": "mariadelosangeles.abanto@newmont.com",
    "year": 2025,
    "month": "Octubre",
    "request_id": "eada6176-0aa0-4362-b8ab-f4f1b641fff8",
    "processed_at": "2025-11-18T14:25:11.827917",
    "api_version": "1.0.0",
    "periodo_id": "string"
  },
  "hoja": {
    "tJson": "BSQE\nBS0003\nM/S\n號碼 摘要 日期\nPARTICULARS DATE/TARIKH : 10/6/25\nNO BUTIR-BUTIR 數量 價目 銀額\nQUANTITY UNIT PRICE AMOUNT\nKUANTITI HARGA RM JUMLAH RM\n1 makon 23.10\n2\n3\n4\n5\n6\n7\n8\n9\n10 USD/5.60\n號碼 34669 貨物出門,恕不退換。 總計 23.10\nNO Goods sold are not refumable TOTAL\nBarang yang sudah dijual JUMLAH\nfidak boleh dikembalikan. RM\nReceived by / Diterima Oleh/收貨人 Signature/Tandatangan/經手人",
    "tJsonTraducido": null,
    "lFormato": false,
    "iMIdioma": 5,
    "iMDocumentoTipo": 1,
    "tSequentialNumber": "BS0003"
  },
  "additional_data": {
    "mcomprobante": [
      {
        "_stamp_name": "BSQE",
        "_sequential_number": "BS0003",
        "tNumero": null,
        "tSerie": null,
        "fEmision": "10/6/25",
        "tCliente": null,
        "nPrecioTotal": 23.1
      }
    ],
    "mcomprobante_detalle": [
      {
        "nCantidad": 1.0,
        "tDescripcion": "makon",
        "nPrecioUnitario": 23.1,
        "nPrecioTotal": 23.1
      }
    ],
    "midioma": [
      {
        "iMIdioma": 5,
        "tIdioma": "Chino"
      }
    ],
    "mdocumento_tipo": [
      {
        "iMDocumentoTipo": 1,
        "tTipo": "Comprobante"
      }
    ],
    "mdivisa": [
      {
        "tDivisa": "RM"
      },
      {
        "tDivisa": "USD"
      }
    ],
    "mnaturaleza": [
      {
        "tNaturaleza": "Otro"
      }
    ],
    "mproveedor": [
      {
        "tRazonSocial": "PARTICULARS DATE"
      }
    ],
    "mresumen": [],
    "mjornada": [],
    "mjornada_empleado": [],
    "marchivo_tipo": [],
    "munidad_medida": []
  }
}