{
  "metadata": {
    "version": "1.0.0",
    "parser": "ExtractorOCR",
    "extraction_date": "2025-11-18T14:21:37.597942",
    "type": "structured",
    "email": "mariadelosangeles.abanto@newmont.com",
    "year": 2025,
    "month": "Octubre",
    "request_id": "eada6176-0aa0-4362-b8ab-f4f1b641fff8",
    "processed_at": "2025-11-18T14:25:11.827917",
    "api_version": "1.0.0",
    "periodo_id": "string"
  },
  "hoja": {
    "tJson": "SGS\nINVOICE\nBSQE\nBS0004\nSGS Order No: SHINSCS2500784B01\nDate: 2025-07-07\nPage: 1/1\nCustomer Number 1055615\nCustomer Name BECHTEL SUPPLIER QUALITY & EXPEDITING INC.\nCustomer Address 3000 POST OAK BLVD. MS75, HOUSTON, TEXAS, 77058, United States\nAttention MONDSHINE\nCurrency USD\nPayment Term Net due in 30 Days BBS ND REVC 10 JUL 2025\nVAT No\nPurchase Order\nReference Order SHINSCS2500784B01\nItem Description Quantity UM Unit Price Net Amount Tax Code Amount\n57738 Inspection Service 1 Ea 3,764.35 3,551.27 VAT 6% 3,764.35\nExecution Location Taizhou&Tianjin&Suzhou&Baoding&Wuxi&Lishui&Dezhou&Guangzhou&Wuhan&Fushun\nExecution Date(s) 2025.6.2-6.30\nInspector Name Herbert Fan&Nick Hu&Alex Wu&Allen Zhu&Muva Yang&Dong Zhichao&Jim Song&Jared Chen etc.\nNet Amount USD 3,551.27\nSum of Tax USD 213.08\nTotal Amount USD 3,764.35\nContact Name : Angel Xia\nE-mai : Angel.xia@sgs.com\nBeneficiary's Name : SGS-CSTC Standards Technical Services (Shanghai) Co., Ltd.\nBeneficiary's Bank : Citibank (china) Co., Ltd. Shanghai Branch\nAccount Number : 1748074003\nBIC/SWIFT : CITICNSX\nIssuing Affiliate: F619301\nUSD 1,210.92 + USD 51.08 + USD 53.85 + USD 30.00 + USD 114.98 = USD 1,460.83",
    "tJsonTraducido": null,
    "lFormato": false,
    "iMIdioma": 2,
    "iMDocumentoTipo": 1,
    "tSequentialNumber": "BS0004"
  },
  "additional_data": {
    "mcomprobante": [
      {
        "_stamp_name": "BSQE",
        "_sequential_number": "BS0004",
        "tNumero": "BSQE",
        "tSerie": null,
        "nPrecioTotal": 3764.35,
        "tCliente": null
      }
    ],
    "mcomprobante_detalle": [
      {
        "nCantidad": 1.0,
        "tDescripcion": "Inspection Service",
        "nPrecioUnitario": 3764.35,
        "nPrecioTotal": 3551.27
      },
      {
        "nCantidad": 1.0,
        "tDescripcion": "57738 Inspection Service 1 Ea",
        "nPrecioUnitario": 3764.35,
        "nPrecioTotal": 3764.35,
        "_currency": "USD",
        "_source_line": 18,
        "_auto_extracted": true
      },
      {
        "nCantidad": 1.0,
        "tDescripcion": "+  +  +  +  =",
        "nPrecioUnitario": 1460.83,
        "nPrecioTotal": 1460.83,
        "_currency": "USD",
        "_source_line": 32,
        "_auto_extracted": true
      },
      {
        "nCantidad": 1.0,
        "tDescripcion": "+  +  +  +  =",
        "nPrecioUnitario": 1210.92,
        "nPrecioTotal": 1210.92,
        "_currency": "USD",
        "_source_line": 32,
        "_auto_extracted": true
      },
      {
        "nCantidad": 1.0,
        "tDescripcion": "Sum of Tax",
        "nPrecioUnitario": 213.08,
        "nPrecioTotal": 213.08,
        "_currency": "USD",
        "_source_line": 23,
        "_auto_extracted": true
      },
      {
        "nCantidad": 1.0,
        "tDescripcion": "+  +  +  +",
        "nPrecioUnitario": 114.98,
        "nPrecioTotal": 114.98,
        "_currency": "USD",
        "_source_line": 32,
        "_auto_extracted": true
      },
      {
        "nCantidad": 1.0,
        "tDescripcion": "+  +",
        "nPrecioUnitario": 53.85,
        "nPrecioTotal": 53.85,
        "_currency": "USD",
        "_source_line": 32,
        "_auto_extracted": true
      },
      {
        "nCantidad": 1.0,
        "tDescripcion": "USD 1,210.92 +",
        "nPrecioUnitario": 51.08,
        "nPrecioTotal": 51.08,
        "_currency": "USD",
        "_source_line": 32,
        "_auto_extracted": true
      },
      {
        "nCantidad": 1.0,
        "tDescripcion": "Total Amount USD 3,764.",
        "nPrecioUnitario": 35.0,
        "nPrecioTotal": 35.0,
        "_currency": "USD",
        "_source_line": 24,
        "_auto_extracted": true
      },
      {
        "nCantidad": 1.0,
        "tDescripcion": "+  +  +",
        "nPrecioUnitario": 30.0,
        "nPrecioTotal": 30.0,
        "_currency": "USD",
        "_source_line": 32,
        "_auto_extracted": true
      },
      {
        "nCantidad": 1.0,
        "tDescripcion": "Net Amount USD 3,551.",
        "nPrecioUnitario": 27.0,
        "nPrecioTotal": 27.0,
        "_currency": "USD",
        "_source_line": 22,
        "_auto_extracted": true
      },
      {
        "nCantidad": 1.0,
        "tDescripcion": "Net Amount USD",
        "nPrecioUnitario": 3.0,
        "nPrecioTotal": 3.0,
        "_currency": "USD",
        "_source_line": 22,
        "_auto_extracted": true
      }
    ],
    "midioma": [
      {
        "iMIdioma": 2,
        "tIdioma": "Inglés"
      }
    ],
    "mdocumento_tipo": [
      {
        "iMDocumentoTipo": 1,
        "tTipo": "Comprobante"
      }
    ],
    "mdivisa": [
      {
        "tDivisa": "USD"
      }
    ],
    "mnaturaleza": [
      {
        "tNaturaleza": "Alimentación"
      }
    ],
    "mproveedor": [
      {
        "tRazonSocial": "ia\nE"
      }
    ],
    "mresumen": [
      {
        "tDescripcion": "Cálculo destacado: USD 53.85 + USD 30.00 + USD 114.98 = USD 1,460.83",
        "tjobno": null,
        "ttype": null,
        "nMonto": 1460.83,
        "tDivisa": "USD",
        "_calculation": true,
        "_calculation_text": "USD 53.85 + USD 30.00 + USD 114.98 = USD 1,460.83"
      }
    ],
    "mjornada": [],
    "mjornada_empleado": [],
    "marchivo_tipo": [],
    "munidad_medida": []
  }
}