{
  "metadata": {
    "version": "1.0.0",
    "parser": "ExtractorOCR",
    "extraction_date": "2025-11-18T14:21:09.525375",
    "type": "structured",
    "email": "mariadelosangeles.abanto@newmont.com",
    "year": 2025,
    "month": "Octubre",
    "request_id": "eada6176-0aa0-4362-b8ab-f4f1b641fff8",
    "processed_at": "2025-11-18T14:25:11.827917",
    "api_version": "1.0.0",
    "periodo_id": "string"
  },
  "hoja": {
    "tJson": "BSQE\nBS0003\nMEM\nM/S\n日期\nTARIKH 19/6/25\nNO.\n数量 摘要 價目 銀額\nNO. KUANTITI JENIS BARANG - BARANG HARGA JUMLAH\n1\n2 22.70\n3\n4\n5\n6\n7\n8\n9 USD 5 50\n貨物出門,恕不退换。\nBarang yang sudah dijual tidak boleh dikembalikan.\nJUMLAN/總計 22.70\n收貨人 經手人\nDiterima Oleh................................ Disahkan Oleh................................",
    "tJsonTraducido": null,
    "lFormato": false,
    "iMIdioma": 5,
    "iMDocumentoTipo": 1,
    "tSequentialNumber": "BS0003"
  },
  "additional_data": {
    "mcomprobante": [
      {
        "_stamp_name": "BSQE",
        "_sequential_number": "BS0003",
        "tNumero": null,
        "tSerie": null,
        "fEmision": "19/6/25",
        "tCliente": null,
        "nPrecioTotal": 5.5
      }
    ],
    "mcomprobante_detalle": [
      {
        "nCantidad": 1.0,
        "tDescripcion": "Item 9 (USD)",
        "nPrecioUnitario": 5.5,
        "nPrecioTotal": 5.5
      },
      {
        "nCantidad": 2.0,
        "tDescripcion": "USD",
        "nPrecioUnitario": 5.0,
        "nPrecioTotal": 50.0
      },
      {
        "nCantidad": 1.0,
        "tDescripcion": "2",
        "nPrecioUnitario": 22.7,
        "nPrecioTotal": 22.7,
        "_currency": "USD",
        "_source_line": 11,
        "_auto_extracted": true
      }
    ],
    "midioma": [
      {
        "iMIdioma": 5,
        "tIdioma": "Chino"
      }
    ],
    "mdocumento_tipo": [
      {
        "iMDocumentoTipo": 1,
        "tTipo": "Comprobante"
      }
    ],
    "mdivisa": [
      {
        "tDivisa": "USD"
      }
    ],
    "mnaturaleza": [
      {
        "tNaturaleza": "Otro"
      }
    ],
    "mproveedor": [
      {
        "tRazonSocial": "NO. KUANTITI JENIS BARANG"
      }
    ],
    "mresumen": [],
    "mjornada": [],
    "mjornada_empleado": [],
    "marchivo_tipo": [],
    "munidad_medida": []
  }
}