{
  "metadata": {
    "version": "1.0.0",
    "parser": "ExtractorOCR",
    "extraction_date": "2025-11-18T14:23:37.171166",
    "type": "structured",
    "email": "mariadelosangeles.abanto@newmont.com",
    "year": 2025,
    "month": "Octubre",
    "request_id": "eada6176-0aa0-4362-b8ab-f4f1b641fff8",
    "processed_at": "2025-11-18T14:25:11.827917",
    "api_version": "1.0.0",
    "periodo_id": "string"
  },
  "hoja": {
    "tJson": "BSQE\nBS0004\n电子发票(普通发票)\n发票号码:25212000000048756104\n开票日期:2025年06月22日\n购买方信息\n名称:通标标准技术服务有限公司大连分公司\n统一社会信用代码/纳税人识别号:91210242X04830765M\n销售方信息\n名称:营口经济技术开发区远大快捷旅馆\n统一社会信用代码/纳税人识别号:92210804MA0TU29690\n项目名称 规格型号 单位 数量 单价 金额 税率/征收率 税额\n*住宿服务*住宿服务 天 3 246.534653465347 739.60 1% 7.40\n合 计 ¥739.60 ¥7.40\n价税合计(大写) 柒佰肆拾柒圆整 (小写)¥747.00\n开票人:王辉\n下载次数:1\nPage 4 of 4",
    "tJsonTraducido": null,
    "lFormato": false,
    "iMIdioma": 5,
    "iMDocumentoTipo": 99,
    "tSequentialNumber": "BS0004"
  },
  "additional_data": {
    "midioma": [
      {
        "iMIdioma": 5,
        "tIdioma": "Chino"
      }
    ],
    "mdocumento_tipo": [
      {
        "iMDocumentoTipo": 99,
        "tTipo": "Desconocido"
      }
    ],
    "mdivisa": [
      {
        "tDivisa": "CNY"
      }
    ],
    "mnaturaleza": [
      {
        "tNaturaleza": "Otro"
      }
    ],
    "mcomprobante_detalle": [
      {
        "nCantidad": 1.0,
        "tDescripcion": "价税合计(大写) 柒佰肆拾柒圆整 (小写)¥",
        "nPrecioUnitario": 747.0,
        "nPrecioTotal": 747.0,
        "_currency": "USD",
        "_source_line": 15,
        "_auto_extracted": true
      },
      {
        "nCantidad": 1.0,
        "tDescripcion": "*住宿服务*住宿服务 天 3 246.534653465347",
        "nPrecioUnitario": 739.6,
        "nPrecioTotal": 739.6,
        "_currency": "USD",
        "_source_line": 13,
        "_auto_extracted": true
      }
    ],
    "mresumen": [],
    "mcomprobante": [],
    "mjornada": [],
    "mjornada_empleado": [],
    "mproveedor": [],
    "marchivo_tipo": [],
    "munidad_medida": []
  }
}