{
  "metadata": {
    "version": "1.0.0",
    "parser": "ExtractorOCR",
    "extraction_date": "2025-11-18T14:24:34.467471",
    "type": "structured",
    "email": "mariadelosangeles.abanto@newmont.com",
    "year": 2025,
    "month": "Octubre",
    "request_id": "eada6176-0aa0-4362-b8ab-f4f1b641fff8",
    "processed_at": "2025-11-18T14:25:11.827917",
    "api_version": "1.0.0",
    "periodo_id": "string"
  },
  "hoja": {
    "tJson": "REG-24084PAY Witness 33kV Transformer DAT 13 Lightning Impulse for LV side that was Jun 28, 2025\nREG-24084PAY left from previous FAT that was attended by Richard Webber due to some Jun 29, 2025\nREG-24084PAY issues with the LI device. Jun 30, 2025\nREG-24084PAY Witness 33kV Transformer DAT 13 Lightning Impulse for LV side that was Jul 1, 2025\nREG-24084PAY left from previous FAT that was attended by Richard Webber due to some Jul 2, 2025\nREG-24084PAY issues with the LI device. Jul 3, 2025\nREG-24084PAY Report of 33kV Oil type Transformer. Jul 4, 2025\nREG-24084PAY Travel to Sydney from Melbourne and drive from Sydney to Newcastle due Jul 5, 2025\nREG-24084PAY to limited flights available for an early start of 33kV DAT 14 Jul 6, 2025\ntransformer FAT at Ampcontrol.\n33kV FAT DAT 14\n33kV FAT DAT 14\n33kV FAT DAT 14\n33kV FAT\n33kV FAT DAT 14\nReport for this week Factory Acceptance testing of 33kV transformer DAT\n14 at Ampcontrol Newcastle.\nTravel to Perth for 33kV Switchroom FAT that will commence early Monday\nmorning 7th July 2025. The travel was cleared by the PSQS prior to\nbooking the travel.",
    "tJsonTraducido": null,
    "lFormato": false,
    "iMIdioma": 4,
    "iMDocumentoTipo": 99,
    "tSequentialNumber": null
  },
  "additional_data": {
    "midioma": [
      {
        "iMIdioma": 4,
        "tIdioma": "Otro"
      }
    ],
    "mdocumento_tipo": [
      {
        "iMDocumentoTipo": 99,
        "tTipo": "Desconocido"
      }
    ],
    "mnaturaleza": [
      {
        "tNaturaleza": "Otro"
      }
    ],
    "mresumen": [],
    "mcomprobante": [],
    "mcomprobante_detalle": [],
    "mjornada": [],
    "mjornada_empleado": [],
    "mproveedor": [],
    "marchivo_tipo": [],
    "mdivisa": [],
    "munidad_medida": []
  }
}