{
  "metadata": {
    "version": "1.0.0",
    "parser": "ExtractorOCR",
    "extraction_date": "2025-11-18T14:25:08.081335",
    "type": "structured",
    "email": "mariadelosangeles.abanto@newmont.com",
    "year": 2025,
    "month": "Octubre",
    "request_id": "eada6176-0aa0-4362-b8ab-f4f1b641fff8",
    "processed_at": "2025-11-18T14:25:11.827917",
    "api_version": "1.0.0",
    "periodo_id": "string"
  },
  "hoja": {
    "tJson": "Curran, Michael\nOTRE\nOR0001\nFrom: Raucci, Sharon\nSent: Monday, July 21, 2025 10:50 AM\nTo: BARS Input, Glendale\nCc: Atkins, Garrett; May, Robert; Gann, Julie; Gosain, Tarun; Pletcher, Ben\nSubject: BWB2-55600-430 - WATC M&TE Lab - OBARS Upload - Jun 2025\nAttachments: 55600-430 M&TE-Testing-Lab-OBARS-Upload-2025-06-R00.csv; 55600-430 M&TE-Testing-Lab-OBARS-Upload-2025-06-R00.xls;\n06-2025 LAB BILL OUT R_0.xlsx\nBechtel Level 3 - General. Non-Confidential Business Information.\n*** Re-submittal with re-formatted csv file ***\nGood Afternoon BARS team,\nAttached is the upload file plus the Excel version and supporting back-up for the WATC M&TE lab (Job 55600, Sub Job 430) for processing.\nBelow is the upload summary:\nCredit/Recovery Debit/Cost\nJob Sub Job Sub Sub Recovery Job Sub Job Sub Sub Cost\n55600 430 $ (4,410.00) 26196 530 $ 4,410.00\n55600 430 $ (45,250.00) 26442 421 $ 45,250.00\n55600 430 $ -\n55600 430 $ -\ntotal $ (49,660.00) total $ 49,660.00\nQuestions/issues, please contact me.\nThank You,\nSharon K. Raucci | Principal Cost Engineer\nBECHTEL\nProject Controls | EcoSys Super User\n1",
    "tJsonTraducido": null,
    "lFormato": false,
    "iMIdioma": 2,
    "iMDocumentoTipo": 1,
    "tSequentialNumber": "OR0001"
  },
  "additional_data": {
    "mcomprobante": [
      {
        "_stamp_name": "OTRE",
        "_sequential_number": "OR0001",
        "tNumero": null,
        "tSerie": null,
        "nPrecioTotal": 49660.0,
        "tCliente": null
      }
    ],
    "mcomprobante_detalle": [
      {
        "nCantidad": 1.0,
        "tDescripcion": "Cost Job Sub Job Sub Sub",
        "nPrecioUnitario": 4410.0,
        "nPrecioTotal": 4410.0
      },
      {
        "nCantidad": 1.0,
        "tDescripcion": "Cost Job Sub Job Sub Sub",
        "nPrecioUnitario": 45250.0,
        "nPrecioTotal": 45250.0
      },
      {
        "nCantidad": 1.0,
        "tDescripcion": "total $ () total",
        "nPrecioUnitario": 49660.0,
        "nPrecioTotal": 49660.0,
        "_currency": "$",
        "_source_line": 22,
        "_auto_extracted": true
      },
      {
        "nCantidad": 1.0,
        "tDescripcion": "total $ (",
        "nPrecioUnitario": 49660.0,
        "nPrecioTotal": 49660.0,
        "_currency": "USD",
        "_source_line": 22,
        "_auto_extracted": true
      },
      {
        "nCantidad": 1.0,
        "tDescripcion": "total $ () total",
        "nPrecioUnitario": 49.0,
        "nPrecioTotal": 49.0,
        "_currency": "$",
        "_source_line": 22,
        "_auto_extracted": true
      },
      {
        "nCantidad": 1.0,
        "tDescripcion": "total $ (",
        "nPrecioUnitario": 49.0,
        "nPrecioTotal": 49.0,
        "_currency": "USD",
        "_source_line": 22,
        "_auto_extracted": true
      },
      {
        "nCantidad": 1.0,
        "tDescripcion": "55600 430 $ () 26442 421",
        "nPrecioUnitario": 45.0,
        "nPrecioTotal": 45.0,
        "_currency": "$",
        "_source_line": 19,
        "_auto_extracted": true
      },
      {
        "nCantidad": 1.0,
        "tDescripcion": "55600 430 $ (",
        "nPrecioUnitario": 45.0,
        "nPrecioTotal": 45.0,
        "_currency": "USD",
        "_source_line": 19,
        "_auto_extracted": true
      },
      {
        "nCantidad": 1.0,
        "tDescripcion": "55600 430 $ () 26196 530",
        "nPrecioUnitario": 4.0,
        "nPrecioTotal": 4.0,
        "_currency": "$",
        "_source_line": 18,
        "_auto_extracted": true
      },
      {
        "nCantidad": 1.0,
        "tDescripcion": "55600 430 $ (",
        "nPrecioUnitario": 4.0,
        "nPrecioTotal": 4.0,
        "_currency": "USD",
        "_source_line": 18,
        "_auto_extracted": true
      }
    ],
    "midioma": [
      {
        "iMIdioma": 2,
        "tIdioma": "Inglés"
      }
    ],
    "mdocumento_tipo": [
      {
        "iMDocumentoTipo": 1,
        "tTipo": "Comprobante"
      }
    ],
    "mdivisa": [
      {
        "tDivisa": "USD"
      }
    ],
    "mnaturaleza": [
      {
        "tNaturaleza": "Otro"
      }
    ],
    "mproveedor": [
      {
        "tRazonSocial": "ad"
      }
    ],
    "mresumen": [],
    "mjornada": [],
    "mjornada_empleado": [],
    "marchivo_tipo": [],
    "munidad_medida": []
  }
}