{
  "metadata": {
    "version": "1.0.0",
    "parser": "ExtractorOCR",
    "extraction_date": "2025-11-18T14:24:56.329881",
    "type": "structured",
    "email": "mariadelosangeles.abanto@newmont.com",
    "year": 2025,
    "month": "Octubre",
    "request_id": "eada6176-0aa0-4362-b8ab-f4f1b641fff8",
    "processed_at": "2025-11-18T14:25:11.827917",
    "api_version": "1.0.0",
    "periodo_id": "string"
  },
  "hoja": {
    "tJson": "IHOP\nIHOP #5446\n327 2nd Street S, Waite Park, MN, US\n56387-2314\n(320) 259-4467\nFLORES F/FANNY\nSat May 31, 2025 08:35 AM CDT\nEat In 121\n0002171 Deanna C Check #199768021\nSubtotal 44.44\nTip $.00\nTotal 49.44\nSuggested Gratuities\n15.00 % Tip = $6.67\n18.00 % Tip = $8.00\n20.00 % Tip = $8.89\nX\nCharge FLORES F/FANNY Mastercard ending in\n****9743\nEntry Method: [unclear] AID A0000000041610\nTransaction Type: Authorized TVR 0000008000\n****5743 TSC E800\nCard type: Mastercard ARC 00\nIAD: 01106070012400006985000000000000000 F\nCredit Card\n*********************************\nCustomer Copy\nInternational Bank of Pancakes\n3529192186912\nWelcome to IHOP Rewards!\nYou earned free pancakes with today's\npurchase. Log in on IHOP.com or IHOP app\nand enter or scan the barcode to collect\npancoins. Receipt code valid for 7 days.\nOTEM\nOE0001",
    "tJsonTraducido": null,
    "lFormato": false,
    "iMIdioma": 1,
    "iMDocumentoTipo": 99,
    "tSequentialNumber": "OE0001"
  },
  "additional_data": {
    "midioma": [
      {
        "iMIdioma": 1,
        "tIdioma": "Español"
      }
    ],
    "mdocumento_tipo": [
      {
        "iMDocumentoTipo": 99,
        "tTipo": "Desconocido"
      }
    ],
    "mdivisa": [
      {
        "tDivisa": "USD"
      }
    ],
    "mnaturaleza": [
      {
        "tNaturaleza": "Otro"
      }
    ],
    "mcomprobante_detalle": [
      {
        "nCantidad": 1.0,
        "tDescripcion": "% Tip = .",
        "nPrecioUnitario": 89.0,
        "nPrecioTotal": 89.0,
        "_currency": "USD",
        "_source_line": 16,
        "_auto_extracted": true
      },
      {
        "nCantidad": 1.0,
        "tDescripcion": "% Tip = .",
        "nPrecioUnitario": 67.0,
        "nPrecioTotal": 67.0,
        "_currency": "USD",
        "_source_line": 14,
        "_auto_extracted": true
      },
      {
        "nCantidad": 1.0,
        "tDescripcion": "Total",
        "nPrecioUnitario": 49.44,
        "nPrecioTotal": 49.44,
        "_currency": "USD",
        "_source_line": 12,
        "_auto_extracted": true
      },
      {
        "nCantidad": 1.0,
        "tDescripcion": "Total",
        "nPrecioUnitario": 49.0,
        "nPrecioTotal": 49.0,
        "_currency": "USD",
        "_source_line": 12,
        "_auto_extracted": true
      },
      {
        "nCantidad": 1.0,
        "tDescripcion": "Subtotal",
        "nPrecioUnitario": 44.44,
        "nPrecioTotal": 44.44,
        "_currency": "USD",
        "_source_line": 10,
        "_auto_extracted": true
      },
      {
        "nCantidad": 1.0,
        "tDescripcion": "Subtotal",
        "nPrecioUnitario": 44.0,
        "nPrecioTotal": 44.0,
        "_currency": "USD",
        "_source_line": 10,
        "_auto_extracted": true
      },
      {
        "nCantidad": 1.0,
        "tDescripcion": "% Tip =",
        "nPrecioUnitario": 20.0,
        "nPrecioTotal": 20.0,
        "_currency": "USD",
        "_source_line": 16,
        "_auto_extracted": true
      },
      {
        "nCantidad": 1.0,
        "tDescripcion": "% Tip =",
        "nPrecioUnitario": 18.0,
        "nPrecioTotal": 18.0,
        "_currency": "USD",
        "_source_line": 15,
        "_auto_extracted": true
      },
      {
        "nCantidad": 1.0,
        "tDescripcion": "% Tip =",
        "nPrecioUnitario": 15.0,
        "nPrecioTotal": 15.0,
        "_currency": "USD",
        "_source_line": 14,
        "_auto_extracted": true
      },
      {
        "nCantidad": 1.0,
        "tDescripcion": "% Tip =",
        "nPrecioUnitario": 8.89,
        "nPrecioTotal": 8.89,
        "_currency": "$",
        "_source_line": 16,
        "_auto_extracted": true
      },
      {
        "nCantidad": 1.0,
        "tDescripcion": "% Tip =",
        "nPrecioUnitario": 8.0,
        "nPrecioTotal": 8.0,
        "_currency": "$",
        "_source_line": 15,
        "_auto_extracted": true
      },
      {
        "nCantidad": 1.0,
        "tDescripcion": "% Tip = $",
        "nPrecioUnitario": 8.0,
        "nPrecioTotal": 8.0,
        "_currency": "USD",
        "_source_line": 15,
        "_auto_extracted": true
      },
      {
        "nCantidad": 1.0,
        "tDescripcion": "% Tip =",
        "nPrecioUnitario": 6.67,
        "nPrecioTotal": 6.67,
        "_currency": "$",
        "_source_line": 14,
        "_auto_extracted": true
      },
      {
        "nCantidad": 1.0,
        "tDescripcion": "% Tip =",
        "nPrecioUnitario": 6.0,
        "nPrecioTotal": 6.0,
        "_currency": "$",
        "_source_line": 14,
        "_auto_extracted": true
      },
      {
        "nCantidad": 1.0,
        "tDescripcion": "% Tip = $",
        "nPrecioUnitario": 6.0,
        "nPrecioTotal": 6.0,
        "_currency": "USD",
        "_source_line": 14,
        "_auto_extracted": true
      }
    ],
    "mresumen": [],
    "mcomprobante": [],
    "mjornada": [],
    "mjornada_empleado": [],
    "mproveedor": [],
    "marchivo_tipo": [],
    "munidad_medida": []
  }
}