{
  "metadata": {
    "version": "1.0.0",
    "parser": "ExtractorOCR",
    "extraction_date": "2025-11-18T14:21:13.487048",
    "type": "structured",
    "email": "mariadelosangeles.abanto@newmont.com",
    "year": 2025,
    "month": "Octubre",
    "request_id": "eada6176-0aa0-4362-b8ab-f4f1b641fff8",
    "processed_at": "2025-11-18T14:25:11.827917",
    "api_version": "1.0.0",
    "periodo_id": "string"
  },
  "hoja": {
    "tJson": "M/s.\nTarikh 21/6/2025\nHEL\nBSQE\nBS0003\n编\n数量\n摘要\n价目\n银额\nINO KUANTITI\nENIB BARANG-BARANG\nHARGA\nJUMLAH (RM)\n1\n24.50\n2\n3\n4\n5\n6\n7\n8\n9\nUSD 5,95\n10\nCASH/INVOICE\n总计\nJUMLAH RM 24.50\nTERIMA OLEH 收貨人\nDISAHKAN OLEH 经手人",
    "tJsonTraducido": null,
    "lFormato": false,
    "iMIdioma": 5,
    "iMDocumentoTipo": 1,
    "tSequentialNumber": "BS0003"
  },
  "additional_data": {
    "mcomprobante": [
      {
        "_stamp_name": "BSQE",
        "_sequential_number": "BS0003",
        "tNumero": null,
        "tSerie": null,
        "fEmision": "21/6/2025",
        "nPrecioTotal": 24.5,
        "tCliente": null
      }
    ],
    "mcomprobante_detalle": [
      {
        "nCantidad": 1.0,
        "tDescripcion": "USD 5,95",
        "nPrecioUnitario": 5.95,
        "nPrecioTotal": 5.95
      },
      {
        "nCantidad": 1.0,
        "tDescripcion": "总计 JUMLAH",
        "nPrecioUnitario": 24.5,
        "nPrecioTotal": 24.5
      }
    ],
    "midioma": [
      {
        "iMIdioma": 5,
        "tIdioma": "Chino"
      }
    ],
    "mdocumento_tipo": [
      {
        "iMDocumentoTipo": 1,
        "tTipo": "Comprobante"
      }
    ],
    "mdivisa": [
      {
        "tDivisa": "RM"
      },
      {
        "tDivisa": "USD"
      }
    ],
    "mnaturaleza": [
      {
        "tNaturaleza": "Otro"
      }
    ],
    "mresumen": [],
    "mjornada": [],
    "mjornada_empleado": [],
    "mproveedor": [],
    "marchivo_tipo": [],
    "munidad_medida": []
  }
}