{
  "metadata": {
    "version": "1.0.0",
    "parser": "ExtractorOCR",
    "extraction_date": "2025-11-18T14:23:20.699393",
    "type": "structured",
    "email": "mariadelosangeles.abanto@newmont.com",
    "year": 2025,
    "month": "Octubre",
    "request_id": "eada6176-0aa0-4362-b8ab-f4f1b641fff8",
    "processed_at": "2025-11-18T14:25:11.827917",
    "api_version": "1.0.0",
    "periodo_id": "string"
  },
  "hoja": {
    "tJson": "BSQE\nBS0004\nMonth: Jun-25\nSGS-CSTC Standards Technical Service., Ltd. Shanghai Branch\nProject Monthly Expense\nSQR/AEX:Jock Yuan\nDate Assignment No. Charge No. Report No. Country Type of Activity Type Kilometer Transportation (USD) Amount Hotel (USD) Total (USD)\n1\n2\n3\n4\n5\n6\n7\n8\n9\n10\n11\n12\n13\n14\n15\n16\n17 26251-140-150187-MCCR-YQ-AC 26251140 26251-140-150187-MCCR-YQ-AC-014 China SQR Taxi+Train ¥426.50 $65.62\n18\n19\n20\n21\n22\n23\n24\n25\n26\n27\n28\n29\n30\nTotal China SQR $65.62 $0.00 $65.62\n表格说明\nCURRENCY EXCHANGE RATE: 1USD=6.5RMB\nNIGHT SHIFT-7PM-7AM WILL BE CHARGED AT 1.5 TIMES UNIT RATE\nSATURDAYS WILL BE CHARGED AT 1.25 TIMES UNIT RATE\nSUNDAYS & PUBLIC HOLIDAYS WILL BE CHARGED AT 1.5 TIMES UNIT RATE\nUNIT RATE APPLIES TO ALL INSPECTION. TRAVEL AND REPORTING TIME\nUNIT RATE IS NET OF APPLICABLE LOCAL AND FEDERAL TAXES OF COUNTRY OF EXECUTION (E. G. VAT. ETC)\nMINIMUM CHARGE OF 5 HOURS APPLIES TO EACH EVENT (PER DATE AND SITE)",
    "tJsonTraducido": null,
    "lFormato": false,
    "iMIdioma": 5,
    "iMDocumentoTipo": 1,
    "tSequentialNumber": "BS0004"
  },
  "additional_data": {
    "mcomprobante": [
      {
        "_stamp_name": "BSQE",
        "_sequential_number": "BS0004",
        "tNumero": null,
        "tSerie": null,
        "nPrecioTotal": 1.0,
        "tCliente": null
      }
    ],
    "mcomprobante_detalle": [
      {
        "nCantidad": 1.0,
        "tDescripcion": "Taxi+Train ¥426.50",
        "nPrecioUnitario": 65.62,
        "nPrecioTotal": 65.62
      },
      {
        "nCantidad": 1.0,
        "tDescripcion": "17 26251-140-150187-MCCR-YQ-AC 26251140 26251-140-150187-MCCR-YQ-AC-014 China SQR Taxi+Train ¥",
        "nPrecioUnitario": 426.5,
        "nPrecioTotal": 426.5,
        "_currency": "USD",
        "_source_line": 24,
        "_auto_extracted": true
      },
      {
        "nCantidad": 1.0,
        "tDescripcion": "17 26251-140-150187-MCCR-YQ-AC 26251140 26251-140-150187-MCCR-YQ-AC-014 China SQR Taxi+Train ¥",
        "nPrecioUnitario": 65.0,
        "nPrecioTotal": 65.0,
        "_currency": "$",
        "_source_line": 24,
        "_auto_extracted": true
      },
      {
        "nCantidad": 1.0,
        "tDescripcion": "17 26251-140-150187-MCCR-YQ-AC 26251140 26251-140-150187-MCCR-YQ-AC-014 China SQR Taxi+Train ¥ $",
        "nPrecioUnitario": 65.0,
        "nPrecioTotal": 65.0,
        "_currency": "USD",
        "_source_line": 24,
        "_auto_extracted": true
      },
      {
        "nCantidad": 1.0,
        "tDescripcion": "17 26251-140-150187-MCCR-YQ-AC 26251140 26251-140-150187-MCCR-YQ-AC-014 China SQR Taxi+Train ¥ .",
        "nPrecioUnitario": 62.0,
        "nPrecioTotal": 62.0,
        "_currency": "USD",
        "_source_line": 24,
        "_auto_extracted": true
      },
      {
        "nCantidad": 1.0,
        "tDescripcion": "17 26251-140-150187-MCCR-YQ-AC 26251140 26251-140-150187-MCCR-YQ-AC-014 China SQR Taxi+Train ¥426.",
        "nPrecioUnitario": 50.0,
        "nPrecioTotal": 50.0,
        "_currency": "USD",
        "_source_line": 24,
        "_auto_extracted": true
      },
      {
        "nCantidad": 1.0,
        "tDescripcion": "17 26251-140-150187-MCCR-YQ-AC 26251140 26251-140-150187-MCCR-YQ-AC-014 China SQR Taxi+Train ¥",
        "nPrecioUnitario": 17.0,
        "nPrecioTotal": 17.0,
        "_currency": "USD",
        "_source_line": 24,
        "_auto_extracted": true
      },
      {
        "nCantidad": 1.0,
        "tDescripcion": "CURRENCY EXCHANGE RATE: 1USD=",
        "nPrecioUnitario": 6.0,
        "nPrecioTotal": 6.0,
        "_currency": "USD",
        "_source_line": 40,
        "_auto_extracted": true
      }
    ],
    "midioma": [
      {
        "iMIdioma": 5,
        "tIdioma": "Chino"
      }
    ],
    "mdocumento_tipo": [
      {
        "iMDocumentoTipo": 1,
        "tTipo": "Comprobante"
      }
    ],
    "mdivisa": [
      {
        "tDivisa": "USD"
      },
      {
        "tDivisa": "CNY"
      }
    ],
    "mnaturaleza": [
      {
        "tNaturaleza": "Otro"
      }
    ],
    "mproveedor": [
      {
        "tRazonSocial": "BSQE\nBS"
      }
    ],
    "mresumen": [],
    "mjornada": [],
    "mjornada_empleado": [],
    "marchivo_tipo": [],
    "munidad_medida": []
  }
}