{
  "metadata": {
    "version": "1.0.0",
    "parser": "ExtractorOCR",
    "extraction_date": "2025-11-18T14:21:21.941902",
    "type": "structured",
    "email": "mariadelosangeles.abanto@newmont.com",
    "year": 2025,
    "month": "Octubre",
    "request_id": "eada6176-0aa0-4362-b8ab-f4f1b641fff8",
    "processed_at": "2025-11-18T14:25:11.827917",
    "api_version": "1.0.0",
    "periodo_id": "string"
  },
  "hoja": {
    "tJson": "BSQE\nBS0003\nMBAL\nFree wilt all day No time limits!\nWIFI Password nozus withoutu\nReceipt\nOrder No 7740 Take Away\nBill No: 3618024741 COMPLETED\nDate 24/06/2025 13 06:08 13.06.08 PM\nCashier JANNAH BINTI MOHD TAIB ZUS13771\nItem Name Qty U Price S. Total\nSummer Bermes 1 12 74 13.50\nCheesecake\nDouble Choc Chip 1 15 00 15.90\nFrappe\nWhip Crm 1 0.00 0.00\nDairy M 1 0.00 0.00\nZUS MINERAL WATER 1 3.00 3.00\nSub Total 30 74\nTax Amount 6% 1.66\nRounding 0.00\nGrand Total 32.40\n============\nCard(MyDebit) USD 7-85 32.40\nCard No: 519603******9688\nApp Code: 555166\nTrace No: 19327\nTerminal ID: 22866633\nPoints earned: 32\nScan to download\nZUS APP",
    "tJsonTraducido": null,
    "lFormato": false,
    "iMIdioma": 2,
    "iMDocumentoTipo": 1,
    "tSequentialNumber": "BS0003"
  },
  "additional_data": {
    "mcomprobante": [
      {
        "_stamp_name": "BSQE",
        "_sequential_number": "BS0003",
        "tNumero": null,
        "tSerie": null,
        "fEmision": "24/06/2025",
        "nPrecioTotal": 32.4,
        "tCliente": null
      }
    ],
    "mcomprobante_detalle": [
      {
        "nCantidad": 1.0,
        "tDescripcion": "Summer Bermes",
        "nPrecioUnitario": 12.74,
        "nPrecioTotal": 13.5
      },
      {
        "nCantidad": 1.0,
        "tDescripcion": "Cheesecake Double Choc Chip",
        "nPrecioUnitario": 15.0,
        "nPrecioTotal": 15.9
      },
      {
        "nCantidad": 1.0,
        "tDescripcion": "ZUS MINERAL WATER",
        "nPrecioUnitario": 3.0,
        "nPrecioTotal": 3.0
      },
      {
        "nCantidad": 1.0,
        "tDescripcion": "Sub Total 30",
        "nPrecioUnitario": 74.0,
        "nPrecioTotal": 74.0,
        "_currency": "USD",
        "_source_line": 19,
        "_auto_extracted": true
      },
      {
        "nCantidad": 1.0,
        "tDescripcion": "Tax Amount 6% 1.",
        "nPrecioUnitario": 66.0,
        "nPrecioTotal": 66.0,
        "_currency": "USD",
        "_source_line": 20,
        "_auto_extracted": true
      },
      {
        "nCantidad": 1.0,
        "tDescripcion": "Grand Total 32.",
        "nPrecioUnitario": 40.0,
        "nPrecioTotal": 40.0,
        "_currency": "USD",
        "_source_line": 22,
        "_auto_extracted": true
      },
      {
        "nCantidad": 1.0,
        "tDescripcion": "Grand Total",
        "nPrecioUnitario": 32.4,
        "nPrecioTotal": 32.4,
        "_currency": "USD",
        "_source_line": 22,
        "_auto_extracted": true
      },
      {
        "nCantidad": 1.0,
        "tDescripcion": "Grand Total",
        "nPrecioUnitario": 32.0,
        "nPrecioTotal": 32.0,
        "_currency": "USD",
        "_source_line": 22,
        "_auto_extracted": true
      },
      {
        "nCantidad": 1.0,
        "tDescripcion": "Sub Total",
        "nPrecioUnitario": 30.0,
        "nPrecioTotal": 30.0,
        "_currency": "USD",
        "_source_line": 19,
        "_auto_extracted": true
      },
      {
        "nCantidad": 1.0,
        "tDescripcion": "Date 24/06/2025 13 06:08",
        "nPrecioUnitario": 13.06,
        "nPrecioTotal": 13.06,
        "_currency": "USD",
        "_source_line": 9,
        "_auto_extracted": true
      },
      {
        "nCantidad": 1.0,
        "tDescripcion": "Tax Amount",
        "nPrecioUnitario": 6.0,
        "nPrecioTotal": 6.0,
        "_currency": "USD",
        "_source_line": 20,
        "_auto_extracted": true
      },
      {
        "nCantidad": 1.0,
        "tDescripcion": "Tax Amount 6%",
        "nPrecioUnitario": 1.0,
        "nPrecioTotal": 1.0,
        "_currency": "USD",
        "_source_line": 20,
        "_auto_extracted": true
      }
    ],
    "midioma": [
      {
        "iMIdioma": 2,
        "tIdioma": "Inglés"
      }
    ],
    "mdocumento_tipo": [
      {
        "iMDocumentoTipo": 1,
        "tTipo": "Comprobante"
      }
    ],
    "mdivisa": [
      {
        "tDivisa": "USD"
      }
    ],
    "mnaturaleza": [
      {
        "tNaturaleza": "Alimentación"
      }
    ],
    "mresumen": [],
    "mjornada": [],
    "mjornada_empleado": [],
    "mproveedor": [],
    "marchivo_tipo": [],
    "munidad_medida": []
  }
}