{
  "metadata": {
    "version": "1.0.0",
    "parser": "ExtractorOCR",
    "extraction_date": "2025-11-18T14:24:34.984250",
    "type": "structured",
    "email": "mariadelosangeles.abanto@newmont.com",
    "year": 2025,
    "month": "Octubre",
    "request_id": "eada6176-0aa0-4362-b8ab-f4f1b641fff8",
    "processed_at": "2025-11-18T14:25:11.827917",
    "api_version": "1.0.0",
    "periodo_id": "string"
  },
  "hoja": {
    "tJson": "Giovanni Capacite Aringay (195606)\nRun Date: 30 Jul 2025\nPeriod Schedule Overtime Org Code CO PR Office\n07 Jul 2025 - 20 Jul 2025 E (M-S 8 hour Days) POT 8NJ-2500 E9 6M\nApproved July 17, 2025 16:38:08 (UTC July 17, 2025 23:38:08)\nSigned July 17, 2025 16:33:33 (UTC July 17, 2025 23:33:33)\nCook, David John Aringay, Giovanni Capacite\nCharge Code Project Assignment Add. Info Total Mon Tue Wed Thu Fri Sat Sun Mon Tue Wed Thu Fri Sat Sun\nWorked No. 7 8 9 10 11 12 13 14 15 16 17 18 19 20\n26439-\nREG-24084PAY 26439712 AAA-43078- 111 10 11 10 10 11 3 10 11 11 10 11 3\nEZ00-YZ-B\nGrand Total 111 10 11 10 10 11 3 10 11 11 10 11 3\nStraight Time 111 10 11 10 10 11 3 10 11 11 10 11 3\nOver Time\nUser Comments\nREG-24084PAY Report.\nREG-24084PAY Report\nDate\nJul 12, 2025\nJul 19, 2025",
    "tJsonTraducido": null,
    "lFormato": false,
    "iMIdioma": 2,
    "iMDocumentoTipo": 1,
    "tSequentialNumber": null
  },
  "additional_data": {
    "mcomprobante_detalle": [
      {
        "nCantidad": 111.0,
        "tDescripcion": "26439-REG-24084PAY 26439712 AAA-43078-EZ00-YZ-B",
        "nPrecioUnitario": 111.0,
        "nPrecioTotal": 111.0
      },
      {
        "nCantidad": 1.0,
        "tDescripcion": "Grand Total 111 10",
        "nPrecioUnitario": 11.0,
        "nPrecioTotal": 11.0,
        "_currency": "USD",
        "_source_line": 13,
        "_auto_extracted": true
      },
      {
        "nCantidad": 1.0,
        "tDescripcion": "Grand Total 111",
        "nPrecioUnitario": 10.0,
        "nPrecioTotal": 10.0,
        "_currency": "USD",
        "_source_line": 13,
        "_auto_extracted": true
      },
      {
        "nCantidad": 1.0,
        "tDescripcion": "Grand Total 111 10 11 10 10 11",
        "nPrecioUnitario": 3.0,
        "nPrecioTotal": 3.0,
        "_currency": "USD",
        "_source_line": 13,
        "_auto_extracted": true
      }
    ],
    "midioma": [
      {
        "iMIdioma": 2,
        "tIdioma": "Inglés"
      }
    ],
    "mdocumento_tipo": [
      {
        "iMDocumentoTipo": 1,
        "tTipo": "Comprobante"
      }
    ],
    "mdivisa": [
      {
        "tDivisa": "USD"
      }
    ],
    "mnaturaleza": [
      {
        "tNaturaleza": "Otro"
      }
    ],
    "mresumen": [],
    "mcomprobante": [],
    "mjornada": [],
    "mjornada_empleado": [],
    "mproveedor": [],
    "marchivo_tipo": [],
    "munidad_medida": []
  }
}