{
  "metadata": {
    "version": "1.0.0",
    "parser": "ExtractorOCR",
    "extraction_date": "2025-11-18T14:24:24.754663",
    "type": "structured",
    "email": "mariadelosangeles.abanto@newmont.com",
    "year": 2025,
    "month": "Octubre",
    "request_id": "eada6176-0aa0-4362-b8ab-f4f1b641fff8",
    "processed_at": "2025-11-18T14:25:11.827917",
    "api_version": "1.0.0",
    "periodo_id": "string"
  },
  "hoja": {
    "tJson": "Obaid Shaikh (082156)\nRun Date: 30 Jul 2025\nPeriod Schedule Overtime Org Code CO PR Office\n23 Jun 2025 - 06 Jul 2025 E (M-S 8 hour Days) STO 8NJ-2500 E9 6M\nApproved Signed\nJuly 03, 2025 02:34:57 (UTC July 03, 2025 09:34:57) July 02, 2025 22:49:29 (UTC July 03, 2025 05:49:29)\nCook, David John Shaikh, Obaid\nCharge Code Project Worked Assignment No. Add. Info Total Mon Tue Wed Thu Fri Sat Sun Mon Tue Wed Thu Fri Sat Sun\n23 24 25 26 27 28 29 30 1 2 3 4 5 6\nREG-24084PAY 26232115 PSQ- Project Support Pluto LNG 18 6 6 6\nREG-24084PAY 26439712 26439-100-1000 01-MHR0-YZ-H 4 4\nREG-24084PAY 26711110 57 4 2 8 2 8 2 8 8 7 8\nREG-24084TRN 24084TRN Training 1 1\nGrand Total 80 8 8 8 8 8 8 8 8 8 8\nStraight Time 80 8 8 8 8 8 8 8 8 8 8\nOver Time\nUser Comments Date\nREG-24084PAY Arranging SQ visits to Perth Profluid with documents - Assignment Jun 24, 2025\nREG-24084PAY Number: Jun 26, 2025\nREG-24084PAY 26231-540-549317-PP00-YZ-A Jun 30, 2025\nREG-24084PAY Arranging Visit to Orion Fire (FSS) & Preplanning Assignment Number: Jun 23, 2025\nREG-24084TRN 26231-540-419211-PY21-YZ-B Jul 3, 2025\nRe-scheduling Orion Fire visit Coordination Assignment Number:\n26231-540-419211-PY21-YZ-B\nDetailed Report Tecalemit\nTraining Session meeting with James V Hart",
    "tJsonTraducido": null,
    "lFormato": false,
    "iMIdioma": 2,
    "iMDocumentoTipo": 1,
    "tSequentialNumber": null
  },
  "additional_data": {
    "mcomprobante_detalle": [
      {
        "nCantidad": 18.0,
        "tDescripcion": "REG-24084PAY 26232115 PSQ- Project Support Pluto LNG",
        "nPrecioUnitario": 6.0,
        "nPrecioTotal": 108.0
      },
      {
        "nCantidad": 4.0,
        "tDescripcion": "REG-24084PAY 26439712 26439-100-1000 01-MHR0-YZ-H",
        "nPrecioUnitario": 4.0,
        "nPrecioTotal": 16.0
      },
      {
        "nCantidad": 57.0,
        "tDescripcion": "REG-24084PAY 26711110",
        "nPrecioUnitario": 2.0,
        "nPrecioTotal": 114.0
      },
      {
        "nCantidad": 1.0,
        "tDescripcion": "REG-24084TRN 24084TRN Training",
        "nPrecioUnitario": 1.0,
        "nPrecioTotal": 1.0
      },
      {
        "nCantidad": 1.0,
        "tDescripcion": "Grand Total",
        "nPrecioUnitario": 80.0,
        "nPrecioTotal": 80.0,
        "_currency": "USD",
        "_source_line": 14,
        "_auto_extracted": true
      },
      {
        "nCantidad": 1.0,
        "tDescripcion": "Grand Total 80",
        "nPrecioUnitario": 8.0,
        "nPrecioTotal": 8.0,
        "_currency": "USD",
        "_source_line": 14,
        "_auto_extracted": true
      }
    ],
    "midioma": [
      {
        "iMIdioma": 2,
        "tIdioma": "Inglés"
      }
    ],
    "mdocumento_tipo": [
      {
        "iMDocumentoTipo": 1,
        "tTipo": "Comprobante"
      }
    ],
    "mdivisa": [
      {
        "tDivisa": "USD"
      }
    ],
    "mnaturaleza": [
      {
        "tNaturaleza": "Otro"
      }
    ],
    "mresumen": [],
    "mcomprobante": [],
    "mjornada": [],
    "mjornada_empleado": [],
    "mproveedor": [],
    "marchivo_tipo": [],
    "munidad_medida": []
  }
}