{
  "metadata": {
    "version": "1.0.0",
    "parser": "ExtractorOCR",
    "extraction_date": "2025-11-18T14:24:30.795921",
    "type": "structured",
    "email": "mariadelosangeles.abanto@newmont.com",
    "year": 2025,
    "month": "Octubre",
    "request_id": "eada6176-0aa0-4362-b8ab-f4f1b641fff8",
    "processed_at": "2025-11-18T14:25:11.827917",
    "api_version": "1.0.0",
    "periodo_id": "string"
  },
  "hoja": {
    "tJson": "BECHTEL\nObaid Shaikh (082156)\nRun Date: 30 Jul 2025\nPeriod Schedule Overtime Org Code CO PR Office\n07 Jul 2025 - 20 Jul 2025 E (M-S 8 hour Days) STO 8NJ-2500 E9 6M\nApproved\nJuly 17, 2025 14:55:08 (UTC July 17, 2025 21:55:08)\nSigned\nCook, David John\nJuly 17, 2025 14:28:32 (UTC July 17, 2025 21:28:32)\nShaikh, Obaid\nCharge Code Project Worked Assignment No. Add. Info Total Mon Tue Wed Thu Fri Sat Sun Mon Tue Wed Thu Fri Sat Sun\n7 8 9 10 11 12 13 14 15 16 17 18 19 20\nREG-24084PAY 26232115 26231-540-419 SQR 27.50 8 8 8 3.50\n211-PY21-YZ-B Work\nSTO-24084PAY 26232115 26231-540-419 SQR 6.50 2.50 4\n211-PY21-YZ-B Work\nREG-24084PAY 26232115 26231-540-4192 SQR 8 6 2\n11-PY21-YZ-C Work\nREG-24084PAY 26232115 PSQ- Project Pluto 4 3 1\nSupport LNG\nREG-24084PAY 26629310 Onboard 17 5 4 4 4\nFS\nREG-24084PAY 26711110 23.50 2 6 4.50 3 4 4\nGrand Total 86.50 8 8 8 10.50 12 8 8 8 8 8\nStraight Time 80 8 8 8 8 8 8 8 8 8 8\nOver Time 6.50 2.50 4",
    "tJsonTraducido": null,
    "lFormato": false,
    "iMIdioma": 2,
    "iMDocumentoTipo": 1,
    "tSequentialNumber": null
  },
  "additional_data": {
    "mcomprobante_detalle": [
      {
        "nCantidad": 27.5,
        "tDescripcion": "REG-24084PAY 26232115 26231-540-419 SQR 27.50 8 8 8 3.50\n211-PY21-YZ-B Work",
        "nPrecioUnitario": 1.0,
        "nPrecioTotal": 27.5
      },
      {
        "nCantidad": 6.5,
        "tDescripcion": "STO-24084PAY 26232115 26231-540-419 SQR 6.50 2.50 4\n211-PY21-YZ-B Work",
        "nPrecioUnitario": 1.0,
        "nPrecioTotal": 6.5
      },
      {
        "nCantidad": 8.0,
        "tDescripcion": "REG-24084PAY 26232115 26231-540-4192 SQR 8 6 2\n11-PY21-YZ-C Work",
        "nPrecioUnitario": 1.0,
        "nPrecioTotal": 8.0
      },
      {
        "nCantidad": 4.0,
        "tDescripcion": "REG-24084PAY 26232115 PSQ- Project Pluto 4 3 1\nSupport LNG",
        "nPrecioUnitario": 1.0,
        "nPrecioTotal": 4.0
      },
      {
        "nCantidad": 17.0,
        "tDescripcion": "REG-24084PAY 26629310 Onboard 17 5 4 4 4\nFS",
        "nPrecioUnitario": 1.0,
        "nPrecioTotal": 17.0
      },
      {
        "nCantidad": 23.5,
        "tDescripcion": "REG-24084PAY 26711110 23.50 2 6 4.50 3 4 4",
        "nPrecioUnitario": 1.0,
        "nPrecioTotal": 23.5
      },
      {
        "nCantidad": 1.0,
        "tDescripcion": "Grand Total",
        "nPrecioUnitario": 86.5,
        "nPrecioTotal": 86.5,
        "_currency": "USD",
        "_source_line": 25,
        "_auto_extracted": true
      },
      {
        "nCantidad": 1.0,
        "tDescripcion": "Grand Total",
        "nPrecioUnitario": 86.0,
        "nPrecioTotal": 86.0,
        "_currency": "USD",
        "_source_line": 25,
        "_auto_extracted": true
      },
      {
        "nCantidad": 1.0,
        "tDescripcion": "Grand Total 86.",
        "nPrecioUnitario": 50.0,
        "nPrecioTotal": 50.0,
        "_currency": "USD",
        "_source_line": 25,
        "_auto_extracted": true
      },
      {
        "nCantidad": 1.0,
        "tDescripcion": "Grand Total  8 8 8",
        "nPrecioUnitario": 12.0,
        "nPrecioTotal": 12.0,
        "_currency": "USD",
        "_source_line": 25,
        "_auto_extracted": true
      },
      {
        "nCantidad": 1.0,
        "tDescripcion": "Grand Total  8 8 8",
        "nPrecioUnitario": 10.5,
        "nPrecioTotal": 10.5,
        "_currency": "USD",
        "_source_line": 25,
        "_auto_extracted": true
      },
      {
        "nCantidad": 1.0,
        "tDescripcion": "Grand Total  8 8 8",
        "nPrecioUnitario": 10.0,
        "nPrecioTotal": 10.0,
        "_currency": "USD",
        "_source_line": 25,
        "_auto_extracted": true
      }
    ],
    "midioma": [
      {
        "iMIdioma": 2,
        "tIdioma": "Inglés"
      }
    ],
    "mdocumento_tipo": [
      {
        "iMDocumentoTipo": 1,
        "tTipo": "Comprobante"
      }
    ],
    "mdivisa": [
      {
        "tDivisa": "USD"
      }
    ],
    "mnaturaleza": [
      {
        "tNaturaleza": "Otro"
      }
    ],
    "mproveedor": [
      {
        "tRazonSocial": "BECHTEL\nObaid Shaikh"
      }
    ],
    "mresumen": [],
    "mcomprobante": [],
    "mjornada": [],
    "mjornada_empleado": [],
    "marchivo_tipo": [],
    "munidad_medida": []
  }
}